ACCIDENT_YEAR,COLLISION_DATE,COLLISION_TIME,MONTH,SEASON,24HOURS,DAY_OF_WEEK,INTERSECTION,WEATHER_1,STATE_HWY_IND,ROAD_SURFACE,ROAD_COND_1,LIGHTING,STWD_VEHTYPE_AT_FAULT,CHP_VEHTYPE_AT_FAULT,DIRECTION,PCF_VIOL_CATEGORY,TYPE_OF_COLLISION,PEDESTRIAN_ACCIDENT,BICYCLE_ACCIDENT,MOTORCYCLE_ACCIDENT,TRUCK_ACCIDENT,MVIW,TOW_AWAY,HIT_AND_RUN,CONTROL_DEVICE,NUMBER_INJURED,COUNT_PED_INJURED,COUNT_BICYCLIST_INJURED,COUNT_MC_INJURED,PCF_VIOLATION,PARTY_COUNT,POINT_Y,POINT_X,COLLISION_SEVERITY
2011,2011-04-07,1627,4,1,16,4,N,A,N,A,H,A,L,,E,09,H,,Y,,,G,Y,N,D,1,0,1,0,21804.0,2,,,3
2011,2011-04-09,1532,4,1,15,6,Y,A,N,A,H,A,A,,,12,D,,,,,C,N,N,A,2,0,0,0,21453.0,2,36.207495,-119.3404905,4
2011,2011-04-22,1559,4,1,15,5,Y,A,N,A,H,A,C,,,17,D,,,Y,,C,Y,N,A,1,0,0,1,21451.0,2,36.225837,-119.326392,3
2011,2011-04-23,223,4,1,2,6,Y,A,N,A,H,D,A,,,01,C,,,,,E,Y,N,D,1,0,0,0,23152.0,1,36.21821,-119.36473,3
2011,2011-04-25,1402,4,1,14,1,N,A,N,A,H,A,L,,N,05,D,,Y,,,G,N,N,D,1,0,1,0,21202.0,2,36.2206661,-119.33767319,4
2011,2011-04-05,738,4,1,7,2,N,A,N,A,H,A,D,,W,08,C,,,,,C,Y,N,D,1,0,0,0,22107.0,2,36.23333162,-119.34904486,3
2011,2011-04-19,1723,4,1,17,2,N,A,Y,A,H,A,D,,E,09,D,,,,,C,N,N,D,1,0,0,0,21804.0,2,36.20365097,-119.35900459,4
2011,2011-04-03,1130,4,1,11,7,Y,A,Y,A,H,A,A,01,,09,B,,,Y,,C,Y,N,A,1,0,0,1,21801.0,3,36.10384802,-119.0426376,3
2011,2011-04-06,810,4,1,8,3,N,A,N,A,H,A,A,01,W,08,E,,,,,I,Y,N,D,1,0,0,0,22107.0,1,35.79056935,-119.180004,4
2011,2011-05-18,550,5,1,5,3,N,B,Y,B,H,B,A,07,S,08,E,,,,,I,Y,N,D,1,0,0,0,22107.0,1,36.29335702,-119.38214919,4
2011,2011-05-18,602,5,1,6,3,N,B,Y,B,H,B,A,01,S,03,C,,,,,C,Y,N,D,3,0,0,0,22350.0,2,36.28168537,-119.37445397,3
2011,2011-05-21,2151,5,1,21,6,N,A,Y,A,H,D,-,- ,W,18,E,,,,,H,N,N,D,1,0,0,0,,1,36.51605509,-119.32328487,4
2011,2011-05-08,2048,5,1,20,7,N,A,N,A,H,D,N,60,W,11,G,Y,,,,B,N,N,D,2,2,0,0,21954.0,3,36.54480649,-119.29260939,2
2011,2011-06-01,1155,6,2,11,3,Y,A,Y,A,H,A,D,22,,04,C,,,,,C,N,N,A,1,0,0,0,21703.0,2,36.05161506,-119.02759244,4
2011,2011-04-30,1330,4,1,13,6,N,A,Y,A,H,A,C,02,S,08,F,,,Y,,A,N,N,D,1,0,0,1,22107.0,1,36.60890511,-119.06574625,4
2011,2011-04-29,2154,4,1,21,5,N,A,Y,A,D,D,A,01,N,01,E,,,,,I,Y,N,D,1,0,0,0,23152.0,1,36.49839009,-119.53499472,3
2011,2011-05-01,1130,5,1,11,7,Y,A,N,A,H,A,A,01,,09,D,,,,,C,Y,N,A,1,0,0,0,21802.0,2,36.30167,-119.1176,4
2011,2011-05-27,1422,5,1,14,5,Y,A,N,A,H,A,D,22,,12,D,,,,,C,Y,N,A,3,0,0,0,21453.0,3,36.544914,-119.3050305,4
2011,2011-06-04,1810,6,2,18,6,N,B,Y,B,H,A,D,22,N,03,F,,,,,A,Y,N,D,1,0,0,0,22350.0,1,36.32918506,-119.40963253,3
2011,2011-06-05,1200,6,2,12,7,N,B,N,A,H,A,A,01,E,03,C,,,,,C,Y,N,A,5,0,0,0,22350.0,2,36.29754357,-119.17166412,3
2011,2011-06-02,1655,6,2,16,4,N,B,N,A,H,A,A,07,W,03,C,,,,,C,Y,N,D,2,0,0,0,22350.0,3,36.21082646,-119.42134561,4
2011,2011-06-01,323,6,2,3,3,N,A,Y,A,H,D,A,01,S,01,C,,,,Y,C,Y,N,D,1,0,0,0,23152.0,2,36.42123586,-119.46781885,2
2011,2011-05-29,2255,5,1,22,7,N,A,Y,A,H,C,L,04,N,05,D,,Y,,,G,N,N,A,1,0,1,0,21650.0,2,36.06957506,-119.03943244,3
2011,2011-05-25,1430,5,1,14,3,N,A,N,A,H,A,D,22,W,03,D,,,,,C,Y,N,D,3,0,0,0,22350.0,2,35.7906564,-119.15183902,2
2011,2011-04-28,1750,4,1,17,4,N,A,Y,A,H,A,A,01,N,07,E,,,,,I,Y,F,D,1,0,0,0,21658.0,2,36.40734487,-119.45860391,3
2011,2011-05-03,931,5,1,9,2,Y,A,N,A,H,A,A,01,,12,D,,,,,C,Y,N,A,4,0,0,0,22450.0,4,36.31244,-119.22472,4
2011,2011-05-03,1630,5,1,16,2,N,A,Y,A,H,A,-,- ,W,18,F,,,Y,,A,Y,N,D,1,0,0,1,,1,36.38971224,-118.95847457,3
2011,2011-05-09,1950,5,1,19,1,N,A,Y,A,H,B,A,01,S,08,E,,,,,H,N,N,D,1,0,0,0,22107.0,2,36.06244021,-119.31289664,4
2011,2011-05-08,2020,5,1,20,7,N,A,Y,A,H,D,-,99,S,08,C,,Y,,,G,N,F,D,1,0,1,0,22107.0,2,36.3533,-119.21614356,3
2011,2011-05-31,832,5,1,8,2,Y,A,N,A,H,A,A,01,,12,D,,,,Y,C,Y,N,A,1,0,0,0,22450.0,2,36.12336,-119.39376,1
2011,2011-06-05,2035,6,2,20,7,N,B,Y,B,H,D,N,60,N,11,G,Y,,,,B,N,N,D,0,0,0,0,21954.0,2,36.38383397,-119.29683262,1
2011,2011-05-26,2204,5,1,22,4,Y,A,N,A,H,C,A,01,,12,D,,,,,C,Y,N,A,0,0,0,0,21453.0,2,36.32741,-119.28328,1
2011,2011-04-01,2148,4,1,21,5,Y,A,N,A,H,D,D,22,,01,E,,,,,I,Y,N,A,0,0,0,0,23152.0,1,36.06568,-119.35771,1
2011,2011-06-21,10,6,2,0,2,N,A,Y,A,H,D,A,01,E,08,F,,,,,A,Y,N,A,0,0,0,0,22107.0,1,36.48475851,-119.1551047,1
2011,2011-06-20,2200,6,2,22,1,Y,A,Y,A,H,C,N,60,,17,G,Y,,,,B,Y,F,A,2,0,0,0,21461.0,4,36.051493,-119.02768364,1
2011,2011-06-06,711,6,2,7,1,N,B,N,A,H,A,A,01,N,12,H,,,,,F,Y,N,A,1,0,0,0,22451.0,1,36.41711094,-119.4653251,1
2011,2011-07-07,1540,7,2,15,4,N,A,Y,A,H,A,E,22,S,17,F,,,,Y,A,Y,N,D,3,0,0,0,21711.0,2,35.81314302,-119.25767336,1
2011,2011-06-10,1507,6,2,15,5,Y,A,N,A,H,A,A,,,09,D,,,,Y,C,Y,N,A,1,0,0,0,21802.0,2,,,1
2011,2011-05-26,1530,5,1,15,4,Y,A,N,A,H,A,D,22,,12,D,,,,,C,Y,N,A,1,0,0,0,22450.0,2,35.891784,-119.1078495,1
2011,2011-07-06,1948,7,2,19,3,Y,A,N,A,H,A,C,,,09,D,,,Y,,C,N,N,D,0,0,0,0,21800.0,2,36.202635,-119.3769225,1
2011,2011-05-08,2025,5,1,20,7,N,B,Y,A,H,D,A,01,S,01,C,,,,,C,Y,N,D,2,0,0,0,23152.0,4,36.54140983,-119.28686604,1
2011,2011-06-07,1248,6,2,12,2,N,B,N,A,H,A,G,25,E,08,F,,,,Y,A,Y,N,D,1,0,0,0,22107.0,1,35.90251213,-118.651236,3
2011,2011-06-05,1910,6,2,19,7,N,A,N,A,H,B,D,22,W,08,E,,,,,I,Y,N,D,4,0,0,0,22107.0,1,36.1235033,-119.08258601,2
2011,2011-05-24,210,5,1,2,2,N,A,N,A,H,D,A,08,N,01,E,,,,,I,N,N,D,1,0,0,0,23152.0,1,36.11501002,-119.10752004,4
2011,2011-05-16,545,5,1,5,1,Y,B,N,A,H,B,A,08,,09,D,,,,,C,Y,N,A,3,0,0,0,21802.0,2,35.87747,-119.21478,3
2011,2011-06-06,945,6,2,9,1,Y,A,N,A,H,A,A,01,,09,D,,,,,C,Y,N,A,1,0,0,0,21801.0,3,36.327204,-119.224764,4
2011,2011-06-11,1225,6,2,12,6,N,A,Y,A,H,A,D,22,E,07,F,,,,,I,Y,N,D,1,0,0,0,21658.0,1,36.32720506,-119.39846438,4
2011,2011-06-16,1545,6,2,15,4,Y,A,N,A,H,A,D,22,,09,D,,,,,C,Y,N,A,2,0,0,0,21802.0,2,36.23301,-119.46589,3
2011,2011-06-17,1635,6,2,16,5,N,A,Y,A,H,A,A,01,W,03,C,,,,,C,Y,N,A,1,0,0,0,22350.0,2,36.21087507,-119.13802081,4
2011,2011-06-19,444,6,2,4,7,N,A,N,A,H,D,D,22,N,08,E,,,,,I,Y,N,D,1,0,0,0,22107.0,1,36.28486684,-119.42130268,4
2011,2011-06-20,2130,6,2,21,1,N,A,N,A,H,D,E,22,E,08,E,,,,,I,Y,N,D,1,0,0,0,22107.0,1,35.87197134,-118.80204141,4
2011,2011-05-28,2015,5,1,20,6,N,A,N,A,H,A,N,60,N,11,G,Y,,,,B,N,N,D,1,1,0,0,21954.0,2,36.54714095,-119.2936818,3
2011,2011-05-25,630,5,1,6,3,N,A,N,A,H,A,A,01,E,08,E,,,,,I,Y,N,D,1,0,0,0,22107.0,1,36.09464932,-119.24699914,3
2011,2011-05-28,200,5,1,2,6,N,A,N,A,H,D,A,01,N,08,E,,,,,I,Y,N,D,5,0,0,0,22107.0,1,36.3738627,-119.25193204,3
2011,2011-05-27,2500,5,1,25,5,Y,A,N,A,H,D,A,01,,01,E,,,,,I,Y,N,A,1,0,0,0,23152.0,1,36.25438,-119.22475,2
2011,2011-05-30,410,5,1,4,1,N,A,N,A,H,A,A,01,N,01,E,,,,,I,Y,N,D,1,0,0,0,23152.0,1,36.41375968,-119.39467907,2
2011,2011-05-29,1655,5,1,16,7,N,A,Y,A,H,A,A,07,S,03,C,,,,,C,Y,N,D,1,0,0,0,22350.0,2,36.40000081,-119.4537927,4
2011,2011-05-26,1505,5,1,15,4,N,A,N,A,H,A,C,02,N,08,E,,,Y,,I,Y,N,A,1,0,0,1,22107.0,1,36.34255449,-119.42139119,2
2011,2011-05-26,1205,5,1,12,4,N,A,Y,A,H,A,A,07,N,07,C,,,,,C,Y,N,D,1,0,0,0,21658.0,2,36.27312293,-119.36877236,3
2011,2011-05-24,1204,5,1,12,2,N,A,N,A,H,A,A,01,S,01,E,,,,,I,Y,N,D,1,0,0,0,23152.0,1,36.17221299,-119.35769856,3
2011,2011-05-22,22,5,1,0,7,N,A,N,A,H,D,A,01,N,01,E,,,,,I,Y,N,D,1,0,0,0,23152.0,1,36.37103995,-119.27882138,4
2011,2011-05-18,1645,5,1,16,3,N,A,Y,A,H,A,A,01,N,05,D,,,,,C,Y,N,D,2,0,0,0,21752.0,2,35.81951187,-119.3652985,4
2011,2011-05-21,2209,5,1,22,6,N,A,N,A,H,D,A,01,E,08,E,,,,,I,Y,N,D,5,0,0,0,22107.0,1,,,3
2011,2011-05-14,1702,5,1,17,6,N,A,N,A,H,A,A,01,W,08,D,,,,,C,Y,N,D,1,0,0,0,22107.0,2,36.26910759,-119.35822697,3
2011,2011-06-21,1225,6,2,12,2,Y,A,N,A,H,A,A,08,,09,D,,,,,C,Y,N,A,1,0,0,0,21802.0,2,36.06949,-119.05297,4
2011,2011-06-14,1324,6,2,13,2,Y,A,Y,A,H,A,A,07,,09,D,,,,Y,C,Y,N,D,1,0,0,0,21802.0,2,36.26849506,-119.36572252,3
2011,2011-06-14,1720,6,2,17,2,N,A,Y,A,H,A,D,22,N,05,A,,,,,C,Y,N,D,2,0,0,0,21650.0,2,36.44144306,-119.29567331,3
2011,2011-06-15,2218,6,2,22,3,N,A,Y,A,D,D,G,25,N,03,C,,,,Y,C,Y,N,D,2,0,0,0,22350.0,3,35.84788833,-119.26560411,2
2011,2011-06-18,440,6,2,4,6,Y,A,Y,A,H,E,A,01,,09,D,,,,,C,Y,N,D,1,0,0,0,21801.0,2,36.51570509,-119.28674253,4
2011,2011-06-20,2300,6,2,23,1,N,A,Y,A,H,C,-,- ,N,00,H,,Y,,,G,N,N,D,1,0,1,0,,2,36.35551895,-119.29702783,3
2011,2011-06-20,1706,6,2,17,1,N,A,Y,A,H,A,-,- ,E,18,C,,,,,C,N,M,D,1,0,0,0,,3,36.32658507,-119.27197251,4
2011,2011-06-20,2350,6,2,23,1,N,A,Y,A,H,D,G,25,N,08,E,,,,Y,I,Y,N,D,1,0,0,0,22107.0,1,36.15083505,-119.3308425,4
2011,2011-06-21,720,6,2,7,2,N,A,Y,A,H,A,E,22,N,03,C,,,,,C,Y,N,D,1,0,0,0,22350.0,3,36.27412664,-119.36977156,4
2011,2011-06-24,329,6,2,3,5,N,A,Y,A,H,C,D,22,S,08,E,,,,,I,Y,N,D,1,0,0,0,22107.0,1,36.45094213,-119.48951653,3
2011,2011-06-24,1705,6,2,17,5,N,A,Y,A,H,A,A,01,W,03,C,,,,,C,Y,N,D,2,0,0,0,22350.0,4,36.32724431,-119.43933983,4
2011,2011-06-19,1535,6,2,15,7,N,A,Y,A,H,A,E,22,N,17,F,,,,,I,Y,N,D,3,0,0,0,21711.0,1,36.50195704,-119.54126167,2
2011,2011-06-16,2230,6,2,22,4,N,A,N,A,H,D,D,22,E,08,E,,,,,I,Y,M,D,1,0,0,0,22107.0,1,36.0224474,-118.83659989,3
2011,2011-06-15,2005,6,2,20,3,Y,A,N,A,H,A,D,22,,09,D,,,,,C,Y,M,A,2,0,0,0,21802.0,2,36.14548,-119.05386,4
2011,2011-06-18,235,6,2,2,6,N,A,N,A,-,D,D,22,N,01,F,,,,,A,Y,N,D,3,0,0,0,23152.0,1,36.12518999,-119.05038116,3
2011,2011-06-24,935,6,2,9,5,N,A,N,A,H,A,A,07,N,09,D,,,,,C,Y,N,D,2,0,0,0,21801.0,2,36.05213573,-119.14311717,4
2011,2011-05-30,1415,5,1,14,1,Y,A,N,A,H,A,A,01,,09,D,,,Y,,C,Y,N,A,1,0,0,1,21802.0,2,36.21084,-119.49295,2
2011,2011-05-27,54,5,1,0,5,N,A,Y,A,H,D,-,- ,W,01,F,,,,,I,Y,N,D,1,0,0,0,23152.0,1,36.05105016,-118.99789333,4
2011,2011-05-31,1828,5,1,18,2,N,A,N,A,H,A,L,,S,- ,D,,Y,,,G,N,N,A,1,0,1,0,,2,36.06510213,-119.01850244,3
2011,2011-05-29,1925,5,1,19,7,Y,A,N,A,H,A,-,- ,,09,D,,,,,C,N,N,D,2,0,0,0,21802.0,2,36.0586,-119.0166,4
2011,2011-05-30,2046,5,1,20,1,N,A,Y,A,H,D,A,,E,08,F,,,,,I,Y,N,A,3,0,0,0,22107.0,1,36.05121677,-118.99238693,2
2011,2011-05-21,1145,5,1,11,6,N,A,N,A,H,A,C,02,S,08,E,,,Y,,I,N,N,B,1,0,0,1,22107.0,1,35.8117651,-118.84385884,4
2011,2011-05-23,1200,5,1,12,1,N,A,N,A,H,A,C,02,N,03,C,,,Y,,C,Y,N,D,2,0,0,2,22350.0,2,35.97697154,-118.60009611,3
2011,2011-05-29,910,5,1,9,7,Y,B,N,A,H,A,A,07,,09,D,,,,,C,N,N,A,1,0,0,0,21802.0,2,36.16003,-119.06952,4
2011,2011-05-30,2120,5,1,21,1,Y,A,N,A,H,C,A,07,,12,D,,,,,C,Y,N,A,2,0,0,0,22450.0,2,36.18175,-119.08189,3
2011,2011-05-22,1442,5,1,14,7,N,A,N,A,H,A,A,01,W,05,B,,,,,C,Y,N,D,1,0,0,0,21460.0,2,36.02672739,-118.92222762,3
2011,2011-05-21,355,5,1,3,6,N,A,N,A,H,D,A,01,E,01,E,,,,,I,Y,N,D,1,0,0,0,23152.0,1,36.02682,-118.7907,3
2011,2011-06-05,250,6,2,2,7,Y,C,N,B,H,C,-,- ,,01,D,,,,,C,Y,N,A,4,0,0,0,23153.0,2,36.08035,-119.05288,2
2011,2011-06-02,1905,6,2,19,4,N,A,Y,A,H,A,C,02,S,01,F,,,Y,,A,Y,N,D,1,0,0,1,23152.0,1,36.26015506,-119.36018252,3
2011,2011-06-01,1025,6,2,10,3,N,B,Y,A,G,A,A,01,S,08,E,,,,,I,Y,N,D,1,0,0,0,22107.0,1,35.99598339,-119.29975402,3
2011,2011-05-09,2005,5,1,20,1,Y,A,N,A,H,D,A,01,,12,D,,,,,C,Y,N,D,3,0,0,0,22450.0,3,36.06578,-119.10097,3
2011,2011-05-17,810,5,1,8,2,N,B,Y,A,H,A,A,01,E,03,C,,,,,C,N,N,D,1,0,0,0,22350.0,2,36.05099506,-119.01611537,4
2011,2011-05-06,2035,5,1,20,5,Y,A,N,A,H,C,A,01,,01,D,,,,,C,Y,N,A,3,0,0,0,23152.0,2,36.03684,-119.00851,3
2011,2011-05-05,1550,5,1,15,4,N,A,N,A,H,A,A,01,E,03,C,,,,,C,N,M,D,1,0,0,0,22350.0,2,36.02251738,-119.13679725,4
2011,2011-05-04,2020,5,1,20,3,N,A,Y,A,H,C,-,- ,N,18,H,,,,,H,Y,N,D,1,0,0,0,,1,36.16764658,-119.08317582,4
2011,2011-06-24,1135,6,2,11,5,Y,A,N,A,H,A,A,01,,09,D,,,,Y,C,Y,N,A,1,0,0,0,21802.0,2,36.45856,-119.39455,2
2011,2011-06-25,2114,6,2,21,6,N,B,N,A,H,D,D,22,E,03,C,,,,,C,Y,N,D,1,0,0,0,22350.0,2,36.54610443,-119.42049444,4
2011,2011-06-24,1420,6,2,14,5,N,A,N,A,H,A,F,24,N,09,D,,,,Y,C,Y,N,D,1,0,0,0,21801.0,2,36.3056596,-119.15359631,3
2011,2011-06-22,2350,6,2,23,3,N,A,Y,A,H,D,N,60,E,11,G,Y,,,Y,B,N,N,D,1,1,0,0,21954.0,2,36.3907,-119.18721749,2
2011,2011-06-30,800,6,2,8,4,Y,A,N,A,H,A,D,22,,10,G,Y,,,,B,N,F,A,1,1,0,0,21950.0,2,36.08035,-119.05288,3
2011,2011-06-30,1230,6,2,12,4,Y,A,N,A,H,A,D,22,,03,C,,,,,C,N,F,A,1,0,0,0,22350.0,2,36.06513,-119.01578,4
2011,2011-05-30,1740,5,1,17,1,Y,A,N,A,H,A,A,01,,12,D,,,,,C,Y,F,D,1,0,0,0,22450.0,2,36.21051,-119.1034395,4
2011,2011-06-26,127,6,2,1,7,N,A,N,A,H,C,D,22,W,01,E,,,,,I,Y,N,A,1,0,0,0,23152.0,1,36.54477959,-119.29077303,2
2011,2011-07-02,1050,7,2,10,6,N,A,Y,A,H,A,D,22,E,17,F,,,Y,,A,Y,N,D,1,0,0,1,23114.0,2,36.32673436,-119.26896535,2
2011,2011-04-23,1856,4,1,18,6,N,A,N,A,H,B,A,01,N,08,A,,,,,C,Y,F,D,2,0,0,0,22107.0,2,,,4
2011,2011-05-11,817,5,1,8,3,Y,A,N,A,H,A,-,- ,,03,C,,,,,C,Y,N,A,1,0,0,0,22350.0,2,36.05973,-119.00778,4
2011,2011-05-11,1535,5,1,15,3,N,A,Y,A,H,A,-,- ,S,03,C,,,,,C,N,N,A,1,0,0,0,22350.0,2,36.03500715,-119.03953038,4
2011,2011-05-19,1540,5,1,15,4,Y,A,N,A,H,A,A,01,,12,D,,,,,C,Y,N,A,2,0,0,0,22450.0,2,36.06951,-119.02261,4
2011,2011-05-21,2301,5,1,23,6,Y,A,N,A,H,C,-,- ,,01,E,,,,,I,Y,N,A,1,0,0,0,23152.0,1,36.07208,-119.00845,4
2011,2011-07-05,1715,7,2,17,2,N,A,Y,A,H,A,A,01,N,03,C,,,,,C,Y,N,D,2,0,0,0,22350.0,2,36.26990577,-119.3668339,4
2011,2011-06-28,700,6,2,7,2,N,A,N,A,H,A,A,07,S,03,C,,,,,C,Y,N,A,1,0,0,0,22350.0,2,,,4
2011,2011-07-06,825,7,2,8,3,Y,A,N,A,H,A,A,08,,09,D,,,,,C,Y,N,A,2,0,0,0,21802.0,2,35.877429,-119.26818,4
2011,2011-07-05,1310,7,2,13,2,N,A,N,A,H,A,A,01,W,03,C,,,,,C,N,N,D,1,0,0,0,22350.0,2,36.35123412,-119.42174734,4
2011,2011-07-05,1155,7,2,11,2,N,A,Y,A,H,A,A,01,S,08,B,,,,,C,Y,N,D,1,0,0,0,22107.0,2,35.86780877,-119.2701984,3
2011,2011-06-12,1842,6,2,18,7,Y,A,N,A,H,A,A,07,,01,F,,,,,A,Y,N,D,2,0,0,0,23152.0,1,36.5106,-119.52109,3
2011,2011-06-07,655,6,2,6,2,N,A,N,A,H,A,A,01,W,08,E,,,,,I,N,N,D,1,0,0,0,22107.0,1,36.49609211,-119.51254235,3
2011,2011-06-19,1204,6,2,12,7,N,A,Y,A,H,A,A,07,S,08,F,,,,,A,Y,N,D,1,0,0,0,22107.0,1,35.83175924,-119.25990037,4
2011,2011-06-14,1350,6,2,13,2,N,A,Y,A,H,A,A,01,S,08,F,,,,,A,Y,N,D,1,0,0,0,22107.0,1,36.50195704,-119.54126167,4
2011,2011-06-03,1420,6,2,14,5,N,B,N,A,H,A,A,07,W,08,B,,,,,C,Y,N,D,8,0,0,0,22107.0,3,,,3
2011,2011-06-11,212,6,2,2,6,Y,A,N,A,H,C,A,07,,08,E,,,,,I,Y,M,D,1,0,0,0,22107.0,1,36.06572,-119.053,3
2011,2011-06-15,1930,6,2,19,3,N,A,N,A,H,A,A,01,S,08,E,,,,,I,Y,N,D,1,0,0,0,22107.0,1,35.93436268,-119.01808467,4
2011,2011-06-21,807,6,2,8,2,Y,A,N,A,H,A,A,,,10,G,Y,,,,B,N,N,D,1,1,0,0,21950.0,2,36.41915,-119.10014,4
2011,2011-07-16,1639,7,2,16,6,N,A,N,A,H,A,C,06,N,09,D,,,Y,,C,N,N,D,1,0,0,1,21804.0,2,36.20600382,-119.26020205,4
2011,2011-07-16,2142,7,2,21,6,N,A,N,A,H,C,A,01,S,08,B,,,,,C,Y,N,D,1,0,0,0,22107.0,2,36.29806671,-119.38269585,4
2011,2011-07-18,1720,7,2,17,1,Y,A,N,A,H,A,D,22,,09,D,,,,,C,Y,N,A,1,0,0,0,21802.0,2,36.24044,-119.49274,4
2011,2011-07-24,1444,7,2,14,7,N,A,N,A,H,A,L,,W,12,H,,Y,,,G,N,N,A,1,0,1,0,21453.0,2,36.29815462,-119.28724051,3
2011,2011-07-23,1748,7,2,17,6,N,A,N,A,H,A,D,,W,03,C,,,,,C,Y,N,A,1,0,0,0,22350.0,2,36.29834362,-119.33172523,4
2011,2011-07-08,1231,7,2,12,5,N,A,N,A,H,A,D,22,E,17,H,,,,,J,Y,N,D,1,0,0,0,23114.0,2,36.29823028,-119.27401811,3
2011,2011-07-22,2315,7,2,23,5,Y,A,N,A,H,C,D,,,01,D,,,,,C,Y,N,D,1,0,0,0,23152.0,2,36.293742,-119.2961925,4
2011,2011-07-04,1507,7,2,15,1,N,A,N,A,H,A,-,- ,S,18,E,Y,,,,I,Y,N,D,1,1,0,0,,2,36.31973168,-119.28308251,4
2011,2011-07-06,1038,7,2,10,3,N,A,N,A,H,A,A,01,N,05,C,,,,Y,E,Y,N,D,1,0,0,0,21650.0,2,36.29223416,-119.30533111,3
2011,2011-06-27,1713,6,2,17,1,N,A,N,A,H,A,A,01,E,08,E,,,,,I,N,N,D,1,0,0,0,22107.0,1,36.47320577,-119.43137333,4
2011,2011-06-18,240,6,2,2,6,N,A,N,A,B,D,J,48,W,22,C,,,Y,,C,Y,N,A,1,0,0,1,,2,36.47310682,-119.39432055,3
2011,2011-06-29,2340,6,2,23,3,N,B,N,A,H,D,A,07,S,08,E,,,,,I,Y,N,D,1,0,0,0,22107.0,1,36.42758304,-119.32288515,3
2011,2011-06-29,452,6,2,4,3,N,B,Y,B,H,D,A,07,S,03,E,,,,,I,Y,N,D,1,0,0,0,22350.0,1,36.26015506,-119.36018252,3
2011,2011-07-05,2,7,2,0,2,N,A,N,A,H,D,N,60,S,11,G,Y,,,,B,N,F,D,1,1,0,0,21954.0,2,36.08750647,-119.04166245,3
2011,2011-07-01,1111,7,2,11,5,N,A,N,A,H,A,-,- ,E,18,C,,Y,,,G,N,N,A,1,0,1,0,,2,36.07307506,-119.06867888,3
2011,2011-07-01,2103,7,2,21,5,Y,A,N,A,H,C,-,- ,,03,-,,,,,A,N,N,D,1,0,0,0,22350.0,1,36.06815,-119.06783,4
2011,2011-07-01,811,7,2,8,5,N,A,Y,A,H,A,-,- ,W,03,C,,,,,C,N,N,A,1,0,0,0,22350.0,2,36.05149477,-119.02786201,4
2011,2011-07-01,1730,7,2,17,5,N,A,N,A,H,A,-,- ,N,12,D,,Y,,,G,N,N,A,1,0,1,0,21453.0,2,36.07306798,-119.01512208,3
2011,2011-07-01,1157,7,2,11,5,Y,A,N,A,H,A,-,- ,,18,H,,,,,A,N,N,A,1,0,0,0,,1,36.06119,-119.01654,3
2011,2011-07-05,1810,7,2,18,2,Y,A,N,A,H,A,A,01,,09,D,,,,,C,Y,N,A,2,0,0,0,21802.0,2,36.07308,-119.06569,4
2011,2011-07-04,1655,7,2,16,1,N,A,N,A,H,A,A,01,W,08,C,,,,,E,Y,N,D,1,0,0,0,22107.0,2,36.06132677,-119.02431435,4
2011,2011-07-03,2116,7,2,21,7,Y,A,N,A,H,C,A,01,,09,D,,,,,C,Y,F,A,4,0,0,0,21802.0,2,36.203202,-119.0974995,4
2011,2011-06-28,1512,6,2,15,2,N,-,N,A,H,A,-,- ,N,08,E,,,,,I,Y,N,D,1,0,0,0,22107.0,1,36.05454208,-119.00810152,3
2011,2011-06-28,1508,6,2,15,2,N,A,N,A,H,A,A,01,E,03,C,,,,,D,N,N,A,3,0,0,0,22350.0,2,36.06603506,-119.03816148,3
2011,2011-06-22,859,6,2,8,3,N,A,N,A,H,A,-,- ,E,03,C,,,,,C,N,N,A,2,0,0,0,22350.0,2,36.06513402,-119.01843149,4
2011,2011-06-25,1906,6,2,19,6,Y,A,N,A,H,A,-,- ,,12,D,,,,,C,Y,N,A,1,0,0,0,21453.0,2,36.053505,-119.026233,4
2011,2011-06-25,1930,6,2,19,6,N,A,N,A,H,A,-,- ,W,22,F,,,,,A,N,N,A,1,0,0,0,,1,36.08827521,-119.03707193,3
2011,2011-06-21,1410,6,2,14,2,N,A,Y,A,H,A,-,- ,W,03,C,,,,,C,N,N,A,1,0,0,0,22350.0,3,36.05149477,-119.02786201,4
2011,2011-07-07,1055,7,2,10,4,N,A,N,A,H,A,A,01,E,03,C,,,,,C,Y,N,D,1,0,0,0,22350.0,2,36.32718326,-119.23130482,4
2011,2011-07-05,1655,7,2,16,2,N,A,Y,A,H,A,A,01,N,08,E,,,,,I,N,N,D,1,0,0,0,22107.0,1,36.26940185,-119.36646192,4
2011,2011-07-04,354,7,2,3,1,N,A,Y,A,H,C,A,01,W,01,F,,,,,A,Y,N,D,1,0,0,0,23152.0,1,36.3272994,-119.31767864,3
2011,2011-06-16,518,6,2,5,4,Y,A,N,A,H,A,A,01,,05,D,,,,,C,Y,F,A,2,0,0,0,21460.0,2,36.12375,-119.10752,3
2011,2011-06-05,1015,6,2,10,7,Y,A,N,A,H,A,-,- ,,10,G,Y,,,,B,N,N,A,1,1,0,0,21950.0,2,36.08035,-119.05288,4
2011,2011-06-05,1103,6,2,11,7,Y,A,N,A,H,A,-,- ,,00,D,,,,,C,Y,N,A,3,0,0,0,,2,36.07327,-119.03509,3
2011,2011-06-11,809,6,2,8,6,N,A,N,A,H,A,A,01,S,- ,E,,,,,I,Y,N,D,1,0,0,0,,1,36.42136119,-119.27804062,3
2011,2011-06-11,1620,6,2,16,6,N,A,N,A,H,A,A,01,E,08,E,,,,,I,Y,N,D,1,0,0,0,22107.0,1,36.38537507,-119.3858222,3
2011,2011-06-15,1915,6,2,19,3,Y,A,N,A,H,A,A,01,,09,B,,,,,C,N,N,D,1,0,0,0,21801.0,2,36.5229,-119.28098,4
2011,2011-06-13,1540,6,2,15,1,N,A,N,A,H,A,A,01,N,03,C,,,,,C,N,N,D,1,0,0,0,22350.0,2,36.24113971,-119.2961525,4