ACCIDENT_YEAR,COLLISION_DATE,COLLISION_TIME,MONTH,SEASON,24HOURS,DAY_OF_WEEK,INTERSECTION,WEATHER_1,STATE_HWY_IND,ROAD_SURFACE,ROAD_COND_1,LIGHTING,STWD_VEHTYPE_AT_FAULT,CHP_VEHTYPE_AT_FAULT,DIRECTION,PCF_VIOL_CATEGORY,TYPE_OF_COLLISION,PEDESTRIAN_ACCIDENT,BICYCLE_ACCIDENT,MOTORCYCLE_ACCIDENT,TRUCK_ACCIDENT,MVIW,TOW_AWAY,HIT_AND_RUN,CONTROL_DEVICE,NUMBER_INJURED,COUNT_PED_INJURED,COUNT_BICYCLIST_INJURED,COUNT_MC_INJURED,PCF_VIOLATION,PARTY_COUNT,POINT_Y,POINT_X,COLLISION_SEVERITY
2011,2011-10-01,1346,10,3,13,6,N,A,Y,A,H,A,-,,N,03,C,,,,,C,Y,M,D,2,0,0,0,22350.0,3,36.32328312,-119.31394413,3
2011,2011-10-27,1616,10,3,16,4,Y,A,N,A,H,A,-,,,09,D,,,,,C,Y,N,A,3,0,0,0,21802.0,2,36.31266,-119.2516425,4
2011,2011-10-28,1539,10,3,15,5,N,A,Y,A,H,A,-,,S,03,C,,,,,C,N,N,D,2,0,0,0,22350.0,2,36.3356,-119.2607567,4
2012,2012-01-26,1814,1,4,18,4,N,A,Y,A,H,C,-,- ,E,12,D,,,,,C,Y,N,A,3,0,0,0,21453.0,3,36.32592712,-119.3139803,3
2011,2011-10-30,937,10,3,9,7,Y,A,Y,A,H,A,-,,,05,D,,Y,,,G,N,N,D,1,0,1,0,21650.0,2,36.32592712,-119.3139803,4
2011,2011-10-05,1208,10,3,12,3,N,A,N,A,H,A,A,01,N,03,C,,,,,C,N,N,D,1,0,0,0,22350.0,2,36.33321846,-119.30880725,4
2012,2012-01-25,1408,1,4,14,3,N,A,N,A,H,A,-,,W,11,G,Y,,,,B,N,N,D,1,1,0,0,21954.0,2,36.2983638,-119.32472086,3
2011,2011-10-06,914,10,3,9,4,Y,A,N,A,H,A,-,,,12,D,,,,,C,N,N,A,1,0,0,0,22450.0,2,36.329256,-119.2878495,4
2011,2011-10-08,1038,10,3,10,6,N,A,N,A,H,A,-,,S,07,B,,,,,C,N,N,D,1,0,0,0,21658.0,2,,,4
2012,2012-01-23,1741,1,4,17,1,Y,C,N,B,H,C,-,,,12,D,,,,,C,Y,N,A,1,0,0,0,21453.0,2,36.32444505,-119.34980251,4
2011,2011-10-08,2104,10,3,21,6,N,A,N,A,H,C,-,,E,11,G,Y,,,,B,N,N,A,1,1,0,0,21954.0,2,36.29839385,-119.3129468,4
2012,2012-01-15,1225,1,4,12,7,N,B,Y,A,H,A,A,,W,07,B,,,,,C,Y,N,D,1,0,0,0,21658.0,2,36.32734406,-119.29520716,3
2011,2011-10-11,1104,10,3,11,2,N,A,N,A,H,A,-,,N,03,C,,,,,C,N,N,D,2,0,0,0,22350.0,2,36.33111,-119.2787235,4
2011,2011-10-13,736,10,3,7,4,N,A,N,A,H,A,-,- ,S,- ,G,Y,,,,B,N,N,A,3,3,0,0,,4,36.31994458,-119.33173388,3
2012,2012-01-22,1119,1,4,11,7,N,B,N,A,H,A,D,22,N,09,C,,,Y,,C,N,N,D,1,0,0,0,21804.0,2,36.29563401,-119.34935689,4
2011,2011-10-14,1121,10,3,11,5,N,A,N,A,H,A,-,- ,N,18,C,,,,,C,Y,N,D,1,0,0,0,,2,36.32675108,-119.3495965,4
2012,2012-01-10,1445,1,4,14,2,N,A,Y,A,H,A,A,07,N,03,C,,,,,C,Y,N,A,1,0,0,0,22350.0,3,36.32775964,-119.26077079,4
2011,2011-10-15,1153,10,3,11,6,N,A,Y,A,H,A,-,,S,03,C,,,,,C,N,N,A,2,0,0,0,22350.0,2,36.3415156,-119.29658438,4
2011,2011-10-15,1233,10,3,12,6,Y,A,N,A,H,A,-,,,12,D,,,,,C,Y,N,A,1,0,0,0,21453.0,2,36.34194883,-119.39458966,3
2011,2011-10-15,1340,10,3,13,6,N,A,Y,A,H,A,-,,N,03,C,,,,,C,Y,N,D,2,0,0,0,22350.0,2,36.32347196,-119.3139465,4
2012,2012-01-21,258,1,4,2,6,N,B,Y,B,H,C,A,,N,- ,C,,,,,E,Y,N,D,1,0,0,0,,2,36.33323772,-119.29239665,4
2011,2011-10-21,1638,10,3,16,5,Y,A,N,A,H,A,-,,,09,D,,,,,C,Y,N,D,2,0,0,0,21800.0,2,36.30618,-119.26953,3
2012,2012-01-19,802,1,4,8,4,N,B,N,A,H,A,-,,E,03,D,,,,,C,Y,N,D,2,0,0,0,22350.0,2,36.32735503,-119.27753159,4
2012,2012-01-05,1409,1,4,14,4,N,A,N,A,H,A,A,01,E,08,D,,,,,C,Y,N,D,2,0,0,0,22107.0,2,36.32717678,-119.24455047,4
2011,2011-10-21,1902,10,3,19,5,N,A,N,A,H,C,-,,N,14,G,,Y,,,B,N,N,A,1,0,1,0,21201.0,2,36.33825212,-119.27882642,2
2012,2012-01-18,2031,1,4,20,3,Y,A,Y,A,H,C,A,07,,12,D,,,,,C,Y,N,A,6,0,0,0,21453.0,2,36.32744599,-119.31003194,4
2011,2011-10-02,31,10,3,0,7,N,A,N,A,H,C,-,,E,03,C,,,,,C,Y,N,A,2,0,0,0,22350.0,2,36.34201653,-119.36761111,4
2011,2011-11-01,1152,11,3,11,2,Y,A,N,A,H,A,A,,,12,D,,,,,C,Y,N,A,2,0,0,0,21453.0,2,36.31277511,-119.34947848,3
2011,2011-11-03,1543,11,3,15,4,Y,A,N,A,H,A,A,01,,03,C,,,,,C,Y,N,D,1,0,0,0,22350.0,2,36.340164,-119.314269,4
2012,2012-05-28,1640,5,1,16,1,N,A,Y,A,H,A,A,01,S,03,E,,,,,I,N,N,D,1,0,0,0,22350.0,1,36.20837642,-119.3286744,4
2012,2012-05-26,1555,5,1,15,6,N,A,Y,A,H,A,A,01,N,08,E,,,,,I,Y,N,D,2,0,0,0,22107.0,1,35.80415829,-119.25583864,2
2012,2012-03-31,2033,3,1,20,6,N,C,Y,B,H,C,A,01,E,04,C,,,,,C,N,N,A,2,0,0,0,21703.0,2,36.326471,-119.30282301,4
2012,2012-05-30,1205,5,1,12,3,Y,A,N,A,H,A,A,01,,12,D,,,,,C,Y,N,A,1,0,0,0,21453.0,2,36.0696051,-119.03506251,4
2012,2012-05-21,2039,5,1,20,1,Y,A,N,A,H,C,-,- ,,08,D,,Y,,,G,N,F,A,1,0,1,0,22107.0,2,36.06513504,-119.0152726,3
2012,2012-07-10,930,7,2,9,2,Y,A,Y,A,H,A,A,07,,10,G,Y,,,,B,N,N,D,0,0,0,0,21950.0,2,36.54586509,-119.28694253,1
2012,2012-07-29,806,7,2,8,7,N,A,Y,A,H,A,A,01,S,01,E,,,,,J,Y,N,D,0,0,0,0,23152.0,1,35.88727026,-119.27288425,1
2012,2012-08-05,755,8,2,7,7,N,A,Y,A,H,A,A,01,S,05,A,,,,,C,Y,N,D,1,0,0,0,21650.0,2,36.47730625,-119.29191641,1
2012,2012-07-07,1455,7,2,14,6,N,A,N,A,H,A,A,07,S,08,E,,,,,I,Y,N,D,0,0,0,0,22107.0,1,35.79281609,-118.72891009,1
2012,2012-08-03,2150,8,2,21,5,N,A,N,A,H,D,D,22,N,08,E,,,,,I,Y,N,D,4,0,0,0,22107.0,1,35.93630216,-119.30376208,1
2012,2012-08-02,324,8,2,3,4,N,A,Y,A,H,D,A,01,W,01,E,,,,,I,Y,N,D,1,0,0,0,23152.0,1,36.32660507,-119.27878251,1
2012,2012-08-13,1125,8,2,11,1,N,A,N,A,H,A,C,02,W,08,F,,,Y,,A,N,N,D,1,0,0,1,22107.0,1,35.96380656,-118.57177734,1
2012,2012-08-17,1210,8,2,12,5,Y,A,N,A,H,A,A,01,,12,D,,,,,C,Y,N,A,3,0,0,0,22450.0,3,36.573687,-119.305179,1
2012,2012-08-31,2349,8,2,23,5,N,A,N,A,H,D,A,01,N,01,E,,,,,I,Y,N,D,3,0,0,0,23152.0,1,36.46602093,-119.2595085,1
2012,2012-08-16,644,8,2,6,4,N,A,N,A,H,A,D,22,W,10,G,Y,,,,B,Y,N,A,0,0,0,0,21950.0,2,36.2080336,-119.34620257,1
2012,2012-10-01,700,10,3,7,1,N,A,N,A,H,B,A,01,S,01,F,,,,,A,Y,N,D,1,0,0,0,23152.0,1,35.9840826,-119.48286286,1
2012,2012-09-22,1814,9,3,18,6,Y,A,Y,A,H,A,A,08,,01,D,,,,Y,C,Y,N,D,0,0,0,0,23152.0,2,36.21073489,-119.19878656,1
2012,2012-10-10,1711,10,3,17,3,N,A,N,A,H,A,D,22,W,10,G,Y,,,,B,N,N,A,0,0,0,0,21950.0,2,36.06591502,-119.04474629,1
2012,2012-10-15,1049,10,3,10,1,Y,A,N,A,H,A,A,01,,09,D,,,,Y,C,Y,N,A,3,0,0,0,21802.0,2,36.06576508,-119.21457245,1
2012,2012-10-12,1135,10,3,11,5,N,B,Y,A,H,A,A,01,N,06,A,,,,,C,Y,N,D,0,0,0,0,21751.0,2,36.39028707,-119.29659733,1
2012,2012-09-27,35,9,3,0,4,N,A,N,A,H,C,A,01,W,05,E,,,,,I,Y,N,D,0,0,0,0,21650.0,1,36.31291895,-119.30651863,1
2012,2012-11-10,2049,11,3,20,6,Y,A,N,A,H,C,A,07,,10,G,Y,,,,B,N,N,A,0,0,0,0,21950.0,2,36.08016513,-119.01497263,1
2012,2012-10-05,1359,10,3,13,5,N,A,N,A,H,A,C,02,N,12,E,,,Y,Y,J,Y,N,A,0,0,0,0,22451.0,2,36.18371423,-119.34070797,1
2012,2012-11-05,330,11,3,3,1,N,A,Y,A,H,D,D,22,N,01,A,,,,,C,Y,N,D,1,0,0,0,23152.0,2,36.35753906,-119.2162154,1
2012,2012-11-02,815,11,3,8,5,N,B,Y,A,H,A,D,22,W,01,E,,,,,I,Y,N,D,2,0,0,0,23152.0,1,36.34928298,-119.22470201,1
2012,2012-11-03,1505,11,3,15,6,N,A,N,A,H,A,A,01,N,05,A,,,,,C,Y,N,D,5,0,0,0,21460.0,2,36.03356021,-118.85806865,1
2012,2012-11-18,1658,11,3,16,7,Y,B,N,A,H,A,A,07,,12,D,,,,,C,Y,N,A,4,0,0,0,22450.0,3,36.55971508,-119.34052246,1
2012,2012-11-21,1820,11,3,18,3,Y,A,Y,A,H,D,N,60,,11,G,Y,,,,B,Y,N,A,0,0,0,0,21461.0,2,36.09039523,-119.03934984,1
2012,2012-11-28,730,11,3,7,3,Y,B,N,A,H,A,C,02,,09,D,,,Y,,C,Y,N,D,2,0,0,0,21801.0,2,36.24032507,-119.26056247,1
2012,2012-12-10,1413,12,4,14,1,N,A,N,A,H,A,A,01,E,08,E,,,,,I,Y,N,D,0,0,0,0,22107.0,1,36.18903876,-119.04154492,1
2012,2012-12-19,918,12,4,9,3,N,A,N,A,H,A,N,60,S,11,G,Y,,,,B,N,N,D,0,0,0,0,21954.0,2,36.51088864,-119.25069733,1
2012,2012-12-29,105,12,4,1,6,N,A,N,A,H,C,A,01,E,08,D,,,,,C,Y,N,D,4,0,0,0,22107.0,2,36.54489617,-119.3014721,1
2013,2013-01-20,605,1,4,6,7,Y,A,Y,A,H,D,A,01,,01,D,,,,,C,Y,N,A,1,0,0,0,23152.0,2,36.051215,-119.1968032,1
2012,2012-12-15,106,12,4,1,6,N,A,Y,A,H,D,D,22,E,05,A,,,,,C,Y,N,D,2,0,0,0,21460.0,2,36.21070619,-119.11372796,1
2013,2013-02-04,120,2,4,1,1,N,E,Y,A,H,D,N,60,E,11,G,Y,,,,B,N,N,D,0,0,0,0,21956.0,2,36.0512351,-118.9896827,1
2012,2012-12-29,1829,12,4,18,6,N,A,N,A,H,C,C,02,E,03,C,,,Y,,C,Y,N,D,1,0,0,0,22350.0,2,36.31286736,-119.28921432,1
2012,2012-12-28,1327,12,4,13,5,N,B,N,A,H,A,C,02,S,03,E,,,Y,,I,Y,N,D,0,0,0,0,22350.0,1,36.31784899,-119.27544236,1
2013,2013-01-09,331,1,4,3,3,Y,E,N,A,H,D,-,- ,,00,G,Y,,,Y,B,N,F,A,0,0,0,0,,2,36.341748,-119.4092685,1
2013,2013-01-22,1451,1,4,14,2,N,A,N,-,H,A,A,01,W,03,C,,,,,C,Y,N,A,0,0,0,0,22350.0,2,36.35650567,-119.35999274,1
2013,2013-02-19,1554,2,4,15,2,N,A,N,A,H,A,-,- ,E,18,E,,,,,I,Y,N,D,2,0,0,0,,1,36.073275,-119.0378855,1
2013,2013-01-21,540,1,4,5,1,N,A,Y,A,H,C,N,60,N,02,B,Y,,,Y,C,Y,F,D,0,0,0,0,22400.0,3,36.4585052,-119.4930264,1
2013,2013-03-02,800,3,1,8,6,N,A,Y,A,H,A,E,22,S,03,C,,,,Y,C,Y,N,D,0,0,0,0,22350.0,2,36.3835915,-119.4425704,1
2013,2013-02-25,2137,2,4,21,1,Y,A,N,A,H,C,A,01,,01,E,,,,,I,Y,N,D,1,0,0,0,23153.0,1,36.0631351,-119.0080126,1
2011,2011-11-20,1613,11,3,16,7,Y,C,N,B,H,B,A,,,09,D,,,,,C,Y,N,A,3,0,0,0,21802.0,2,36.308538,-119.322702,3
2011,2011-11-24,1834,11,3,18,4,Y,A,N,A,H,C,-,- ,,09,D,,,,,C,Y,N,A,1,0,0,0,21801.0,2,36.312957,-119.312109,3
2011,2011-11-28,2349,11,3,23,1,N,E,N,B,H,C,A,,S,08,D,,,,,I,Y,N,D,1,0,0,0,22107.0,1,36.33253062,-119.3318662,3
2011,2011-11-16,1742,11,3,17,3,N,C,N,A,H,A,A,,,01,G,Y,,,,B,Y,N,D,1,1,0,0,23153.0,2,36.349128,-119.323152,2
2011,2011-11-29,1036,11,3,10,2,N,B,Y,A,H,A,A,,S,09,D,,,,,C,Y,F,D,1,0,0,0,21804.0,2,36.34103507,-119.29609251,4
2011,2011-11-15,1910,11,3,19,2,N,A,N,A,H,C,A,,W,01,A,,,,,E,Y,N,D,1,0,0,0,23152.0,3,36.34001012,-119.2847085,4
2011,2011-11-15,2144,11,3,21,2,Y,A,N,A,H,C,A,07,,- ,D,,,,,D,Y,N,A,1,0,0,0,,2,36.330048,-119.3054715,4
2011,2011-11-25,1849,11,3,18,5,N,A,N,A,H,D,-,- ,E,18,G,Y,,,,B,N,N,D,1,1,0,0,,2,36.31104316,-119.29155082,3
2011,2011-11-18,1116,11,3,11,5,N,B,N,A,H,A,A,,N,03,C,,,,,C,N,N,A,1,0,0,0,22350.0,2,36.31270811,-119.25163597,4
2011,2011-11-17,1613,11,3,16,4,N,B,N,A,H,A,A,01,W,03,C,,,,,C,Y,N,A,4,0,0,0,22350.0,2,36.34191715,-119.2926836,4
2011,2011-11-10,1220,11,3,12,4,Y,A,N,A,H,A,A,01,,09,A,,,,,C,Y,N,A,2,0,0,0,21801.0,2,36.312957,-119.312109,3
2011,2011-11-10,2014,11,3,20,4,N,A,N,A,H,C,L,04,N,14,B,,Y,,,G,N,N,D,1,0,1,0,21201.0,2,36.31552282,-119.30537313,4
2011,2011-11-12,900,11,3,9,6,Y,C,N,B,H,A,-,- ,,12,D,,,,,C,Y,N,A,2,0,0,0,21453.0,2,36.32637,-119.33181,4
2011,2011-11-08,1221,11,3,12,2,Y,A,N,A,H,A,A,,,12,D,,,,,C,N,N,A,1,0,0,0,21453.0,2,36.32769,-119.318499,4
2011,2011-11-08,1400,11,3,14,2,Y,A,N,A,H,A,A,07,,12,D,,,,,C,Y,N,A,3,0,0,0,21453.0,2,36.327411,-119.3054715,3
2011,2011-11-05,940,11,3,9,6,Y,A,N,A,D,A,M,,,12,D,,,,,C,Y,N,A,1,0,0,0,21453.0,2,36.32011,-119.30543,4
2011,2011-11-07,1511,11,3,15,1,Y,A,N,A,H,A,A,01,,12,D,,,,,C,Y,N,A,4,0,0,0,21453.0,2,36.327411,-119.3054715,3
2011,2011-11-01,734,11,3,7,2,Y,A,N,A,H,A,L,04,,05,D,,Y,,,G,N,N,A,1,0,1,0,21202.0,2,36.314703,-119.349711,4
2011,2011-11-04,1134,11,3,11,5,Y,B,N,A,H,A,A,08,,09,G,Y,,,,B,N,N,A,1,1,0,0,21802.0,2,36.29376,-119.322342,3
2011,2011-12-24,1018,12,4,10,6,Y,A,N,A,H,A,E,,,09,D,,,,,C,Y,N,A,1,0,0,0,21802.0,2,36.308538,-119.322702,4
2011,2011-12-24,1317,12,4,13,6,N,A,Y,A,H,A,A,01,N,03,C,,,,,C,Y,N,A,2,0,0,0,22350.0,2,36.31421214,-119.31383716,3
2011,2011-12-16,1820,12,4,18,5,N,A,N,A,H,C,D,,E,01,C,,,,,C,Y,N,A,1,0,0,0,23152.0,2,36.32738495,-119.33053046,4
2011,2011-12-19,1510,12,4,15,1,N,B,N,A,H,A,A,07,W,03,C,,,,,C,Y,N,D,1,0,0,0,22350.0,3,36.31294586,-119.30999458,4
2011,2011-12-06,801,12,4,8,2,Y,A,N,A,H,A,A,01,,08,A,,,,,C,Y,N,D,1,0,0,0,22100.0,2,36.336888,-119.3032485,4
2011,2011-12-21,1745,12,4,17,3,Y,A,N,A,H,C,D,,,12,A,,,,,C,Y,N,A,1,0,0,0,21453.0,2,36.326106,-119.278539,4
2011,2011-12-20,1719,12,4,17,2,N,A,Y,A,H,D,A,,S,03,C,,,,,C,Y,N,D,2,0,0,0,22350.0,5,36.26775512,-119.31326339,3
2011,2011-12-16,733,12,4,7,5,Y,E,N,B,H,A,D,,,12,D,,,,,C,Y,N,A,1,0,0,0,21453.0,2,36.33876,-119.332,4
2011,2011-12-16,1318,12,4,13,5,Y,B,N,A,H,A,D,22,,09,A,,,,,C,Y,N,A,3,0,0,0,21453.0,2,36.326106,-119.278539,3
2011,2011-12-26,1402,12,4,14,1,N,A,N,A,H,A,A,01,W,03,C,,,,,C,Y,N,A,1,0,0,0,22350.0,3,36.29815894,-119.27939594,4
2011,2011-12-09,1608,12,4,16,5,N,A,Y,A,H,A,A,,S,09,A,,,,,C,Y,N,D,2,0,0,0,21801.0,2,36.33549459,-119.29354401,3
2011,2011-12-04,617,12,4,6,7,Y,A,Y,A,H,B,D,,,12,D,,,,,C,Y,N,A,1,0,0,0,21453.0,2,36.32735425,-119.31421597,4
2012,2012-05-29,1609,5,1,16,2,Y,A,N,A,H,A,A,01,,09,D,,,,,C,Y,N,A,1,0,0,0,21802.0,2,36.22578506,-119.26041245,4
2012,2012-05-29,1920,5,1,19,2,N,A,Y,A,H,A,C,02,N,03,E,,,Y,,A,Y,N,D,1,0,0,1,22350.0,1,36.60881511,-119.09293251,3
2012,2012-05-30,700,5,1,7,3,N,A,N,A,H,A,A,01,E,08,F,,,,,A,Y,N,D,1,0,0,0,22107.0,1,36.52973539,-119.25541585,3
2012,2012-05-29,1623,5,1,16,2,N,A,N,A,H,A,A,07,W,03,C,,,,,C,Y,N,D,3,0,0,0,22350.0,2,36.29812473,-119.36751124,2
2011,2011-12-19,1300,12,4,13,1,N,A,N,A,H,A,A,01,E,08,C,,,,,C,N,N,D,1,0,0,0,22107.0,2,36.29839223,-119.3212358,4
2011,2011-09-30,707,9,3,7,5,N,A,N,A,H,A,M,46,S,05,E,,,,,I,Y,N,A,1,0,0,0,21650.0,1,36.3230767,-119.34975117,3
2012,2012-05-07,2036,5,1,20,1,Y,A,N,A,H,C,A,01,,12,D,,,,,C,Y,N,A,3,0,0,0,21453.0,2,36.31289509,-119.32283253,4
2012,2012-05-08,1446,5,1,14,2,N,A,N,A,H,A,A,01,N,03,B,,,,,C,Y,N,D,3,0,0,0,22350.0,3,,,3
2012,2012-05-03,1322,5,1,13,4,Y,A,N,A,H,A,A,,,12,D,,,,,C,Y,N,A,3,0,0,0,21453.0,2,36.32769514,-119.32582255,4
2012,2012-05-21,10,5,1,0,1,N,A,N,A,H,C,L,,E,05,H,,Y,,,G,N,N,D,1,0,1,0,21650.0,2,36.29841503,-119.30977617,3
2012,2012-05-31,1654,5,1,16,4,N,A,N,-,D,A,A,,W,03,C,,,,,C,N,N,A,1,0,0,0,22350.0,2,36.32643847,-119.29727286,4
2012,2012-05-22,1755,5,1,17,2,Y,A,N,A,H,A,A,,,04,C,,,,,C,Y,N,D,2,0,0,0,21703.0,3,36.34192509,-119.26563252,4
2012,2012-05-22,1747,5,1,17,2,N,A,N,A,H,A,L,,N,- ,H,,Y,,,G,N,N,D,1,0,1,0,,2,36.33945102,-119.33200407,4
2012,2012-05-20,1349,5,1,13,7,Y,A,N,A,H,A,A,07,,03,D,,,,,C,Y,N,D,4,0,0,0,22350.0,2,36.34712509,-119.26546246,2
2012,2012-05-19,1051,5,1,10,6,N,A,N,A,H,A,A,,W,04,C,,,,,C,Y,N,D,3,0,0,0,21703.0,2,36.31290694,-119.28458582,4
2012,2012-05-15,1755,5,1,17,2,Y,A,N,A,H,A,A,07,,12,D,,,,,C,Y,N,A,4,0,0,0,21453.0,3,36.3264251,-119.28324246,4
2012,2012-05-13,915,5,1,9,7,N,A,N,A,H,A,A,,S,01,E,,,,,I,Y,N,D,1,0,0,0,23152.0,1,36.30472679,-119.33163237,4
2012,2012-05-31,1612,5,1,16,4,Y,A,N,A,H,A,A,,,03,C,,,,,C,N,N,D,1,0,0,0,22350.0,2,36.34183514,-119.30121245,4
2012,2012-05-13,26,5,1,0,7,Y,A,N,A,H,C,A,,,01,D,,,,,C,Y,N,A,3,0,0,0,23152.0,2,36.34177514,-119.35000252,2
2012,2012-05-30,1811,5,1,18,3,N,A,N,A,H,A,A,01,E,03,C,,,,,C,Y,N,A,2,0,0,0,22350.0,2,36.30569463,-119.30509171,4
2012,2012-05-12,2216,5,1,22,6,Y,A,N,A,H,C,A,,,03,C,,,,,C,Y,N,A,2,0,0,0,22350.0,2,36.3331751,-119.33193244,4
2012,2012-05-30,1711,5,1,17,3,N,A,Y,A,H,A,L,,E,09,H,,Y,,,G,N,N,A,1,0,1,0,21802.0,2,36.32743362,-119.29400072,3
2012,2012-05-12,1515,5,1,15,6,N,A,N,A,H,A,A,,W,03,C,,,,,C,N,N,A,1,0,0,0,22350.0,2,36.29842503,-119.31483961,4
2012,2012-05-28,925,5,1,9,1,Y,A,N,A,H,A,A,08,,12,D,,,,,C,Y,N,A,1,0,0,0,21453.0,2,36.32005511,-119.33625254,3
2012,2012-05-12,1255,5,1,12,6,Y,A,N,A,H,A,L,,,09,H,,Y,,,G,N,N,A,1,0,1,0,21802.0,2,36.34522507,-119.30567255,2
2012,2012-05-23,1859,5,1,18,3,N,A,N,A,H,A,A,,S,21,H,,Y,,,G,Y,N,D,1,0,1,0,22106.0,3,36.33745177,-119.30906257,4
2012,2012-05-16,1751,5,1,17,3,Y,A,Y,A,H,A,A,,,12,D,,,,,C,Y,N,A,2,0,0,0,21453.0,2,36.28751999,-119.31368324,4
2012,2012-05-22,1538,5,1,15,2,Y,A,N,A,H,A,N,60,,12,G,Y,,,,B,N,N,D,1,1,0,0,22450.0,2,36.34014503,-119.31269255,4
2012,2012-05-13,1601,5,1,16,7,Y,A,N,A,H,A,A,01,,12,D,,,,,C,N,N,A,2,0,0,0,21453.0,2,36.29822504,-119.34052254,4
2012,2012-05-19,1415,5,1,14,6,N,A,N,A,H,A,A,01,S,- ,C,,,,,C,Y,N,D,1,0,0,0,,2,36.30697154,-119.32275257,4
2012,2012-05-18,1623,5,1,16,5,N,A,N,A,H,A,A,01,E,01,C,,,,,C,Y,N,A,1,0,0,0,23153.0,2,36.32767503,-119.34974171,4
2012,2012-05-04,2225,5,1,22,5,N,A,Y,A,H,C,A,01,S,08,B,,,,,C,Y,N,A,3,0,0,0,22107.0,2,36.326457,-119.29325339,4
2012,2012-05-18,1513,5,1,15,5,N,A,N,A,H,A,A,01,W,03,C,,,,,C,Y,N,D,1,0,0,0,22350.0,2,36.29824107,-119.299681,4
2012,2012-05-05,1824,5,1,18,6,Y,A,Y,A,H,A,D,22,,09,A,,,,,C,Y,N,A,1,0,0,0,21801.0,3,36.34181507,-119.29673251,3
2012,2012-05-13,1103,5,1,11,7,Y,A,N,A,H,A,-,- ,,12,A,,,,,C,Y,N,A,2,0,0,0,21453.0,2,36.32737508,-119.2785825,3
2012,2012-05-22,1210,5,1,12,2,Y,A,N,A,H,A,L,04,,05,H,,Y,,,G,N,N,A,1,0,1,0,21650.0,2,36.32734504,-119.2977425,3
2012,2012-05-13,1038,5,1,10,7,N,A,N,A,H,A,N,60,N,11,G,Y,,,,B,N,N,D,1,1,0,0,21955.0,2,36.3376075,-119.31428864,3
2012,2012-05-06,2014,5,1,20,7,N,A,N,A,H,C,A,,N,09,A,,,,,C,N,N,D,2,0,0,0,21801.0,2,36.32561795,-119.30547372,4
2012,2012-06-03,634,6,2,6,7,N,A,Y,A,H,A,A,01,S,07,B,,,,,I,Y,N,D,2,0,0,0,21658.0,1,36.26103914,-119.36075503,4
2012,2012-05-28,1533,5,1,15,1,Y,A,Y,A,H,A,-,- ,,08,A,,,,,I,Y,N,D,1,0,0,0,22107.0,1,36.21093329,-119.32746963,4
2012,2012-05-11,750,5,1,7,5,N,A,N,A,H,A,-,- ,W,03,C,,,,,C,Y,N,A,1,0,0,0,22350.0,2,36.19666501,-119.33172216,4
2012,2012-05-18,1623,5,1,16,5,N,A,N,A,H,A,L,04,E,05,B,,Y,,,G,N,N,D,1,0,1,0,21202.0,2,36.2022736,-119.34897646,4
2012,2012-05-18,158,5,1,1,5,N,A,N,A,H,C,-,- ,N,01,C,,,,,E,Y,N,D,1,0,0,0,23152.0,3,36.22198363,-119.32200869,3
2012,2012-05-08,2021,5,1,20,2,N,A,N,A,H,D,-,- ,N,21,G,Y,,,,B,N,F,D,1,1,0,0,22106.0,3,36.20539308,-119.36007096,2
2012,2012-05-13,1404,5,1,14,7,N,A,N,A,H,A,-,- ,W,18,E,,,,,I,Y,N,D,1,0,0,0,,1,36.2112461,-119.32665866,4
2012,2012-05-20,903,5,1,9,7,N,A,N,A,H,A,-,- ,N,05,E,,,,,I,N,N,D,1,0,0,0,21650.0,2,36.21315857,-119.32195812,4
2012,2012-05-26,2139,5,1,21,6,N,A,N,A,H,C,A,,E,05,A,,,,,C,Y,N,A,4,0,0,0,21650.0,2,36.31264503,-119.2705305,4
2012,2012-06-05,1415,6,2,14,2,N,A,N,A,H,A,A,01,N,08,E,,,,,I,N,N,D,2,0,0,0,22107.0,1,,,3
2012,2012-05-10,840,5,1,8,4,N,A,N,A,H,A,A,01,W,03,A,,,,,C,Y,N,D,2,0,0,0,22350.0,2,35.85246782,-119.06359652,2
2012,2012-05-10,1855,5,1,18,4,Y,A,N,A,H,A,A,01,,09,D,,,,,C,Y,N,D,2,0,0,0,21802.0,2,36.16006509,-119.0631226,3
2012,2012-05-18,550,5,1,5,5,Y,A,N,A,H,B,A,01,,09,D,,,,,C,Y,N,A,3,0,0,0,21802.0,2,35.96237509,-119.01811259,3
2012,2012-05-27,1500,5,1,15,7,Y,A,N,A,H,A,L,04,,09,H,,Y,,,G,N,F,D,1,0,1,0,21800.0,2,35.895096,-119.2681485,3
2012,2012-05-25,755,5,1,7,5,N,A,Y,A,H,A,A,01,E,03,C,,,,,C,Y,N,D,2,0,0,0,22350.0,4,36.32734254,-119.3926258,3
2012,2012-05-22,1430,5,1,14,2,N,A,N,A,H,A,A,01,W,09,D,,,,,C,Y,N,D,1,0,0,0,21804.0,2,36.25397791,-119.17757857,3
2012,2012-05-24,2120,5,1,21,4,N,A,Y,A,H,D,A,07,E,08,F,,,,,A,Y,N,D,1,0,0,0,22107.0,1,36.32652829,-119.16040282,2
2012,2012-05-29,1002,5,1,10,2,Y,A,N,A,H,A,A,,,- ,D,,,,,C,Y,N,A,3,0,0,0,,3,36.32643504,-119.28784243,3
2012,2012-05-28,351,5,1,3,1,N,A,N,A,H,C,A,01,N,01,E,,,,,I,Y,N,D,1,0,0,0,23152.0,2,36.33055345,-119.34135127,2
2012,2012-05-19,1556,5,1,15,6,N,A,N,A,H,A,A,,S,01,C,,,,,C,Y,N,A,2,0,0,0,23153.0,3,36.31270154,-119.33174103,3
2012,2012-05-26,2019,5,1,20,6,N,A,N,A,H,B,L,04,N,09,G,,Y,,,G,N,N,D,1,0,1,0,21804.0,2,36.33512934,-119.29997392,3