ACCIDENT_YEAR,COLLISION_DATE,COLLISION_TIME,MONTH,SEASON,24HOURS,DAY_OF_WEEK,INTERSECTION,WEATHER_1,STATE_HWY_IND,ROAD_SURFACE,ROAD_COND_1,LIGHTING,STWD_VEHTYPE_AT_FAULT,CHP_VEHTYPE_AT_FAULT,DIRECTION,PCF_VIOL_CATEGORY,TYPE_OF_COLLISION,PEDESTRIAN_ACCIDENT,BICYCLE_ACCIDENT,MOTORCYCLE_ACCIDENT,TRUCK_ACCIDENT,MVIW,TOW_AWAY,HIT_AND_RUN,CONTROL_DEVICE,NUMBER_INJURED,COUNT_PED_INJURED,COUNT_BICYCLIST_INJURED,COUNT_MC_INJURED,PCF_VIOLATION,PARTY_COUNT,POINT_Y,POINT_X,COLLISION_SEVERITY
2012,2012-08-07,727,8,2,7,2,N,A,Y,A,H,A,D,22,S,03,C,,,,,C,Y,N,D,1,0,0,0,22350.0,4,36.12172673,-119.32477742,4
2012,2012-08-09,1555,8,2,15,4,N,A,N,A,H,A,G,26,E,21,C,,,,Y,C,N,N,A,1,0,0,0,22106.0,2,36.44397504,-119.39470654,4
2012,2012-08-10,1505,8,2,15,5,N,A,N,A,H,A,D,22,E,09,D,,,,,C,N,N,D,1,0,0,0,21804.0,2,36.1528053,-119.31278586,4
2012,2012-07-28,1400,7,2,14,6,N,A,N,A,H,A,D,22,N,09,D,,,,,C,Y,N,D,1,0,0,0,21804.0,2,36.10722611,-119.05374148,4
2012,2012-08-06,2305,8,2,23,1,Y,A,N,A,H,D,E,22,,01,D,,,,,C,Y,M,A,1,0,0,0,23152.0,2,35.96243509,-119.07171254,4
2012,2012-08-05,140,8,2,1,7,N,A,Y,A,H,C,D,22,S,01,C,,,,,C,N,N,D,2,0,0,0,23152.0,2,36.50485509,-119.28668253,4
2012,2012-08-04,1320,8,2,13,6,N,A,N,A,H,A,A,01,E,03,C,,,,,C,N,N,D,1,0,0,0,22350.0,2,36.05846248,-118.99864397,4
2012,2012-08-08,755,8,2,7,3,Y,A,Y,A,H,A,A,07,,12,D,,,,,C,Y,N,A,2,0,0,0,22450.0,2,36.41380509,-119.13477314,4
2012,2012-08-13,1535,8,2,15,1,N,A,Y,A,H,A,D,22,N,08,E,,,,,I,Y,N,D,1,0,0,0,22107.0,1,35.89986063,-119.27747893,3
2012,2012-08-04,730,8,2,7,6,N,A,N,A,H,A,D,22,S,09,D,,,,,C,Y,N,D,1,0,0,0,21804.0,2,35.88036827,-119.21477483,4
2012,2012-08-07,1605,8,2,16,2,N,A,N,A,H,A,E,22,S,16,A,,,,,C,Y,N,D,1,0,0,0,29003.0,2,36.57348913,-119.43064462,4
2012,2012-07-20,1936,7,2,19,5,N,A,N,A,H,A,D,,E,07,B,,,Y,,C,N,N,D,1,0,0,1,21658.0,3,36.33016503,-119.29111691,4
2012,2012-07-06,1722,7,2,17,5,Y,A,Y,A,H,A,D,,,12,A,,,,,C,Y,N,A,3,0,0,0,21453.0,5,36.32664812,-119.31417917,4
2012,2012-07-06,1610,7,2,16,5,N,A,N,A,H,A,A,,W,09,D,,,,,C,Y,N,D,2,0,0,0,21801.0,4,36.31285995,-119.29265286,4
2012,2012-07-01,1304,7,2,13,7,N,A,N,A,H,A,D,22,S,05,E,,,,,I,Y,N,D,1,0,0,0,21650.0,1,36.34136982,-119.25202757,4
2012,2012-07-07,1727,7,2,17,6,Y,A,N,A,H,A,A,,,12,D,,,,,C,Y,N,A,5,0,0,0,21453.0,2,36.32637513,-119.33182254,4
2012,2012-07-31,1354,7,2,13,2,N,A,N,A,H,A,D,,E,10,G,Y,,,,B,N,N,D,1,1,0,0,21952.0,2,36.30575268,-119.31538135,4
2012,2012-07-31,905,7,2,9,2,Y,A,N,A,H,A,-,,,09,D,,,,,C,Y,N,A,4,0,0,0,21802.0,2,36.31645504,-119.28975249,3
2012,2012-07-27,1158,7,2,11,5,Y,A,N,A,H,A,A,,,12,B,,,,,C,Y,N,A,1,0,0,0,21453.0,2,36.29822504,-119.34052254,4
2012,2012-07-26,1158,7,2,11,4,N,A,Y,A,H,A,D,22,W,03,C,,,,,C,Y,N,A,2,0,0,0,22350.0,3,36.32698507,-119.28646251,4
2012,2012-07-24,1013,7,2,10,2,Y,A,N,A,H,A,A,01,,12,D,,,,,C,Y,N,A,2,0,0,0,21453.0,3,36.33373503,-119.29779243,3
2012,2012-08-08,1730,8,2,17,3,Y,A,N,A,H,A,-,- ,,00,B,,,,,C,N,N,A,1,0,0,0,,2,36.06053513,-119.03405259,4
2012,2012-09-21,1528,9,3,15,5,N,A,Y,A,H,A,A,01,N,07,D,,,,Y,C,Y,N,D,1,0,0,0,21658.0,2,36.46043603,-119.49336347,4
2012,2012-09-23,710,9,3,7,7,N,A,N,A,H,A,F,26,E,08,F,,,,Y,A,Y,N,D,1,0,0,0,22107.0,1,36.21077728,-119.41576886,3
2012,2012-08-22,815,8,2,8,3,N,A,Y,A,H,A,G,25,S,03,B,,,,Y,C,Y,N,D,1,0,0,0,22350.0,2,36.21094506,-119.26027195,4
2012,2012-08-20,1755,8,2,17,1,N,A,Y,A,H,A,A,01,E,08,D,,,,Y,C,Y,N,D,1,0,0,0,22107.0,2,36.32918506,-119.40963253,3
2012,2012-08-22,1009,8,2,10,3,Y,A,N,A,H,A,D,22,,12,D,,,,,C,Y,N,A,1,0,0,0,21453.0,2,36.31291505,-119.30537255,3
2012,2012-08-14,1110,8,2,11,2,N,A,N,A,H,A,A,01,W,01,C,,,,,C,Y,F,A,2,0,0,0,23152.0,3,36.31285667,-119.292246,3
2012,2012-09-02,2010,9,3,20,7,N,A,N,A,H,D,D,22,S,03,D,,,,Y,C,Y,N,D,2,0,0,0,22350.0,2,35.80052866,-119.23252144,3
2012,2012-09-10,2005,9,3,20,1,N,A,Y,A,H,D,-,- ,S,03,C,,,,,C,Y,N,D,1,0,0,0,22350.0,2,36.07254692,-119.03955085,4
2012,2012-09-15,750,9,3,7,6,N,A,Y,A,H,A,A,01,S,08,D,,,,Y,C,Y,N,D,1,0,0,0,22107.0,3,36.00841074,-119.03975931,2
2012,2012-09-15,345,9,3,3,6,N,A,Y,A,H,C,G,25,S,07,E,,,,Y,J,Y,N,D,1,0,0,0,21658.0,1,36.50673325,-119.54789133,4
2012,2012-10-02,1040,10,3,10,2,N,A,Y,A,D,A,F,26,S,03,C,,,,Y,C,Y,N,A,1,0,0,0,22350.0,2,35.9741169,-119.29414578,4
2012,2012-09-12,2015,9,3,20,3,N,A,N,A,H,D,-,- ,W,18,E,,,,,I,N,N,D,1,0,0,0,,1,36.19637503,-119.29020284,3
2012,2012-09-12,1610,9,3,16,3,N,A,N,A,H,A,A,01,S,03,C,,,,,C,Y,N,D,2,0,0,0,22350.0,3,36.23517109,-119.36683506,2
2012,2012-09-18,1725,9,3,17,2,N,A,Y,A,H,B,A,07,E,21,C,,,,,C,N,N,D,1,0,0,0,22106.0,2,36.21094361,-119.259956,4
2012,2012-09-12,1300,9,3,13,3,N,A,Y,A,H,A,A,01,N,05,B,,,,,C,Y,N,D,2,0,0,0,21460.0,2,36.35048786,-119.21655145,3
2012,2012-09-26,2040,9,3,20,3,N,A,N,A,H,D,A,07,E,01,B,,,,,C,N,N,D,1,0,0,0,23152.0,2,36.38548198,-119.3196286,3
2012,2012-09-15,1745,9,3,17,6,N,A,Y,A,H,A,A,01,S,10,G,Y,,,,B,N,N,A,1,1,0,0,21950.0,2,36.19231505,-119.32864251,3
2012,2012-09-15,2255,9,3,22,6,N,A,N,A,H,D,A,01,N,01,E,,,,,I,Y,N,D,2,0,0,0,23152.0,1,36.18971479,-119.13544035,3
2012,2012-09-23,1117,9,3,11,7,Y,A,Y,A,H,A,A,01,,12,D,,,,,C,Y,N,A,1,0,0,0,21453.0,2,35.96241505,-119.05363244,4
2012,2012-09-22,2055,9,3,20,6,Y,A,N,A,H,C,D,22,,09,A,,,,,C,N,N,A,1,0,0,0,21801.0,2,36.06585504,-119.05301252,3
2012,2012-09-28,1455,9,3,14,5,N,A,N,A,H,A,D,22,N,08,F,,,,,A,Y,N,D,3,0,0,0,22107.0,1,36.08801891,-119.10750251,2
2012,2012-09-22,1810,9,3,18,6,N,A,Y,A,H,A,D,22,E,01,E,,,,,I,N,N,D,1,0,0,0,23152.0,1,36.15736888,-118.67018364,3
2012,2012-09-20,1514,9,3,15,4,N,A,Y,A,H,A,D,22,N,08,E,,,,,I,Y,N,D,1,0,0,0,22107.0,1,35.93949342,-119.05365922,4
2012,2012-09-16,1620,9,3,16,7,N,A,N,A,H,A,D,22,W,01,A,,,,,C,Y,N,D,1,0,0,0,23152.0,2,36.09449539,-119.17702634,2
2012,2012-10-01,947,10,3,9,1,Y,A,N,A,H,A,E,22,,12,D,,,,,C,N,N,A,1,0,0,0,22450.0,2,36.25421514,-119.20696242,4
2012,2012-09-26,1720,9,3,17,3,N,A,N,A,H,A,D,22,S,09,C,,,Y,,C,Y,F,D,1,0,0,1,21804.0,2,36.18978905,-119.35779548,3
2012,2012-11-18,144,11,3,1,7,N,A,N,B,H,D,A,01,S,01,C,,,,,C,Y,N,D,1,0,0,0,23153.0,2,36.09146955,-119.03006158,4
2012,2012-10-10,749,10,3,7,3,Y,A,N,A,H,A,J,48,,10,G,Y,,,,B,N,N,A,1,1,0,0,21950.0,2,36.07324513,-119.03060254,4
2012,2012-09-21,1751,9,3,17,5,N,A,Y,A,D,A,A,01,N,03,C,,,,,C,Y,N,D,6,0,0,0,22350.0,3,36.39063932,-119.44722264,4
2012,2012-08-29,2107,8,2,21,3,N,A,N,A,H,C,A,07,E,03,C,,,,,C,Y,N,D,1,0,0,0,22350.0,2,36.20365163,-119.09528392,4
2012,2012-09-06,1643,9,3,16,4,Y,A,N,A,H,A,A,,,09,D,,,,Y,C,Y,N,D,1,0,0,0,21800.0,2,36.338346,-119.251818,3
2012,2012-09-02,1830,9,3,18,7,Y,A,N,A,H,B,A,01,,03,C,,,,,C,Y,N,A,1,0,0,0,22350.0,2,36.31261508,-119.34969248,3
2012,2012-09-01,1236,9,3,12,6,Y,A,Y,A,H,A,C,,,08,D,,,Y,,C,Y,N,D,1,0,0,0,22100.0,2,36.33256921,-119.29239251,3
2012,2012-09-01,538,9,3,5,6,N,A,Y,A,H,A,A,,N,01,C,,,,,C,Y,N,D,1,0,0,0,23153.0,2,36.28378617,-119.31350972,4
2012,2012-09-24,1545,9,3,15,1,Y,A,N,A,H,A,D,22,,03,C,,,,,C,N,N,A,1,0,0,0,22350.0,2,36.298278,-119.2698495,4
2012,2012-09-18,755,9,3,7,2,Y,A,N,A,H,A,D,,,10,G,Y,,,,B,N,N,D,1,1,0,0,21950.0,2,36.32021511,-119.31213249,4
2012,2012-09-17,1426,9,3,14,1,N,A,N,A,H,A,D,22,N,12,D,,,,,C,Y,N,A,2,0,0,0,21453.0,2,,,4
2012,2012-09-16,1103,9,3,11,7,Y,A,N,A,H,A,-,- ,,- ,D,,,,,C,Y,N,A,3,0,0,0,,2,36.31261508,-119.34969248,4
2012,2012-09-15,1203,9,3,12,6,N,A,N,A,H,A,-,,S,04,C,,,,,C,Y,N,D,1,0,0,0,21703.0,2,36.307838,-119.33168257,4
2012,2012-08-13,1335,8,2,13,1,N,A,Y,A,H,A,A,01,N,03,C,,,,,C,Y,N,D,1,0,0,0,22350.0,2,36.39342147,-119.44946469,4
2012,2012-08-18,1522,8,2,15,6,Y,A,N,A,H,A,A,07,,12,B,,,,,C,Y,N,D,2,0,0,0,22450.0,2,36.196191,-119.086569,4
2012,2012-08-15,755,8,2,7,3,N,A,Y,A,H,A,D,22,E,03,C,,,,,C,N,N,D,1,0,0,0,22350.0,3,36.32698508,-119.29143563,4
2012,2012-08-08,2340,8,2,23,3,N,A,N,A,H,D,A,01,S,01,C,,,,,E,Y,N,D,1,0,0,0,23152.0,2,36.13586378,-119.50945079,4
2012,2012-09-23,1331,9,3,13,7,N,A,N,A,H,A,D,22,S,03,C,,,,,C,Y,N,D,2,0,0,0,22350.0,3,36.07820827,-119.03501091,4
2012,2012-09-13,1635,9,3,16,4,N,A,N,A,H,A,A,01,E,03,C,,,,,C,N,N,D,1,0,0,0,22350.0,2,36.31240265,-119.22076643,4
2012,2012-09-21,810,9,3,8,5,N,A,N,A,H,A,H,13,W,03,C,,,,,C,N,N,D,1,0,0,0,22350.0,2,36.34706309,-119.26186057,4
2012,2012-09-14,630,9,3,6,5,N,A,Y,A,H,A,A,01,E,03,C,,,,,C,N,N,D,1,0,0,0,22350.0,2,36.26849506,-119.36572252,4
2012,2012-09-21,2005,9,3,20,5,Y,A,N,A,H,D,M,46,,09,D,,,,Y,C,N,N,A,1,0,0,0,21802.0,2,35.8338598,-119.26254719,3
2012,2012-09-23,1900,9,3,19,7,N,A,N,A,H,B,D,22,E,03,C,,,,,C,Y,N,D,2,0,0,0,22350.0,2,36.29750382,-119.16751155,4
2012,2012-09-14,1640,9,3,16,5,N,A,N,A,H,A,D,22,E,08,F,,,,,A,Y,N,D,1,0,0,0,22107.0,1,36.36707015,-119.16869764,3
2012,2012-09-18,800,9,3,8,2,Y,A,N,A,H,A,D,22,,09,B,,,,,C,Y,N,D,2,0,0,0,21800.0,2,36.15271512,-119.33626254,4
2012,2012-09-12,1650,9,3,16,3,Y,A,N,A,H,A,A,01,,09,D,,,,,C,Y,N,D,2,0,0,0,21800.0,2,36.37833505,-119.2952125,4
2012,2012-09-19,938,9,3,9,3,Y,A,N,A,H,A,L,04,,12,D,,Y,,,G,N,N,A,1,0,1,0,22450.0,2,36.35826513,-119.25198249,3
2012,2012-09-12,2355,9,3,23,3,N,A,N,A,B,D,D,22,N,08,F,,,,,I,Y,N,D,1,0,0,0,22107.0,1,36.13071924,-119.33157359,4
2012,2012-09-12,1920,9,3,19,3,N,A,N,A,H,A,D,22,S,05,A,,,,,C,Y,N,D,3,0,0,0,21650.0,2,35.9344108,-119.28452343,2
2012,2012-08-28,1910,8,2,19,2,Y,A,N,A,H,A,A,01,,12,D,,,,,D,Y,N,A,1,0,0,0,22450.0,2,36.08033507,-119.14315251,2
2012,2012-09-13,2052,9,3,20,4,Y,A,N,A,H,D,G,27,,05,D,,,,Y,C,N,N,D,1,0,0,0,21752.0,2,35.83386,-119.2625505,4
2012,2012-09-12,1510,9,3,15,3,Y,A,N,A,H,A,A,01,,09,D,,,,,C,Y,N,A,2,0,0,0,21802.0,2,36.53148512,-119.40829257,4
2012,2012-08-13,244,8,2,2,1,N,A,Y,A,H,D,D,22,N,08,E,,,,,I,Y,N,D,2,0,0,0,22107.0,1,36.18748074,-119.3285125,3
2012,2012-09-08,1832,9,3,18,6,Y,A,N,A,H,A,C,02,,12,D,,,Y,,C,Y,F,D,3,0,0,1,22450.0,2,36.19975506,-119.08709255,3
2012,2012-09-01,515,9,3,5,6,Y,A,N,A,H,D,A,01,,09,D,,,,,C,Y,N,D,3,0,0,0,21802.0,2,36.02256512,-119.14355239,4
2012,2012-09-02,1930,9,3,19,7,N,A,N,A,H,B,N,60,N,02,G,Y,,,,B,N,N,D,1,1,0,0,21654.0,2,35.79410376,-119.10989017,4
2012,2012-09-03,1805,9,3,18,1,N,A,N,A,H,A,D,22,W,21,G,Y,,,,B,N,N,D,1,1,0,0,22106.0,2,35.96423501,-119.0464375,4
2012,2012-08-28,700,8,2,7,2,N,A,N,A,H,A,-,99,S,08,D,,,,,C,Y,F,D,1,0,0,0,22107.0,2,36.10749075,-118.86043462,3
2012,2012-08-31,1020,8,2,10,5,Y,A,N,A,H,A,D,22,,09,D,,,,,C,Y,N,A,3,0,0,0,21802.0,2,35.94966509,-119.07176261,4
2012,2012-08-24,1532,8,2,15,5,N,A,N,A,H,A,D,22,S,09,D,,,,,C,N,N,D,1,0,0,0,21804.0,2,36.04757597,-119.00835081,4
2012,2012-08-24,1740,8,2,17,5,N,A,Y,A,H,A,F,26,N,01,F,,,,Y,J,Y,N,D,1,0,0,0,23152.0,1,36.26015506,-119.36018252,4
2012,2012-08-23,1409,8,2,14,4,N,A,Y,A,H,A,D,23,W,03,C,,,,,C,Y,N,D,1,0,0,0,22350.0,2,36.32683507,-119.30194251,4
2012,2012-09-04,800,9,3,8,2,N,A,N,A,H,A,A,01,E,08,E,,,,,I,Y,N,D,1,0,0,0,22107.0,1,36.06588726,-119.0481094,2
2012,2012-08-18,1132,8,2,11,6,Y,A,Y,A,H,A,A,,,09,D,,,,,C,Y,N,A,3,0,0,0,21453.0,2,36.30575506,-119.31390251,4
2012,2012-08-29,727,8,2,7,3,N,A,N,A,H,A,A,07,N,03,C,,,,,C,N,N,A,1,0,0,0,22350.0,3,36.2983719,-119.26089615,4
2012,2012-08-29,900,8,2,9,3,Y,A,N,A,H,A,D,22,,12,D,,,,,C,Y,N,A,1,0,0,0,21453.0,2,36.32737505,-119.30109254,4
2012,2012-08-29,1343,8,2,13,3,Y,A,N,A,H,A,A,01,,09,A,,,,,C,Y,N,A,3,0,0,0,21801.0,2,36.33372504,-119.30227248,4
2012,2012-08-27,2129,8,2,21,1,N,A,N,A,H,C,-,- ,S,18,B,,,,,C,Y,N,A,1,0,0,0,,2,36.32880341,-119.29665257,4
2012,2012-09-12,1430,9,3,14,3,N,A,Y,A,H,A,D,22,S,08,D,,,,,C,Y,N,D,1,0,0,0,22107.0,2,36.11723583,-119.05140204,4
2012,2012-09-21,754,9,3,7,5,Y,A,N,A,H,A,A,01,,09,D,,,,,C,Y,N,A,1,0,0,0,21802.0,3,36.32801512,-119.20931255,3
2012,2012-07-30,1745,7,2,17,1,N,A,Y,A,D,A,A,01,N,01,E,,,,,I,Y,N,D,1,0,0,0,23152.0,1,36.45573632,-119.4919369,4
2012,2012-08-29,849,8,2,8,3,Y,A,N,A,H,A,D,22,,10,G,Y,,,,B,N,N,A,2,2,0,0,21950.0,3,36.39229515,-119.21568246,3
2012,2012-08-29,850,8,2,8,3,Y,A,Y,A,H,A,D,22,,09,A,,,,,C,Y,N,A,3,0,0,0,21801.0,2,36.54482968,-119.28691627,4
2012,2012-08-29,830,8,2,8,3,N,A,Y,A,H,A,D,22,E,03,C,,,,,C,Y,N,D,1,0,0,0,22350.0,2,36.32698507,-119.28286792,4
2012,2012-09-09,1610,9,3,16,7,N,A,N,A,H,A,D,23,E,08,E,,,,,I,N,N,D,1,0,0,0,22107.0,1,36.27449678,-118.9444533,4
2012,2012-09-08,1036,9,3,10,6,N,A,N,A,A,A,D,22,S,03,C,,,,,C,Y,N,D,2,0,0,0,22350.0,2,35.96078944,-119.35773821,4
2012,2012-09-15,1201,9,3,12,6,N,A,Y,A,H,A,G,25,N,03,C,,,,Y,C,N,N,D,1,0,0,0,22350.0,2,36.15112505,-119.3309225,4
2012,2012-09-21,750,9,3,7,5,Y,A,N,A,H,A,-,- ,,00,D,,Y,,,G,N,N,A,1,0,1,0,,2,36.08028512,-119.0683526,3
2012,2012-10-03,1045,10,3,10,3,Y,A,N,A,H,A,I,11,,09,D,,,,,C,Y,N,A,1,0,0,0,21802.0,2,36.069723,-119.019942,3
2012,2012-07-31,1250,7,2,12,2,Y,A,N,A,H,A,K,45,,09,A,,,,,C,Y,N,D,1,0,0,0,21801.0,2,36.53932515,-119.2892325,4
2012,2012-07-15,1140,7,2,11,7,Y,A,N,A,H,A,A,01,,12,D,,,,,C,Y,N,A,1,0,0,0,22450.0,2,36.2034551,-119.08760261,4
2012,2012-09-30,1955,9,3,19,7,N,A,Y,A,H,D,D,22,E,01,E,,,,,I,Y,N,D,1,0,0,0,23152.0,1,36.05129506,-119.26474539,3
2012,2012-10-02,1025,10,3,10,2,Y,A,Y,A,H,A,D,22,,03,C,,,,,C,Y,N,D,1,0,0,0,22350.0,2,36.43599508,-119.29577252,4
2012,2012-10-10,1320,10,3,13,3,Y,A,N,A,H,A,A,07,,12,D,,,,,C,Y,N,D,1,0,0,0,22450.0,2,36.34165509,-119.42140258,4
2012,2012-10-03,910,10,3,9,3,N,A,Y,A,H,A,A,01,N,03,C,,,,Y,C,Y,N,D,1,0,0,0,22350.0,2,36.18826506,-119.3285225,3
2012,2012-10-05,515,10,3,5,5,Y,A,N,A,D,D,A,01,,12,D,,,,Y,C,Y,N,A,2,0,0,0,22450.0,3,36.45856511,-119.3945625,4
2012,2012-07-28,1943,7,2,19,6,N,A,N,A,H,A,A,01,W,01,E,,,,,I,Y,N,D,1,0,0,0,23152.0,1,36.41385505,-119.19948505,3
2012,2012-08-01,1554,8,2,15,3,N,A,N,A,H,A,A,01,W,01,C,,,,,C,Y,N,D,1,0,0,0,23152.0,2,36.26928033,-119.33492521,3
2012,2012-08-02,200,8,2,2,4,N,A,Y,A,H,D,-,- ,W,18,H,,,,,I,Y,N,D,1,0,0,0,,1,36.4592872,-118.87250065,3
2012,2012-08-07,2030,8,2,20,2,N,A,N,A,H,B,-,- ,W,05,B,,,,,C,N,M,D,1,0,0,0,21650.0,2,36.34899307,-119.44044034,3
2012,2012-08-07,2010,8,2,20,2,N,A,Y,A,H,B,A,01,E,01,D,,,,,C,Y,N,D,2,0,0,0,23152.0,2,36.32545933,-119.08643725,3
2012,2012-08-05,337,8,2,3,7,N,A,N,A,H,D,A,01,N,08,E,,,,,I,Y,N,D,1,0,0,0,22107.0,1,36.41592218,-119.18872236,3
2012,2012-08-03,1628,8,2,16,5,N,A,Y,A,H,A,A,01,S,03,E,,,,,I,Y,N,D,1,0,0,0,22350.0,1,36.28927072,-119.37978899,4
2012,2012-08-08,1100,8,2,11,3,N,A,N,A,H,A,C,02,N,08,F,,,Y,,A,Y,N,D,1,0,0,1,22107.0,1,35.90712739,-118.48046422,3
2012,2012-08-08,658,8,2,6,3,N,A,Y,A,H,A,A,01,S,08,E,,,,,I,Y,N,D,1,0,0,0,22107.0,1,36.23508226,-119.34204131,4
2012,2012-08-17,808,8,2,8,5,N,A,Y,A,H,A,A,07,S,08,E,,,,,I,N,N,D,1,0,0,0,22107.0,1,35.79929734,-119.35831104,4
2012,2012-08-17,2120,8,2,21,5,N,A,N,A,H,D,-,- ,E,18,H,,,,,A,N,N,D,1,0,0,0,,1,35.79637173,-119.10431385,3
2012,2012-08-11,1330,8,2,13,6,Y,A,N,A,H,A,A,,,12,D,,,,,C,Y,N,A,3,0,0,0,21453.0,2,36.3264451,-119.30106247,3
2012,2012-08-08,2155,8,2,21,3,Y,A,N,A,H,C,A,,,10,G,Y,,,,B,N,N,A,1,1,0,0,21950.0,2,36.29819514,-119.29604246,3
2012,2012-08-23,1842,8,2,18,4,N,A,N,A,H,A,A,,S,22,H,,,,,C,N,N,D,1,0,0,0,,2,36.30143916,-119.34461257,4
2012,2012-08-22,1139,8,2,11,3,Y,A,N,A,H,A,A,01,,12,D,,,,,C,Y,N,A,1,0,0,0,21453.0,2,36.33011505,-119.29776248,4
2012,2012-08-22,715,8,2,7,3,Y,A,N,A,H,A,A,01,,09,D,,Y,,,G,N,N,D,1,0,1,0,21801.0,2,36.32013512,-119.2830825,3
2012,2012-08-19,1305,8,2,13,7,Y,A,N,A,H,A,A,,,03,C,,,,,C,Y,N,D,1,0,0,0,22350.0,2,36.34182513,-119.29999252,4
2012,2012-08-12,2114,8,2,21,7,Y,A,N,A,H,C,A,,,03,C,,,,,C,N,N,A,3,0,0,0,22350.0,2,36.34185507,-119.27885255,4
2012,2012-08-12,330,8,2,3,7,Y,A,N,A,H,C,D,,,01,D,,,,,C,Y,N,A,1,0,0,0,23153.0,2,36.29822504,-119.34052254,3
2012,2012-08-11,2158,8,2,21,6,Y,A,N,A,H,C,A,,,- ,D,,,,,C,Y,F,A,2,0,0,0,,2,36.32644507,-119.30550249,3
2012,2012-08-01,2151,8,2,21,3,N,A,N,A,H,C,A,,N,03,C,,,,,C,N,N,D,1,0,0,0,22350.0,2,36.30876796,-119.33169297,4
2012,2012-08-28,1526,8,2,15,2,Y,A,N,A,H,A,A,01,,09,D,,,,,C,Y,N,D,3,0,0,0,21800.0,2,36.359181,-119.317968,3
2012,2012-08-27,1829,8,2,18,1,N,A,N,A,H,B,A,01,E,12,C,,,,,C,Y,N,A,1,0,0,0,22450.0,2,36.33020503,-119.274181,4
2012,2012-08-27,1738,8,2,17,1,Y,A,Y,A,H,A,A,,,- ,D,,,,,C,Y,M,A,1,0,0,0,,2,36.30018674,-119.31383122,4
2012,2012-08-24,1006,8,2,10,5,N,A,Y,A,H,A,A,01,N,08,C,,,,,C,N,N,D,1,0,0,0,22107.0,3,36.34239174,-119.29682863,4
2012,2012-08-26,2143,8,2,21,7,N,A,Y,A,H,C,N,,N,11,G,Y,,,,B,N,N,D,1,1,0,0,21954.0,2,36.3343826,-119.2935328,4
2012,2012-08-26,1546,8,2,15,7,N,A,N,A,H,A,-,- ,W,03,C,,,,,C,Y,N,A,1,0,0,0,22350.0,2,36.32619336,-119.27883756,3
2012,2012-08-05,2214,8,2,22,7,N,A,N,A,H,C,C,,W,03,-,,,Y,,I,Y,N,D,1,0,0,1,22350.0,1,36.35458229,-119.28564936,3
2012,2012-08-05,1148,8,2,11,7,N,A,N,A,H,A,A,01,N,03,C,,,,,C,Y,N,D,2,0,0,0,22350.0,2,36.32964618,-119.33623362,4
2012,2012-08-03,950,8,2,9,5,N,A,Y,A,H,A,A,,E,03,C,,,,,C,Y,N,D,3,0,0,0,22350.0,2,36.32611767,-119.31398538,3
2012,2012-08-05,2330,8,2,23,7,N,A,N,A,H,C,A,,E,09,D,,,,,C,Y,N,A,1,0,0,0,21801.0,2,36.34193443,-119.40347493,4
2012,2012-07-24,1210,7,2,12,2,Y,A,N,A,H,A,-,- ,,12,D,,,,,C,Y,N,A,2,0,0,0,22450.0,3,36.2220251,-119.34439251,2
2012,2012-07-11,143,7,2,1,3,N,A,N,A,H,C,-,- ,,05,H,,,,,I,Y,N,D,1,0,0,0,21650.0,1,36.21028174,-119.3735075,4
2012,2012-08-27,1908,8,2,19,1,Y,A,Y,A,H,A,A,07,,12,D,,,,,C,Y,N,A,6,0,0,0,22450.0,2,36.32740823,-119.30494318,4
2012,2012-08-16,1050,8,2,10,4,N,A,Y,A,H,A,A,01,N,03,C,,,,,C,N,N,D,1,0,0,0,22350.0,2,36.36000696,-119.21614607,4
2012,2012-08-08,1505,8,2,15,3,Y,A,N,A,H,A,A,01,,12,D,,,,,C,Y,N,A,2,0,0,0,22450.0,2,36.26929505,-119.33129247,2
2012,2012-08-15,1320,8,2,13,3,N,A,N,A,H,A,A,01,N,03,C,,,,,C,Y,N,D,1,0,0,0,22350.0,2,36.33000753,-119.22021031,4
2012,2012-08-16,245,8,2,2,4,Y,A,N,A,H,D,A,01,,01,D,,,,,C,Y,F,A,5,0,0,0,23152.0,2,36.21074343,-119.38437223,2
2012,2012-08-16,555,8,2,5,4,N,A,N,A,H,B,A,01,N,09,C,,,,,C,Y,N,D,1,0,0,0,21804.0,2,35.8279287,-119.25029251,4
2012,2012-10-04,1336,10,3,13,4,N,A,Y,A,H,A,G,25,S,21,C,,,Y,Y,C,Y,N,D,1,0,0,1,22106.0,2,36.19273726,-119.3285225,4
2012,2012-07-10,934,7,2,9,2,N,A,N,A,H,A,-,- ,W,09,D,,,,,C,N,N,A,1,0,0,0,21804.0,2,36.20626159,-119.3671368,4
2012,2012-10-08,740,10,3,7,1,N,A,Y,A,H,A,E,22,W,08,E,,,,,I,Y,N,D,1,0,0,0,22107.0,1,36.32707113,-119.35252383,4
2012,2012-10-09,1205,10,3,12,2,Y,A,N,A,H,A,F,27,,12,D,,,,Y,C,Y,N,A,2,0,0,0,22450.0,2,36.47320505,-119.40304252,4
2012,2012-08-30,1110,8,2,11,4,N,A,Y,A,H,A,A,01,N,08,E,,,,,I,Y,N,D,1,0,0,0,22107.0,1,36.33377057,-119.41343894,4
2012,2012-08-31,1930,8,2,19,5,Y,B,N,A,H,B,A,01,,01,E,,,,,I,Y,N,A,1,0,0,0,23152.0,1,36.22521513,-119.19921246,3
2012,2012-08-30,1715,8,2,17,4,N,A,N,A,H,A,A,07,W,01,F,,,,,J,Y,N,D,1,0,0,0,23152.0,1,36.12338256,-119.36087488,4
2012,2012-08-30,113,8,2,1,4,N,A,N,A,H,D,A,08,W,01,A,,,,,C,Y,N,D,3,0,0,0,23152.0,2,36.21034164,-119.44195377,2