ACCIDENT_YEAR,COLLISION_DATE,COLLISION_TIME,MONTH,SEASON,24HOURS,DAY_OF_WEEK,INTERSECTION,WEATHER_1,STATE_HWY_IND,ROAD_SURFACE,ROAD_COND_1,LIGHTING,STWD_VEHTYPE_AT_FAULT,CHP_VEHTYPE_AT_FAULT,DIRECTION,PCF_VIOL_CATEGORY,TYPE_OF_COLLISION,PEDESTRIAN_ACCIDENT,BICYCLE_ACCIDENT,MOTORCYCLE_ACCIDENT,TRUCK_ACCIDENT,MVIW,TOW_AWAY,HIT_AND_RUN,CONTROL_DEVICE,NUMBER_INJURED,COUNT_PED_INJURED,COUNT_BICYCLIST_INJURED,COUNT_MC_INJURED,PCF_VIOLATION,PARTY_COUNT,POINT_Y,POINT_X,COLLISION_SEVERITY
2015,2015-06-07,1825,6,2,18,7,N,A,N,A,H,A,A,01,W,03,C,,,,,C,Y,N,D,2,0,0,0,22350.0,2,36.25438067,-119.2248347,4
2015,2015-06-06,124,6,2,1,6,N,A,Y,A,H,D,A,01,S,01,C,,,,Y,C,Y,M,D,1,0,0,0,23152.0,2,36.42646958,-119.47120877,4
2015,2015-06-01,1545,6,2,15,1,N,A,N,A,H,A,A,01,W,03,C,,,,,C,N,N,D,1,0,0,0,22350.0,3,36.38530008,-119.35012851,4
2015,2015-05-28,1356,5,1,13,4,N,A,Y,A,H,A,G,25,N,22,E,,,,Y,I,Y,N,D,2,0,0,0,,1,36.40279996,-119.45526917,3
2015,2015-06-05,930,6,2,9,5,N,A,Y,A,H,A,A,01,S,03,C,,,,,C,Y,N,A,1,0,0,0,22350.0,2,36.26885337,-119.31324278,3
2015,2015-06-04,1435,6,2,14,4,N,A,N,A,H,A,-,- ,N,00,G,Y,,,,B,N,F,A,1,1,0,0,,2,36.48325053,-119.22322779,3
2015,2015-06-07,1939,6,2,19,7,N,A,N,A,H,A,A,01,S,01,E,,,,,I,Y,N,D,1,0,0,0,23152.0,1,36.15256767,-119.42139934,3
2015,2015-06-08,1548,6,2,15,1,N,A,N,A,H,A,A,01,S,08,E,,,,,I,Y,N,D,1,0,0,0,22107.0,1,36.4352936,-119.39468801,4
2015,2015-05-31,415,5,1,4,7,N,A,N,A,H,D,A,01,E,03,C,,,,,C,Y,N,D,4,0,0,0,22350.0,2,36.2259485,-119.27916258,2
2015,2015-05-03,947,5,1,9,7,Y,A,N,A,H,A,-,- ,,12,D,,,,,C,Y,N,A,2,0,0,0,21453.0,2,36.32012002,-119.27663989,3
2015,2015-05-01,1315,5,1,13,5,N,A,N,A,H,A,A,01,S,00,C,,,,,C,Y,N,A,3,0,0,0,23153.0,3,36.29398458,-119.30528283,3
2015,2015-05-01,1145,5,1,11,5,Y,A,N,A,H,A,A,01,,12,D,,,,,C,Y,N,A,1,0,0,0,21453.0,2,36.29826006,-119.34045998,4
2015,2015-05-22,1750,5,1,17,5,Y,A,N,A,H,A,A,07,,09,D,,,,,C,Y,N,A,6,0,0,0,21802.0,2,36.10921002,-119.10755006,2
2015,2015-05-31,1840,5,1,18,7,N,A,N,A,H,A,A,01,E,01,E,,,,,I,Y,M,D,1,0,0,0,23152.0,1,36.09375265,-118.84854342,3
2015,2015-05-19,605,5,1,6,2,Y,A,N,A,H,A,A,01,,09,D,,,,,C,Y,N,A,2,0,0,0,21800.0,2,36.35640011,-119.30571995,4
2015,2015-05-17,1604,5,1,16,7,Y,A,N,A,H,A,A,01,,12,D,,,,,C,Y,N,A,4,0,0,0,21453.0,2,36.32693011,-119.31847993,4
2015,2015-05-14,1706,5,1,17,4,Y,C,N,B,H,A,A,01,,10,D,Y,,,,B,N,N,D,1,1,0,0,21950.0,2,36.30162003,-119.3226399,3
2015,2015-05-13,430,5,1,4,3,N,A,N,A,H,C,A,01,E,08,B,Y,,,,B,N,N,D,1,1,0,0,22107.0,2,,,4
2015,2015-05-12,1106,5,1,11,2,Y,A,N,A,H,A,-,- ,,12,D,,,,,C,Y,N,A,1,0,0,0,22450.0,2,36.333783,-119.287881,4
2015,2015-05-10,1750,5,1,17,7,N,A,N,A,H,A,-,,W,03,B,,,,,I,Y,N,A,1,0,0,0,22350.0,1,36.29835996,-119.26213948,3
2015,2015-05-07,930,5,1,9,4,N,B,N,A,H,A,L,04,W,05,D,,Y,,,G,N,N,D,1,0,1,0,21650.0,2,36.34186,-119.27881,4
2015,2015-05-06,1859,5,1,18,3,N,A,N,A,H,A,A,,W,04,C,,,,,C,Y,N,A,2,0,0,0,21703.0,2,36.31280831,-119.33243293,4
2015,2015-05-05,1317,5,1,13,2,N,A,Y,A,-,A,C,02,S,03,-,,,Y,,C,N,N,A,1,0,0,1,22350.0,2,36.32690487,-119.31412135,3
2015,2015-05-13,1818,5,1,18,3,N,A,N,A,H,A,N,60,E,11,G,Y,,,,B,N,N,A,1,1,0,0,21954.0,2,36.34974,-119.28274,3
2015,2015-05-30,113,5,1,1,6,Y,A,N,A,H,C,A,01,,01,A,,,,,I,Y,N,D,1,0,0,0,23152.0,1,36.34717007,-119.26100991,3
2015,2015-05-28,1838,5,1,18,4,Y,A,N,A,H,A,A,01,,03,C,,,,,C,N,F,A,1,0,0,0,22350.0,2,36.34417003,-119.28319999,4
2015,2015-05-24,1942,5,1,19,7,Y,A,N,A,H,B,A,01,,12,D,,,,,C,,M,D,2,0,0,0,22450.0,2,36.34306005,-119.29764996,3
2015,2015-05-24,108,5,1,1,7,Y,A,Y,A,H,C,C,02,,12,D,,,Y,,C,Y,N,A,1,0,0,1,21453.0,2,36.32651678,-119.31411715,3
2015,2015-05-23,1317,5,1,13,6,Y,B,N,A,H,A,A,,,12,D,,,,,C,N,N,A,1,0,0,0,21453.0,2,36.29826006,-119.34045998,4
2015,2015-05-22,2204,5,1,22,5,Y,A,N,A,H,C,A,,,09,D,,,,,C,Y,N,A,1,0,0,0,21801.0,3,36.31290008,-119.32274998,4
2015,2015-05-21,1050,5,1,10,4,N,B,N,A,H,B,A,01,W,09,D,,,,,C,Y,N,D,1,0,0,0,21804.0,2,36.32,-119.35149053,4
2015,2015-05-20,2123,5,1,21,3,Y,A,Y,A,H,C,A,01,,01,A,,,,,C,Y,F,A,4,0,0,0,23152.0,2,36.34950427,-119.2969382,3
2015,2015-05-19,1909,5,1,19,2,N,A,Y,A,H,B,-,,N,03,C,,,,,C,Y,N,A,1,0,0,0,22350.0,2,36.31314505,-119.31379674,4
2015,2015-05-19,1234,5,1,12,2,Y,A,N,A,D,A,A,01,,12,D,,,,,C,Y,N,A,2,0,0,0,21453.0,2,36.3265001,-119.30545989,4
2015,2015-05-31,1313,5,1,13,7,N,A,N,A,H,A,L,04,W,09,B,,Y,,,B,N,N,D,1,0,1,0,21804.0,2,36.34184564,-119.28614792,2
2015,2015-05-31,1113,5,1,11,7,Y,A,N,A,H,A,A,,,12,D,,,,,C,Y,N,A,4,0,0,0,21453.0,3,36.32611002,-119.27853993,3
2015,2015-05-31,1305,5,1,13,7,N,A,N,A,H,A,A,07,E,08,C,,,,,E,Y,N,D,2,0,0,0,22107.0,3,36.14785526,-119.06014379,3
2015,2015-05-25,535,5,1,5,1,N,A,N,A,H,B,A,01,S,05,A,,,,,C,Y,N,D,4,0,0,0,21460.0,3,35.91777742,-119.04490586,2
2015,2015-05-24,1220,5,1,12,7,Y,A,N,A,H,A,A,01,,09,D,,,,,C,N,F,A,1,0,0,0,21802.0,2,36.05745003,-118.98611007,4
2015,2015-05-30,1030,5,1,10,6,N,A,N,A,H,A,C,02,N,17,E,,,Y,,I,Y,N,D,1,0,0,1,21662.0,1,35.90277067,-118.65157127,3
2015,2015-05-29,2058,5,1,20,5,N,A,N,A,H,C,A,01,W,00,E,,,,,I,Y,F,D,1,0,0,0,23103.0,2,36.19996721,-119.09343923,3
2015,2015-05-31,154,5,1,1,7,N,A,N,A,H,C,A,01,N,01,E,,,,,I,Y,M,D,1,0,0,0,23152.0,1,36.03694577,-119.03539775,3
2015,2015-05-21,913,5,1,9,4,N,A,N,A,H,A,D,22,N,03,C,,,,,C,Y,N,A,1,0,0,0,22350.0,2,36.24056465,-119.31309158,4
2015,2015-05-20,1112,5,1,11,3,Y,A,N,A,H,A,A,01,,12,D,,,,,C,Y,N,A,1,0,0,0,21453.0,2,36.19661002,-119.33978999,4
2015,2015-05-11,1551,5,1,15,1,N,A,Y,A,H,A,A,01,W,03,C,,,,,C,Y,N,A,1,0,0,0,22350.0,2,36.20917354,-119.3387976,4
2015,2015-05-04,1539,5,1,15,1,N,A,N,A,H,A,G,25,E,09,D,,,,Y,C,Y,N,D,1,0,0,0,21804.0,2,36.18208875,-119.33646507,4
2015,2015-05-16,2226,5,1,22,6,N,A,N,A,H,C,-,99,N,12,A,Y,,,,B,N,F,A,1,1,0,0,22450.0,2,36.20166018,-119.3447159,4
2015,2015-05-14,1508,5,1,15,4,Y,A,N,A,H,A,A,01,,09,D,,,,,C,Y,N,A,1,0,0,0,21801.0,3,36.22576003,-119.34427986,3
2015,2015-05-01,1907,5,1,19,5,N,A,N,A,H,A,A,08,S,05,C,,,,,E,N,N,D,1,0,0,0,21650.0,2,36.22506711,-119.35198775,4
2015,2015-05-04,1443,5,1,14,1,Y,A,N,A,H,A,A,01,,09,D,,,Y,,C,Y,N,D,1,0,0,1,21801.0,2,36.19157011,-119.35209999,2
2015,2015-06-11,1101,6,2,11,4,Y,A,Y,A,H,A,A,01,,01,D,,,,,C,N,N,A,1,0,0,0,23152.0,3,36.06271177,-119.03921014,4
2015,2015-06-13,2,6,2,0,6,N,A,N,A,H,D,A,42,N,01,F,,,,,I,N,N,D,2,0,0,0,23152.0,1,36.43926727,-119.16987609,2
2015,2015-06-12,1720,6,2,17,5,N,A,Y,A,H,A,E,22,N,03,C,,,,,C,Y,N,D,1,0,0,0,22350.0,2,36.3737356,-119.29693698,4
2015,2015-06-07,2310,6,2,23,7,N,A,Y,A,H,D,A,01,S,07,B,,,,,C,Y,N,D,2,0,0,0,21658.0,2,36.25506999,-119.35672231,4
2015,2015-06-05,900,6,2,9,5,N,B,N,A,H,A,A,01,S,03,D,,,,,C,Y,N,A,1,0,0,0,22350.0,2,36.3561147,-119.41244692,4
2015,2015-05-29,239,5,1,2,5,N,A,Y,A,H,D,A,01,N,01,E,,,,,I,Y,N,D,1,0,0,0,23152.0,1,36.35335466,-119.4280712,4
2015,2015-05-30,1707,5,1,17,6,N,A,Y,A,H,A,A,07,N,08,F,,,,,A,Y,N,D,2,0,0,0,22107.0,1,36.30669502,-119.39116458,2
2015,2015-06-09,1840,6,2,18,2,N,B,Y,B,H,A,A,01,S,08,E,,,,,I,Y,N,D,1,0,0,0,22107.0,1,35.86345198,-119.38432154,4
2015,2015-06-06,2030,6,2,20,6,N,A,Y,A,H,D,C,02,S,08,E,,,Y,,I,N,N,D,1,0,0,1,22107.0,1,36.52862406,-119.12667356,4
2015,2015-06-05,940,6,2,9,5,N,A,Y,A,H,A,A,07,W,08,E,,,,,I,Y,N,D,1,0,0,0,22107.0,1,36.48587192,-119.21456688,3
2015,2015-06-05,1550,6,2,15,5,N,B,N,A,H,A,A,01,S,03,C,,,,,C,N,N,D,1,0,0,0,22350.0,2,36.12237725,-119.04904604,4
2015,2015-06-05,1740,6,2,17,5,Y,A,N,A,H,A,-,- ,,12,D,,,,,C,Y,N,A,3,0,0,0,21453.0,2,36.0651501,-119.02000013,3
2015,2015-06-03,1611,6,2,16,3,Y,A,N,A,H,A,-,,,09,D,,,,,C,N,N,A,2,0,0,0,21802.0,2,36.07683006,-119.03053009,3
2015,2015-06-01,1942,6,2,19,1,N,A,N,A,H,B,-,,E,08,C,,,,,E,Y,N,A,2,0,0,0,22107.0,2,36.06597269,-119.03480532,4
2015,2015-06-02,1030,6,2,10,2,N,A,N,A,H,A,-,,E,09,A,,,,,C,N,N,A,1,0,0,0,21801.0,2,36.06959959,-119.03061903,4
2015,2015-05-15,1645,5,1,16,5,Y,A,Y,A,H,A,D,22,,09,D,,,,,C,Y,N,D,2,0,0,0,21802.0,2,36.21067286,-119.11199109,3
2015,2015-06-07,1340,6,2,13,7,N,A,N,A,H,A,C,02,N,03,F,,,Y,,A,Y,N,D,2,0,0,2,22350.0,1,35.9384241,-118.48378658,3
2015,2015-06-05,1640,6,2,16,5,N,B,N,A,H,A,C,02,S,08,E,,,Y,,I,Y,N,D,1,0,0,1,22107.0,1,36.16703149,-119.29571271,4
2015,2015-06-16,1800,6,2,18,2,N,A,N,A,H,A,A,01,E,01,E,,,,,I,N,N,D,1,0,0,0,23152.0,1,36.41383406,-119.15815514,4
2015,2015-05-30,1845,5,1,18,6,N,A,N,A,H,A,C,02,S,01,F,,,Y,,A,N,N,D,1,0,0,1,23152.0,1,36.0403713,-119.01936471,3
2015,2015-06-13,1926,6,2,19,6,Y,A,N,A,H,A,A,01,,12,D,,,,,C,Y,N,D,3,0,0,0,22450.0,2,36.20722009,-119.08253013,3
2015,2015-05-25,1526,5,1,15,1,Y,A,N,A,H,A,-,,,03,C,,,,,C,N,N,D,2,0,0,0,22350.0,2,36.08016005,-119.01495007,4
2015,2015-05-20,1805,5,1,18,3,Y,A,N,A,H,A,A,01,,10,G,Y,,,,B,N,N,-,1,1,0,0,21950.0,2,36.0805501,-119.02632009,4
2015,2015-05-20,808,5,1,8,3,Y,B,N,A,H,A,A,01,,09,D,,,,,C,,N,A,1,0,0,0,21801.0,2,36.08033003,-119.06177012,4
2015,2015-05-27,1923,5,1,19,3,N,A,N,A,H,A,L,04,E,09,H,,Y,,,G,N,N,D,1,0,1,0,21804.0,2,36.09112287,-119.03787792,3
2015,2015-05-23,1648,5,1,16,6,N,A,N,A,H,A,C,02,W,01,D,,,Y,,E,N,N,D,1,0,0,1,23152.0,2,36.06118573,-119.06352554,3
2015,2015-05-22,542,5,1,5,5,N,A,N,A,H,B,-,,N,05,A,,,,,C,Y,N,D,4,0,0,0,21650.0,2,36.08262345,-119.02188063,3
2015,2015-05-16,1627,5,1,16,6,Y,A,N,A,H,A,-,,,12,D,,,,,C,Y,N,A,3,0,0,0,21453.0,2,36.05850003,-119.00779006,4
2015,2015-05-22,1207,5,1,12,5,Y,B,N,A,H,A,-,,,03,D,,,,,C,Y,N,D,2,0,0,0,22350.0,3,36.07670004,-119.02019003,3
2015,2015-04-10,1507,4,1,15,5,Y,A,Y,A,H,A,D,22,,09,D,,,,,C,Y,N,A,3,0,0,0,21453.0,2,36.21137103,-119.31316325,3
2015,2015-06-30,1553,6,2,15,2,Y,A,N,A,H,A,A,07,,09,D,,,,,C,Y,N,A,2,0,0,0,21802.0,2,36.22579006,-119.26037987,4
2015,2015-05-30,1503,5,1,15,6,N,A,Y,A,H,A,D,22,S,01,E,,,,,I,Y,N,D,1,0,0,0,23152.0,1,36.14824851,-119.33031349,3
2015,2015-05-28,2156,5,1,21,4,N,A,N,A,H,C,D,22,W,01,E,,,,,J,Y,N,D,1,0,0,0,23152.0,1,36.37089858,-119.29196812,2
2015,2015-06-14,2,6,2,0,7,N,A,Y,A,H,D,A,01,S,03,C,,,,Y,E,Y,N,D,2,0,0,0,22350.0,4,36.23988588,-119.34524494,3
2015,2015-06-30,500,6,2,5,2,Y,A,N,A,H,D,D,22,,09,D,,,,,C,Y,N,A,4,0,0,0,21802.0,2,36.15279002,-119.06290011,3
2015,2015-06-29,2057,6,2,20,1,N,A,N,A,H,D,M,46,W,02,C,,,,,C,Y,N,D,6,0,0,0,22400.0,2,35.89197413,-119.21744793,2
2015,2015-07-07,1435,7,2,14,2,Y,A,N,A,H,A,A,01,,09,D,,,,,C,Y,N,D,4,0,0,0,21800.0,2,35.8846301,-119.17923985,3
2015,2015-06-10,1405,6,2,14,3,N,A,N,A,H,A,L,04,E,- ,-,,Y,,,G,N,N,D,1,0,1,0,,2,36.20332359,-119.09609513,3
2015,2015-06-19,1705,6,2,17,5,N,A,Y,A,H,A,A,01,W,08,E,,,,,I,Y,N,D,1,0,0,0,22107.0,1,36.45771274,-118.88308016,4
2015,2015-06-18,1325,6,2,13,4,Y,A,N,A,H,A,E,22,,12,D,,,,,C,Y,N,A,1,0,0,0,22450.0,2,36.196191,-119.086569,4
2015,2015-06-28,1925,6,2,19,7,Y,A,N,A,H,A,D,22,,12,D,,,,,D,Y,N,A,2,0,0,0,22450.0,2,36.05865006,-118.97201009,4
2015,2015-06-24,1410,6,2,14,3,N,A,N,A,H,A,A,01,S,09,D,,,,,C,Y,N,D,1,0,0,0,21801.0,2,36.18176,-119.08185,4
2015,2015-06-22,1710,6,2,17,1,N,A,Y,A,H,A,A,07,E,08,F,,,,,A,Y,N,D,1,0,0,0,22107.0,1,36.10263824,-118.85902267,3
2015,2015-05-01,1043,5,1,10,5,N,A,N,A,H,A,A,01,W,05,C,,,,,E,Y,N,A,1,0,0,0,21650.0,2,36.31294877,-119.3179424,3
2015,2015-06-29,1509,6,2,15,1,N,A,N,A,H,A,D,22,N,09,D,,,,,C,Y,N,A,3,0,0,0,21801.0,2,36.2078487,-119.34749344,4
2015,2015-06-13,2344,6,2,23,6,Y,A,N,A,H,C,D,22,,10,D,Y,,,,B,N,F,D,1,1,0,0,21950.0,2,36.2065001,-119.34724996,2
2015,2015-06-26,2145,6,2,21,5,Y,A,N,A,H,C,A,01,,01,D,,,,,C,Y,N,A,1,0,0,0,23152.0,2,36.21082009,-119.42110992,4
2015,2015-06-20,2015,6,2,20,6,N,A,Y,A,H,B,D,22,S,08,D,,,,,C,N,N,D,1,0,0,0,22107.0,2,36.3628128,-119.03628402,4
2015,2015-06-17,1833,6,2,18,3,N,A,N,A,H,A,A,01,W,21,D,,,,,C,N,N,D,1,0,0,0,22106.0,2,36.02224388,-119.04618902,3
2015,2015-06-24,1635,6,2,16,3,N,A,N,A,H,A,A,01,W,03,C,,,,,C,N,N,A,2,0,0,0,22350.0,2,36.0804,-119.038029,4
2015,2015-06-19,1538,6,2,15,5,Y,A,N,A,H,A,-,,,12,D,,,,,C,Y,N,A,1,0,0,0,21453.0,2,36.06512004,-119.01846012,4
2015,2015-06-25,1137,6,2,11,4,N,A,N,A,H,A,A,01,E,08,D,,Y,,,G,N,N,D,1,0,1,0,22107.0,2,36.06513,-119.01491207,4
2015,2015-06-24,1146,6,2,11,3,N,A,N,A,H,A,-,,E,08,E,,,,,I,Y,N,D,1,0,0,0,22107.0,1,36.04390004,-118.97909455,3
2015,2015-06-19,1210,6,2,12,5,N,A,N,A,H,A,A,01,W,03,G,Y,,,,B,N,N,A,1,1,0,0,22350.0,2,36.0612649,-119.02043406,3
2015,2015-06-23,913,6,2,9,2,N,A,N,A,H,A,-,,N,03,C,,,,,C,Y,N,D,1,0,0,0,22350.0,2,36.06289231,-119.07087,4
2015,2015-06-29,1524,6,2,15,1,N,A,Y,A,H,A,-,,E,03,C,,,,,C,N,N,A,2,0,0,0,22350.0,2,36.06834405,-119.03956001,4
2015,2015-05-31,825,5,1,8,7,N,A,N,A,H,A,C,06,E,08,F,,,Y,,I,N,N,D,1,0,0,1,22107.0,1,35.96939773,-119.28904228,3
2015,2015-06-29,1630,6,2,16,1,N,A,N,A,B,A,-,- ,S,18,H,,,,,A,N,N,D,1,0,0,0,,1,36.09821558,-119.05329998,4
2015,2015-07-01,2013,7,2,20,3,N,A,N,A,H,B,L,04,E,01,D,,Y,,,G,N,N,D,1,0,1,0,21200.0,2,36.05847971,-119.00378945,3
2015,2015-07-01,1545,7,2,15,3,N,A,N,A,H,A,-,- ,W,00,C,,,,,C,N,N,A,2,0,0,0,,2,36.0804,-119.040295,4
2015,2015-07-04,245,7,2,2,6,N,A,N,A,H,D,A,01,S,08,E,,,,,I,Y,N,D,1,0,0,0,22107.0,1,35.95697,-119.00021,3
2015,2015-06-21,2135,6,2,21,7,N,A,N,A,H,D,A,01,S,08,D,,,Y,,C,Y,F,D,1,0,0,1,22107.0,3,36.45587511,-119.20569471,2
2015,2015-06-13,1835,6,2,18,6,Y,A,N,A,H,A,-,- ,,04,B,,,Y,,-,N,N,A,1,0,0,1,21703.0,2,36.3151201,-119.26953993,3
2015,2015-06-11,2230,6,2,22,4,Y,A,N,A,H,C,D,22,,05,E,,,,,I,Y,N,A,1,0,0,0,21650.0,1,36.349101,-119.3945895,3
2015,2015-06-08,1126,6,2,11,1,N,A,N,A,H,A,D,22,E,03,C,,,,,C,Y,N,A,1,0,0,0,22350.0,2,36.35648191,-119.36766565,3
2015,2015-06-04,1937,6,2,19,4,Y,A,N,A,H,A,D,22,,09,D,,,,,C,Y,N,A,1,0,0,0,21802.0,2,36.35650011,-119.32232987,3
2015,2015-06-16,1658,6,2,16,2,Y,A,N,A,H,A,D,22,,12,D,,,,,C,Y,N,A,2,0,0,0,21453.0,2,36.32737009,-119.30106999,3
2015,2015-06-20,1142,6,2,11,6,Y,A,N,A,H,A,D,22,,10,G,Y,,,,B,N,N,D,1,1,0,0,21950.0,2,36.34184004,-119.29762987,3
2015,2015-06-20,1756,6,2,17,6,Y,A,N,A,H,A,-,- ,,00,D,,,,,C,Y,N,A,2,0,0,0,21653.0,2,36.32697009,-119.33624988,3
2015,2015-06-29,2246,6,2,22,1,N,A,N,A,H,D,A,01,S,01,E,,,,,I,Y,N,A,1,0,0,0,23152.0,1,36.48872,-119.49389,3
2015,2015-06-25,1202,6,2,12,4,Y,A,N,A,-,A,A,01,,09,-,,,,,C,Y,N,A,2,0,0,0,21802.0,2,36.33695008,-119.28788991,4
2015,2015-06-14,1326,6,2,13,7,N,A,Y,A,H,A,A,08,N,09,D,,,,,C,Y,N,D,1,0,0,0,21804.0,2,36.31430848,-119.31397207,4
2015,2015-06-14,2207,6,2,22,7,N,A,N,A,H,D,A,01,W,08,C,Y,,,,B,N,F,D,1,1,0,0,22107.0,2,36.34188725,-119.27164563,4
2015,2015-06-17,1053,6,2,10,3,N,A,N,A,H,A,L,04,N,05,A,,Y,,,G,N,N,A,1,0,1,0,21650.0,2,36.32359268,-119.26079106,4
2015,2015-06-18,2107,6,2,21,4,N,A,Y,A,H,-,A,01,N,03,C,,,,,C,Y,N,D,1,0,0,0,22350.0,2,36.29676541,-119.31376811,4
2015,2015-06-22,1510,6,2,15,1,Y,A,N,A,H,A,A,01,,09,D,,,,,C,Y,N,D,1,0,0,0,21800.0,2,36.35388001,-119.31825989,3
2015,2015-06-22,1612,6,2,16,1,N,A,N,A,H,A,A,01,N,03,C,,,,,C,Y,N,A,2,0,0,0,22350.0,4,36.33616932,-119.36768,4
2015,2015-06-24,1054,6,2,10,3,Y,A,N,A,H,A,L,,,05,D,,Y,,,G,N,N,-,1,0,1,0,21650.0,2,36.33192007,-119.33074997,4
2015,2015-06-25,1009,6,2,10,4,Y,A,N,A,H,A,A,01,,12,D,,,,,C,Y,N,A,1,0,0,0,21453.0,2,36.31280011,-119.33615997,4
2015,2015-06-25,1706,6,2,17,4,Y,A,N,A,H,A,L,04,,05,D,,Y,,,G,N,N,A,1,0,1,0,21650.0,2,36.32645007,-119.26963992,3
2015,2015-05-15,1430,5,1,14,5,Y,A,N,A,H,A,C,03,,09,A,,,Y,,C,Y,N,A,1,0,0,1,21801.0,2,36.34193005,-119.26557994,2
2015,2015-07-13,2151,7,2,21,1,N,A,N,A,H,C,A,01,N,03,C,,,,,C,Y,N,D,2,0,0,0,22350.0,2,36.48855057,-119.39475238,3
2015,2015-06-13,1321,6,2,13,6,Y,A,N,A,H,A,A,07,,09,D,,,,,C,Y,N,D,4,0,0,0,21804.0,2,36.31234007,-119.21142992,3
2015,2015-07-03,1100,7,2,11,5,N,A,N,A,H,A,A,08,S,09,D,,,,,C,Y,N,D,1,0,0,0,21801.0,2,36.14636133,-119.06128265,4
2015,2015-06-02,1733,6,2,17,2,Y,A,N,A,H,A,A,01,,09,D,,,,,C,Y,N,A,2,0,0,0,21802.0,2,36.06690011,-119.00998012,3
2015,2015-06-14,857,6,2,8,7,N,A,Y,A,H,A,A,01,S,03,C,,,,,C,N,N,A,1,0,0,0,22350.0,2,36.31849341,-119.31402556,4
2015,2015-06-05,1303,6,2,13,5,Y,A,N,A,H,A,A,01,,09,D,,,Y,,C,N,N,A,1,0,0,1,21802.0,2,36.32314006,-119.26077993,3
2015,2015-06-04,2044,6,2,20,4,Y,A,N,A,H,C,A,,,10,G,,Y,,,G,N,N,A,1,0,1,0,21950.0,2,36.33374006,-119.30223999,3
2015,2015-06-06,2115,6,2,21,6,Y,A,N,A,H,C,A,01,,08,D,,,,,C,Y,N,A,3,0,0,0,22107.0,2,36.32744007,-119.28894991,3
2015,2015-06-07,1724,6,2,17,7,Y,A,N,A,A,A,L,04,,05,D,,Y,,,G,N,N,A,1,0,1,0,21650.0,2,36.34185008,-119.28319994,4
2015,2015-06-10,1438,6,2,14,3,N,A,N,A,H,A,A,01,E,05,C,,,,,C,Y,N,A,1,0,0,0,21650.0,2,,,3
2015,2015-06-10,1316,6,2,13,3,N,A,Y,A,H,A,-,- ,S,03,E,,,,,I,Y,N,D,2,0,0,0,22350.0,1,36.3422759,-119.24538561,4
2015,2015-07-08,1415,7,2,14,3,Y,A,N,A,H,A,-,- ,,00,D,,,,,C,Y,N,D,1,0,0,0,,2,36.34502009,-119.41245988,4
2015,2015-07-11,429,7,2,4,6,N,A,N,A,H,D,D,22,W,08,F,,,,,A,Y,N,D,2,0,0,0,22107.0,1,35.96416633,-119.36477976,2
2015,2015-07-15,1756,7,2,17,3,Y,A,Y,A,H,A,A,01,,09,A,,,,,C,Y,N,D,1,0,0,0,21801.0,2,36.26446894,-119.36271088,3
2015,2015-07-18,1145,7,2,11,6,N,A,Y,A,H,A,C,02,N,03,F,,,Y,,A,Y,N,D,1,0,0,1,22350.0,1,36.53200139,-119.1270608,3
2015,2015-07-19,2140,7,2,21,7,Y,A,N,A,H,C,A,01,,09,D,,,,,C,Y,F,D,1,0,0,0,21801.0,2,36.54490634,-119.30502981,4
2015,2015-07-15,719,7,2,7,3,Y,A,N,A,H,A,A,01,,12,D,,,,,C,Y,N,A,4,0,0,0,22450.0,2,36.42863012,-119.27787996,2
2015,2015-07-09,1705,7,2,17,4,N,A,Y,A,H,A,A,01,E,03,C,,,,,C,Y,N,D,3,0,0,0,22350.0,3,36.32695202,-119.30532719,4
2015,2015-07-19,1055,7,2,10,7,N,A,N,A,H,A,A,01,E,08,F,,,,,A,Y,N,D,1,0,0,0,22107.0,1,36.00769833,-119.23987047,3
2015,2015-05-17,2055,5,1,20,7,N,A,N,A,H,D,N,60,S,11,G,Y,,,,B,Y,N,A,1,1,0,0,21954.0,2,36.34035622,-119.2788139,2
2015,2015-05-17,1556,5,1,15,7,Y,A,N,A,H,A,A,01,,01,D,,,,,C,Y,N,A,4,0,0,0,23153.0,3,36.3265001,-119.30545989,2
2015,2015-07-03,650,7,2,6,5,N,A,N,A,H,A,D,22,E,03,C,,,,,C,Y,N,D,1,0,0,0,22350.0,2,36.52376461,-119.35828006,4
2015,2015-06-23,1803,6,2,18,2,N,A,Y,A,H,A,A,01,W,07,C,,,,,C,Y,N,D,2,0,0,0,21658.0,3,36.32713043,-119.31660596,3
2015,2015-07-05,1330,7,2,13,7,N,A,N,A,D,A,A,07,W,03,C,,,,,C,Y,N,D,1,0,0,0,22350.0,2,36.54611665,-119.42230314,4
2015,2015-06-28,130,6,2,1,7,N,B,N,A,H,D,A,01,W,08,E,,,,,I,N,N,D,1,0,0,0,22107.0,1,36.53810845,-119.34948471,4
2015,2015-06-17,1746,6,2,17,3,N,A,N,A,H,A,A,01,S,08,D,,,,,C,Y,N,A,1,0,0,0,22107.0,2,36.22167,-119.33274,3
2015,2015-06-30,1030,6,2,10,2,Y,A,N,A,H,A,C,02,,03,C,,,Y,,C,Y,N,D,1,0,0,1,22350.0,2,36.19279008,-119.32276995,3
2015,2015-06-29,1217,6,2,12,1,N,A,N,A,H,A,A,01,N,09,D,,,,,C,Y,N,D,1,0,0,0,21802.0,2,36.22067293,-119.35543,4
2015,2015-06-25,1332,6,2,13,4,N,A,Y,A,H,A,A,01,N,21,C,,,,,C,N,N,A,1,0,0,0,22106.0,2,36.20978823,-119.33080845,4
2015,2015-06-29,605,6,2,6,1,N,B,N,A,H,A,A,01,N,01,E,,,,,I,Y,N,D,1,0,0,0,23152.0,1,36.0780777,-119.10751283,3