ACCIDENT_YEAR,COLLISION_DATE,COLLISION_TIME,MONTH,SEASON,24HOURS,DAY_OF_WEEK,INTERSECTION,WEATHER_1,STATE_HWY_IND,ROAD_SURFACE,ROAD_COND_1,LIGHTING,STWD_VEHTYPE_AT_FAULT,CHP_VEHTYPE_AT_FAULT,DIRECTION,PCF_VIOL_CATEGORY,TYPE_OF_COLLISION,PEDESTRIAN_ACCIDENT,BICYCLE_ACCIDENT,MOTORCYCLE_ACCIDENT,TRUCK_ACCIDENT,MVIW,TOW_AWAY,HIT_AND_RUN,CONTROL_DEVICE,NUMBER_INJURED,COUNT_PED_INJURED,COUNT_BICYCLIST_INJURED,COUNT_MC_INJURED,PCF_VIOLATION,PARTY_COUNT,POINT_Y,POINT_X,COLLISION_SEVERITY
2015,2015-10-02,1331,10,3,13,5,N,A,Y,A,H,A,-,,N,03,C,,,,,D,Y,N,D,2,0,0,0,22350.0,3,36.09156471,-119.03961249,3
2015,2015-10-07,1250,10,3,12,3,N,A,N,A,H,A,A,01,W,03,B,,Y,,,G,N,F,A,1,0,1,0,22350.0,2,36.08614002,-119.05277013,3
2015,2015-10-06,1530,10,3,15,2,N,A,N,A,H,A,A,01,S,10,G,Y,,,,B,N,N,A,1,1,0,0,21950.0,2,36.06590007,-119.0294,3
2015,2015-10-08,718,10,3,7,4,Y,A,N,A,H,A,-,,,09,C,,Y,,,G,N,N,A,1,0,1,0,21802.0,2,36.08264006,-119.07241002,4
2015,2015-10-23,1732,10,3,17,5,Y,A,N,A,H,A,-,,,03,C,,,,,C,Y,N,A,1,0,0,0,22350.0,2,36.05307006,-119.01708004,3
2015,2015-10-06,1415,10,3,14,2,N,A,N,A,H,A,D,22,S,09,B,,,,,C,Y,N,A,1,0,0,0,21804.0,2,36.31972958,-119.32728203,4
2015,2015-10-21,1749,10,3,17,3,N,A,N,A,H,A,-,- ,N,08,B,,,,,C,Y,N,D,2,0,0,0,22107.0,2,36.31339234,-119.29201737,3
2015,2015-10-29,831,10,3,8,4,Y,B,N,A,H,A,A,,,09,D,,,,,C,Y,N,A,1,0,0,0,21801.0,2,36.305523,-119.3360715,4
2015,2015-10-05,807,10,3,8,1,Y,A,N,A,H,A,D,22,,12,D,,,,,C,Y,N,A,2,0,0,0,21453.0,2,36.32741011,-119.30546992,3
2015,2015-10-08,1527,10,3,15,4,N,A,N,A,H,A,A,01,S,08,C,,,,,E,Y,N,D,1,0,0,0,22107.0,2,36.32497363,-119.26080882,3
2015,2015-10-08,2204,10,3,22,4,Y,A,Y,A,H,C,D,22,,01,B,,,,,C,Y,N,A,2,0,0,0,23152.0,2,36.31298663,-119.3139587,4
2015,2015-10-12,1106,10,3,11,1,Y,A,N,A,H,A,D,,,12,D,,,,,C,Y,F,C,1,0,0,0,21453.0,2,36.31264003,-119.27399995,4
2015,2015-10-13,1622,10,3,16,2,Y,A,N,A,H,A,A,07,,12,D,,,,,I,Y,N,A,1,0,0,0,21453.0,2,36.3263901,-119.28324992,4
2015,2015-10-21,1205,10,3,12,3,Y,A,Y,A,H,A,A,01,,03,C,,,,,C,N,N,A,1,0,0,0,22350.0,2,36.3132671,-119.31396217,4
2015,2015-10-10,1656,10,3,16,6,Y,A,N,A,H,A,-,- ,,10,G,,Y,,,G,N,N,D,1,0,1,0,21950.0,2,36.30557002,-119.35514994,3
2015,2015-10-19,1209,10,3,12,1,Y,B,N,A,H,A,A,01,,12,D,,,,,C,Y,N,A,3,0,0,0,21453.0,2,36.32754008,-119.31409993,3
2015,2015-10-19,535,10,3,5,1,N,A,N,A,H,C,A,01,W,12,G,Y,,,,B,N,M,A,1,1,0,0,22450.0,2,36.34637984,-119.32314018,4
2015,2015-10-14,1224,10,3,12,3,Y,A,Y,A,H,A,-,- ,,12,B,,,,,C,N,N,A,1,0,0,0,21453.0,2,36.33379095,-119.29237033,4
2015,2015-10-07,1243,10,3,12,3,N,A,N,A,H,A,A,07,S,09,D,,,,,C,Y,N,A,2,0,0,0,21804.0,2,36.33829749,-119.33194846,4
2015,2015-10-07,731,10,3,7,3,N,A,N,A,H,A,A,01,E,03,C,,,,,C,N,N,A,1,0,0,0,22350.0,2,36.32679125,-119.25983915,4
2015,2015-10-09,739,10,3,7,5,Y,A,N,A,H,A,L,04,,05,E,,Y,,,G,N,N,A,1,0,1,0,21650.0,2,36.34932001,-119.31424993,4
2015,2015-10-07,2005,10,3,20,3,N,A,N,A,G,C,A,01,S,04,C,,,,,C,N,N,D,1,0,0,0,21703.0,2,36.31729414,-119.33171072,4
2015,2015-10-09,1955,10,3,19,5,Y,A,Y,A,H,C,L,04,,05,D,,Y,,,G,N,N,D,1,0,1,0,21650.0,2,36.30510808,-119.31386763,3
2015,2015-10-09,951,10,3,9,5,Y,A,N,A,H,A,A,01,,12,D,,,,,C,N,N,A,1,0,0,0,21453.0,2,36.32640001,-119.28893989,3
2015,2015-10-06,730,10,3,7,2,N,A,N,A,H,A,L,04,E,06,E,,Y,,,G,N,N,D,1,0,1,0,21755.0,2,36.33009462,-119.30312749,3
2015,2015-10-31,2052,10,3,20,6,N,A,N,A,H,C,-,- ,W,07,B,,,Y,,C,Y,N,D,1,0,0,1,21658.0,2,36.29816,-119.28717339,3
2015,2015-10-03,1704,10,3,17,6,Y,A,N,A,H,A,A,01,,12,D,,,,,C,Y,N,A,1,0,0,0,21453.0,2,36.32785009,-119.33624996,4
2015,2015-10-26,754,10,3,7,1,N,B,N,A,H,A,A,01,S,08,D,,,,,C,Y,N,D,1,0,0,0,22107.0,2,36.32384691,-119.30103072,4
2015,2015-10-06,735,10,3,7,2,N,B,Y,A,H,A,-,,W,21,C,,,,,C,N,N,A,1,0,0,0,22106.0,2,36.34006135,-119.29483093,4
2015,2015-10-30,1916,10,3,19,5,Y,A,N,A,H,C,A,01,,09,D,,,,,C,Y,N,A,2,0,0,0,21801.0,2,36.3344901,-119.34985987,3
2015,2015-10-07,1725,10,3,17,3,Y,A,Y,A,H,A,A,07,,07,B,,,,,D,N,N,A,2,0,0,0,21658.0,2,36.21492456,-119.31299725,4
2015,2015-10-28,1307,10,3,13,3,N,B,Y,A,-,A,L,04,N,05,D,,Y,,,C,N,N,D,1,0,1,0,21650.0,2,36.30980455,-119.31375741,4
2015,2015-10-06,1638,10,3,16,2,Y,A,N,A,H,A,-,- ,,12,-,,,,,C,Y,N,A,1,0,0,0,21453.0,2,36.32737009,-119.30106999,4
2015,2015-10-28,814,10,3,8,3,Y,B,N,B,H,A,A,07,,09,A,,,,,C,Y,N,A,1,0,0,0,21800.0,2,36.34191009,-119.31001985,3
2015,2015-10-23,1445,10,3,14,5,N,A,N,A,H,A,A,01,E,04,C,,,,,C,Y,N,A,1,0,0,0,21703.0,2,36.29855826,-119.31332285,4
2015,2015-10-26,707,10,3,7,1,Y,A,N,A,H,B,-,,,09,D,,,,,C,Y,N,A,2,0,0,0,21802.0,2,36.34194003,-119.3183399,4
2015,2015-10-01,1803,10,3,18,4,N,A,Y,A,H,A,L,04,E,12,A,,Y,,,G,N,N,A,1,0,1,0,21453.0,2,36.3256368,-119.31394672,3
2015,2015-10-23,1620,10,3,16,5,N,A,N,A,H,A,A,07,W,09,D,,,,,C,Y,N,A,1,0,0,0,21802.0,2,36.29436639,-119.3075336,4
2015,2015-10-23,137,10,3,1,5,N,A,N,A,H,C,A,01,W,01,B,,,,,C,Y,N,D,1,0,0,0,23152.0,2,36.29813685,-119.29941482,3
2015,2015-10-02,2111,10,3,21,5,N,A,Y,A,H,C,N,60,W,09,G,Y,Y,,,-,N,N,A,1,1,0,0,21453.0,2,36.33015537,-119.29235841,4
2015,2015-10-26,1150,10,3,11,1,N,A,N,A,B,A,C,02,N,03,H,,,Y,,A,Y,N,D,1,0,0,1,22350.0,1,36.31773301,-119.20695662,2
2015,2015-11-09,951,11,3,9,1,N,B,Y,-,H,A,-,,W,21,D,,,,,C,Y,N,D,2,0,0,0,22106.0,2,36.20877568,-119.10800904,4
2015,2015-11-03,1646,11,3,16,2,Y,C,Y,B,H,A,-,,,09,D,,,,,C,Y,N,A,2,0,0,0,21801.0,2,36.06392617,-119.0395023,4
2015,2015-11-02,1357,11,3,13,1,Y,C,N,B,H,A,A,07,,07,D,,,,,C,Y,N,A,1,0,0,0,21658.0,2,36.33099002,-119.30708987,4
2015,2015-11-02,957,11,3,9,1,N,C,N,B,H,A,C,02,N,05,B,,,Y,,C,N,N,A,1,0,0,1,21650.0,2,36.30081549,-119.31074,3
2015,2015-11-01,1856,11,3,18,7,N,A,N,A,H,C,A,01,N,04,C,,,,,C,Y,N,A,2,0,0,0,21703.0,2,36.31557116,-119.33170089,4
2015,2015-10-24,2335,10,3,23,6,N,A,N,A,H,C,A,07,E,01,C,,,,,C,Y,M,D,1,0,0,0,23152.0,3,36.2018746,-119.34276265,3
2015,2015-10-28,1429,10,3,14,3,Y,A,N,A,H,A,A,01,,09,D,,,,,C,Y,N,A,1,0,0,0,21801.0,2,36.22576003,-119.34427986,4
2015,2015-10-23,1330,10,3,13,5,Y,A,Y,A,H,A,-,,,03,C,,,,,C,Y,N,A,1,0,0,0,22350.0,2,36.20293982,-119.1041124,3
2015,2015-10-15,655,10,3,6,4,N,C,Y,B,H,C,-,- ,S,18,E,,,,,I,Y,N,A,1,0,0,0,,1,36.20264792,-119.10417343,4
2015,2015-11-19,925,11,3,9,4,Y,A,N,A,H,A,D,22,,09,A,,,,,C,N,N,A,1,0,0,0,21801.0,2,36.06589011,-119.04723012,4
2015,2015-11-16,1921,11,3,19,1,N,A,N,A,H,C,-,,S,08,C,,,,,C,N,N,A,3,0,0,0,22107.0,3,36.0532137,-119.02623385,4
2015,2015-11-02,1715,11,3,17,1,Y,B,N,B,H,C,-,,,10,G,Y,,,,B,N,F,A,1,1,0,0,21950.0,2,36.06946002,-119.01624007,4
2015,2015-11-05,1943,11,3,19,4,N,A,Y,A,H,C,L,04,W,05,B,,Y,,,G,Y,F,A,1,0,1,0,21650.0,2,36.08428551,-119.0394422,4
2015,2015-11-04,1132,11,3,11,3,Y,A,N,A,H,A,-,,,08,D,,,,,C,Y,N,A,2,0,0,0,22107.0,2,36.06314003,-119.00801001,4
2015,2015-11-07,1548,11,3,15,6,Y,A,Y,A,H,A,-,,,12,D,,,,,C,Y,N,A,1,0,0,0,21453.0,2,36.06271177,-119.03921014,4
2015,2015-11-03,1651,11,3,16,2,Y,A,Y,A,H,B,-,,,03,D,,,,,C,N,N,D,1,0,0,0,22350.0,2,36.05107626,-118.99580287,4
2015,2015-11-03,1929,11,3,19,2,N,B,N,A,H,C,-,,N,01,E,,,,,I,Y,N,D,1,0,0,0,23152.0,1,36.0563126,-119.0262509,2
2015,2015-11-07,1825,11,3,18,6,N,A,N,A,H,D,-,,N,01,F,,,,,A,N,N,D,2,0,0,0,23152.0,1,36.1060287,-119.04079646,3
2015,2015-10-13,1518,10,3,15,2,Y,A,Y,A,H,A,-,,,09,D,,,,,C,N,N,D,1,0,0,0,21801.0,2,36.20496601,-119.34861557,4
2015,2015-11-22,1341,11,3,13,7,Y,A,Y,A,H,A,A,01,,17,D,,,,,C,N,N,A,4,0,0,0,21451.0,2,36.20327203,-119.10465752,4
2015,2015-11-29,1656,11,3,16,7,N,A,N,A,H,B,A,07,S,05,B,,,,,C,Y,N,D,1,0,0,0,21752.0,2,36.21340672,-119.09163952,3
2015,2015-12-02,1622,12,4,16,3,N,A,N,A,H,B,A,01,N,03,C,,,,,C,N,N,A,2,0,0,0,22350.0,2,36.06384646,-119.01648965,4
2015,2015-11-12,1840,11,3,18,4,Y,A,Y,A,H,C,-,,,08,C,,,,,C,Y,N,D,1,0,0,0,22107.0,2,36.05121043,-118.99583627,4
2015,2015-11-18,749,11,3,7,3,N,A,N,A,H,A,-,,N,03,C,,,,,C,Y,N,A,1,0,0,0,22350.0,5,36.08281998,-119.02206659,4
2015,2015-11-18,1048,11,3,10,3,Y,A,N,A,H,A,-,,,12,D,,,,,C,Y,N,A,1,0,0,0,21453.0,3,36.06962007,-119.03511003,4
2015,2015-11-23,1532,11,3,15,1,N,A,N,A,H,A,N,60,E,17,G,Y,,,,B,N,N,D,1,1,0,0,21712.0,2,36.0837817,-119.01388496,3
2015,2015-11-24,1431,11,3,14,2,Y,A,N,A,H,A,A,01,,09,A,,,,,C,Y,N,A,1,0,0,0,21801.0,2,36.06603001,-119.03818014,4
2015,2015-11-25,1128,11,3,11,3,N,B,Y,A,H,A,-,,N,03,C,,,,,C,N,N,A,1,0,0,0,22350.0,2,36.05115902,-119.00818431,4
2015,2015-11-24,1842,11,3,18,2,Y,C,N,B,H,C,-,,,09,A,,,,,C,N,F,A,1,0,0,0,21801.0,2,36.07328001,-119.04392014,4
2015,2015-11-14,314,11,3,3,6,N,A,N,A,H,C,-,,N,03,E,,,,,I,N,M,D,1,0,0,0,22350.0,1,36.08618047,-119.05009062,4
2015,2015-12-01,1018,12,4,10,2,Y,A,N,A,H,A,A,01,,12,D,,,,,D,N,N,A,1,0,0,0,21453.0,2,36.06579001,-119.0619101,4
2015,2015-11-24,1230,11,3,12,2,N,A,N,A,H,A,F,21,E,09,B,,,,Y,C,N,N,D,1,0,0,0,21804.0,2,36.20319943,-119.10215803,4
2015,2015-11-21,1705,11,3,17,6,Y,A,N,A,H,C,A,01,,03,C,,,,,C,Y,N,D,2,0,0,0,22350.0,2,36.31234007,-119.21142992,3
2015,2015-11-23,1645,11,3,16,1,N,A,N,A,H,B,A,07,E,09,D,,,,Y,C,Y,N,D,3,0,0,0,21802.0,2,36.2104507,-119.10017922,4
2015,2015-11-19,1328,11,3,13,4,N,A,N,A,H,A,L,04,W,08,D,,Y,,,G,Y,N,D,1,0,1,0,22107.0,2,36.22205712,-119.34145735,2
2015,2015-11-01,26,11,3,0,7,N,A,N,A,H,C,L,04,W,01,C,,Y,,,E,N,N,D,1,0,1,0,21200.0,2,36.19961007,-119.33617677,4
2015,2015-11-30,1211,11,3,12,1,N,A,Y,A,H,A,N,60,S,11,G,Y,,,,B,N,N,A,1,1,0,0,21956.0,2,36.30497,-119.31386595,4
2015,2015-11-29,2129,11,3,21,7,Y,A,Y,A,H,C,A,01,,12,A,,,,,C,Y,N,A,2,0,0,0,21453.0,3,36.32643203,-119.29226957,4
2015,2015-11-29,1126,11,3,11,7,Y,A,N,A,H,A,A,01,,08,A,,,,,C,Y,N,A,2,0,0,0,22107.0,2,36.31287009,-119.28966999,3
2015,2015-11-27,1102,11,3,11,5,N,A,N,A,H,A,F,26,N,04,C,,,,Y,C,N,N,A,1,0,0,0,21703.0,2,36.31312465,-119.3120709,4
2015,2015-11-26,2206,11,3,22,4,Y,A,N,A,H,C,A,01,,01,A,,,,Y,C,Y,N,A,1,0,0,0,23153.0,2,36.32810001,-119.26084991,3
2015,2015-11-07,853,11,3,8,6,Y,A,N,A,H,A,D,22,,12,D,,,,,C,N,N,A,2,0,0,0,21453.0,2,36.32744005,-119.29230987,4
2015,2015-11-05,656,11,3,6,4,N,A,N,A,H,A,D,22,S,03,C,,,,,C,Y,N,D,2,0,0,0,22350.0,3,36.33513494,-119.33191,4
2015,2015-11-03,616,11,3,6,2,Y,B,Y,B,H,B,D,22,,12,D,,,,,C,Y,N,A,3,0,0,0,21453.0,2,36.34166104,-119.29672246,4
2015,2015-11-02,1655,11,3,16,1,Y,C,N,B,H,B,A,07,,08,D,,,,,C,Y,N,A,1,0,0,0,22107.0,2,36.33462011,-119.2787799,4
2015,2015-10-28,1200,10,3,12,3,Y,A,N,A,-,A,D,22,,01,-,,,,,C,Y,N,A,2,0,0,0,23152.0,2,36.3265001,-119.30545989,4
2015,2015-11-30,1907,11,3,19,1,N,A,N,A,H,C,L,04,E,00,D,,Y,,,G,N,N,A,1,0,1,0,22650.0,2,36.32020066,-119.31529932,4
2015,2015-11-18,1646,11,3,16,3,N,A,N,A,-,B,D,22,N,08,D,,,,,C,N,N,D,1,0,0,0,22107.0,2,36.30841895,-119.28734055,4
2015,2015-11-12,1721,11,3,17,4,Y,A,N,A,H,C,N,60,,11,B,Y,,,,B,N,N,A,1,1,0,0,21955.0,2,36.31278003,-119.34597997,3
2015,2015-11-16,926,11,3,9,1,Y,A,Y,A,H,A,D,22,,12,D,,,,,C,Y,N,A,2,0,0,0,21453.0,2,36.34199266,-119.29682502,3
2015,2015-11-14,2347,11,3,23,6,Y,A,N,A,H,C,D,22,,01,D,,,,,C,Y,M,A,1,0,0,0,23152.0,2,36.35640004,-119.39474989,4
2015,2015-11-13,1227,11,3,12,5,N,A,N,A,H,A,D,22,S,01,-,,,,,C,Y,N,A,2,0,0,0,23152.0,3,36.32662001,-119.26082995,4
2015,2015-11-09,1237,11,3,12,1,Y,B,Y,A,H,A,D,,,09,D,,,,,C,Y,N,A,3,0,0,0,21802.0,2,36.33534003,-119.29350957,4
2015,2015-11-13,813,11,3,8,5,Y,A,Y,A,H,A,D,22,,12,D,,,,,C,Y,N,A,1,0,0,0,21453.0,2,36.33109598,-119.29346096,3
2015,2015-11-28,1722,11,3,17,6,Y,A,N,A,H,C,L,04,,05,D,,Y,,,G,N,N,A,1,0,1,0,21650.0,2,36.31560007,-119.31206994,3
2015,2015-11-28,2108,11,3,21,6,N,A,N,A,-,C,A,01,W,04,C,,,,,C,Y,N,A,2,0,0,0,21703.0,3,36.34019646,-119.33984262,4
2015,2015-11-30,1458,11,3,14,1,N,A,N,A,H,A,L,04,E,09,B,,Y,,,G,N,N,D,1,0,1,0,21804.0,2,36.31343339,-119.27266527,3
2015,2015-11-26,1040,11,3,10,4,Y,A,N,A,H,A,A,01,,12,D,,,,,C,Y,N,A,3,0,0,0,22450.0,2,36.3345301,-119.30223989,3
2015,2015-11-26,2114,11,3,21,4,Y,A,N,A,H,C,A,,,12,D,,,,,C,Y,N,A,1,0,0,0,21453.0,2,36.31287004,-119.2874299,4
2015,2015-11-10,1554,11,3,15,2,Y,B,N,A,H,A,A,07,,09,D,,,,,B,Y,N,A,2,0,0,0,21801.0,3,36.3129601,-119.31206989,4
2015,2015-11-27,1940,11,3,19,5,N,A,N,A,H,C,A,,S,01,A,,,,,C,Y,N,A,2,0,0,0,23153.0,2,36.3389006,-119.31424327,3
2015,2015-11-11,1910,11,3,19,3,N,A,N,A,H,C,A,01,E,08,E,,,,,I,Y,N,A,1,0,0,0,22107.0,1,36.32733668,-119.27240943,2
2015,2015-11-24,1229,11,3,12,2,N,A,N,A,H,A,A,01,S,05,E,,,,,I,Y,N,D,1,0,0,0,21650.0,1,36.30896589,-119.29181749,3
2015,2015-11-12,948,11,3,9,4,Y,A,Y,A,H,A,-,- ,,12,D,,,,,C,N,N,A,2,0,0,0,21453.0,2,36.33109598,-119.29346096,4
2015,2015-11-24,2052,11,3,20,2,Y,C,N,B,H,C,A,01,,09,D,,Y,,,G,N,N,A,1,0,1,0,21802.0,2,36.35013009,-119.30564994,3
2015,2015-11-25,2327,11,3,23,3,Y,A,Y,A,H,C,A,07,,12,D,,,,,C,Y,N,A,2,0,0,0,21453.0,2,36.34017503,-119.29656157,4
2015,2015-11-17,1206,11,3,12,2,Y,A,N,A,H,A,A,01,,- ,A,,,,,C,Y,N,A,3,0,0,0,,2,36.33374008,-119.29773994,3
2015,2015-11-18,1414,11,3,14,3,N,A,N,A,H,A,A,01,S,09,D,,,,,C,Y,N,D,1,0,0,0,21804.0,3,36.29814561,-119.32258492,4
2015,2015-11-20,1450,11,3,14,5,N,A,N,A,-,A,A,07,E,17,-,,,,,A,N,N,A,1,0,0,0,21712.0,1,36.30812377,-119.30411725,2
2015,2015-11-15,749,11,3,7,7,N,A,N,A,H,A,A,01,N,03,E,,,,,-,N,N,A,1,0,0,0,22350.0,1,36.3033718,-119.2759072,4
2015,2015-11-02,842,11,3,8,1,N,B,N,A,H,A,L,04,W,08,D,,Y,,,C,N,N,D,1,0,1,0,22107.0,2,36.30411227,-119.34310232,4
2015,2015-11-04,1256,11,3,12,3,Y,A,Y,A,H,A,A,01,,12,D,,,,,C,Y,N,A,1,0,0,0,21453.0,3,36.30028595,-119.31363864,3
2015,2015-11-05,1550,11,3,15,4,Y,A,N,A,H,A,C,02,,09,D,,,Y,,C,Y,N,A,2,0,0,2,21801.0,2,36.32358001,-119.34070999,3
2015,2015-10-24,1846,10,3,18,6,Y,A,N,A,H,C,A,01,,01,E,,,,,C,Y,N,D,1,0,0,0,23152.0,2,36.31687004,-119.32586992,4
2015,2015-11-05,1751,11,3,17,4,Y,A,N,A,H,C,A,01,,12,D,,,,,C,Y,N,D,1,0,0,0,22450.0,2,36.33531008,-119.29575989,4
2015,2015-10-26,1156,10,3,11,1,Y,A,N,A,H,A,A,08,,12,D,,,,,C,N,N,A,1,0,0,0,21453.0,2,36.32644011,-119.29229993,4
2015,2015-11-07,1448,11,3,14,6,N,A,N,A,H,A,L,04,S,05,D,,Y,,,G,N,N,D,1,0,1,0,21202.0,2,36.30529074,-119.29175367,3
2015,2015-11-08,2033,11,3,20,7,Y,A,N,A,H,C,A,,,12,D,,,,,C,Y,N,A,3,0,0,0,21453.0,2,36.32785009,-119.33624996,3
2015,2015-11-09,1533,11,3,15,1,N,C,N,B,H,A,N,60,W,11,D,Y,,,,B,N,N,A,1,1,0,0,21461.0,2,36.32008005,-119.30540996,3
2015,2015-12-05,1737,12,4,17,6,N,A,N,A,H,C,L,04,E,05,D,,Y,,,G,Y,N,D,1,0,0,0,21650.0,2,36.06509242,-119.0124183,1
2015,2015-12-07,1625,12,4,16,1,N,A,N,A,H,A,A,01,W,03,C,,,,,C,N,N,D,3,0,0,0,22350.0,2,,,4
2015,2015-12-09,722,12,4,7,3,N,A,Y,A,H,A,A,01,N,03,C,,,,,C,N,N,A,1,0,0,0,22350.0,2,36.09853386,-119.04030809,4
2015,2015-12-08,1651,12,4,16,2,Y,A,N,A,H,B,A,01,,09,H,,,Y,,A,N,N,A,1,0,0,1,21801.0,2,36.06590004,-119.03814,3
2015,2015-12-11,1451,12,4,14,5,N,C,N,B,H,A,A,01,S,09,D,,,,,C,Y,N,D,1,0,0,0,21804.0,2,36.21249708,-119.0960893,4
2015,2015-12-14,1129,12,4,11,1,N,B,N,A,H,A,-,,E,03,H,,,,,A,N,N,D,3,0,0,0,22350.0,1,36.08054348,-119.02943601,4
2015,2015-12-06,2040,12,4,20,7,N,A,N,-,H,D,-,,E,08,D,,,,,C,Y,N,D,1,0,0,0,22103.0,2,36.09829866,-119.04427125,3
2015,2015-12-06,2350,12,4,23,7,Y,A,Y,A,H,C,-,- ,,12,D,,,,,C,Y,N,A,1,0,0,0,21453.0,2,36.08312491,-119.03906252,3
2015,2015-05-24,857,5,1,8,7,N,A,N,A,D,A,D,22,W,09,A,,,,,C,Y,N,D,1,0,0,0,21801.0,2,36.54592571,-119.39956017,4
2015,2015-04-28,941,4,1,9,2,N,A,N,A,H,A,A,01,W,09,D,,,,Y,C,Y,N,A,2,0,0,0,21802.0,3,36.54230132,-119.40113213,3
2015,2015-02-08,1758,2,4,17,7,N,B,N,A,H,C,D,22,S,01,C,,,,,C,Y,F,A,2,0,0,0,23153.0,2,36.55303786,-119.3951,3
2015,2015-01-16,1908,1,4,19,5,Y,A,N,A,D,C,A,01,,09,D,,,,,C,Y,N,A,2,0,0,0,21804.0,3,36.54599009,-119.40407995,4
2015,2015-05-13,1649,5,1,16,3,Y,A,N,A,H,A,A,01,,03,C,,,,,C,Y,N,D,1,0,0,0,22350.0,2,,,4
2015,2015-05-23,2020,5,1,20,6,Y,A,N,A,H,C,A,01,,09,A,,,,,C,Y,N,D,1,0,0,0,21804.0,2,36.538857,-119.4172605,2
2015,2015-01-03,1551,1,4,15,6,N,A,N,A,H,A,A,01,N,09,A,,,,,C,N,N,D,1,0,0,0,21801.0,2,36.54019395,-119.39333261,4
2015,2015-05-20,1843,5,1,18,3,Y,-,N,-,-,-,A,01,,22,D,,Y,,,G,N,N,-,1,0,1,0,,2,36.54087009,-119.39019993,4
2015,2015-05-19,1615,5,1,16,2,N,A,N,A,H,A,A,08,,22,A,,,,,I,Y,N,D,1,0,0,0,,1,36.54576005,-119.39018999,3
2015,2015-11-09,1731,11,3,17,1,N,B,N,A,H,B,A,01,N,03,C,,,,,C,Y,N,D,1,0,0,0,22350.0,2,36.56908944,-119.39510554,4
2015,2015-09-19,1848,9,3,18,6,N,A,N,A,H,A,-,- ,E,18,G,Y,,,,B,N,N,D,1,1,0,0,,2,36.53115219,-119.3837465,4
2015,2015-12-23,1012,12,4,10,3,Y,B,N,A,H,A,-,,,12,D,,,,,C,N,N,A,2,0,0,0,21453.0,2,36.06972005,-119.01848002,4
2015,2015-12-28,1144,12,4,11,1,N,A,N,A,H,A,A,01,E,03,C,,,,,C,N,N,A,1,0,0,0,22350.0,2,36.08035,-119.0527179,4
2015,2015-12-28,1226,12,4,12,1,N,B,N,A,H,A,A,01,W,03,C,,,,,C,N,N,D,2,0,0,0,22350.0,4,36.0805288,-119.03287181,4
2015,2015-12-18,1726,12,4,17,5,N,A,N,A,H,C,L,04,W,05,D,,Y,,,G,N,N,D,1,0,1,0,21650.0,2,36.08039943,-119.04582884,3
2015,2015-12-16,1314,12,4,13,3,N,A,N,A,H,A,-,,W,03,C,,,,,C,N,N,A,1,0,0,0,22350.0,2,36.08040407,-119.04540976,4
2015,2015-12-21,1322,12,4,13,1,Y,B,N,A,H,A,-,,,01,D,,,,,C,Y,N,A,1,0,0,0,23152.0,3,36.07691005,-119.05280013,4
2015,2015-12-22,1715,12,4,17,2,N,A,Y,A,H,C,-,,S,03,C,,,,,C,N,F,A,1,0,0,0,22350.0,3,36.03661522,-119.0394448,4
2015,2015-12-18,1221,12,4,12,5,N,A,Y,A,H,A,D,22,N,03,C,,,,,C,Y,N,D,2,0,0,0,22350.0,3,36.02369172,-119.03956745,3
2015,2015-12-14,1808,12,4,18,1,Y,A,N,A,D,C,A,01,,09,D,,,,,C,Y,N,A,2,0,0,0,21801.0,2,36.32810001,-119.26084991,4
2015,2015-12-18,2010,12,4,20,5,Y,A,N,A,H,C,F,26,,12,A,,,,Y,I,Y,N,D,1,0,0,0,22450.0,1,36.36559006,-119.33213997,3
2015,2015-12-21,1214,12,4,12,1,N,B,N,A,H,A,D,22,W,03,C,,,,,C,Y,N,A,2,0,0,0,22350.0,3,36.32006,-119.33183173,4
2015,2015-11-27,2309,11,3,23,5,Y,A,N,A,H,A,D,22,,12,D,,,,,C,Y,N,A,2,0,0,0,21453.0,2,36.32611002,-119.27853993,2
2015,2015-12-07,2113,12,4,21,1,Y,A,N,A,H,C,A,01,,08,A,,,,,C,Y,N,A,1,0,0,0,22107.0,2,36.3128401,-119.32722999,4
2015,2015-12-10,746,12,4,7,4,Y,B,N,A,H,A,A,01,,12,D,,,,,C,Y,N,A,1,0,0,0,22450.0,2,36.35649,-119.367828,4
2015,2015-12-10,2218,12,4,22,4,N,B,N,B,H,C,D,22,W,01,D,,,,,C,Y,N,D,1,0,0,0,23152.0,2,36.31295306,-119.31560755,3
2015,2015-12-11,1729,12,4,17,5,N,A,Y,A,H,C,-,- ,S,05,-,,Y,,,G,N,N,A,1,0,1,0,21650.0,2,36.31212755,-119.31378511,3
2015,2015-12-12,1301,12,4,13,6,Y,A,Y,A,H,A,D,22,,12,D,,,,,C,Y,N,A,2,0,0,0,21453.0,2,36.32743276,-119.29408799,4
2015,2015-12-04,1219,12,4,12,5,N,A,Y,A,H,A,A,01,N,04,C,,,,,C,Y,N,A,2,0,0,0,21703.0,3,36.270297,-119.31339638,4
2015,2015-12-07,752,12,4,7,1,Y,A,N,A,H,A,N,60,,11,G,Y,,,,B,N,N,A,1,1,0,0,21453.0,2,36.3418901,-119.34993987,4
2015,2015-12-07,1648,12,4,16,1,N,A,N,A,H,B,A,07,W,05,D,,Y,,,G,N,N,A,1,0,1,0,21650.0,2,36.31286702,-119.29302717,3
2015,2015-12-09,800,12,4,8,3,Y,E,N,B,H,A,L,04,,05,D,,Y,,,C,N,N,A,1,0,1,0,21650.0,2,36.334944,-119.309931,3