ACCIDENT_YEAR,COLLISION_DATE,COLLISION_TIME,MONTH,SEASON,24HOURS,DAY_OF_WEEK,INTERSECTION,WEATHER_1,STATE_HWY_IND,ROAD_SURFACE,ROAD_COND_1,LIGHTING,STWD_VEHTYPE_AT_FAULT,CHP_VEHTYPE_AT_FAULT,DIRECTION,PCF_VIOL_CATEGORY,TYPE_OF_COLLISION,PEDESTRIAN_ACCIDENT,BICYCLE_ACCIDENT,MOTORCYCLE_ACCIDENT,TRUCK_ACCIDENT,MVIW,TOW_AWAY,HIT_AND_RUN,CONTROL_DEVICE,NUMBER_INJURED,COUNT_PED_INJURED,COUNT_BICYCLIST_INJURED,COUNT_MC_INJURED,PCF_VIOLATION,PARTY_COUNT,POINT_Y,POINT_X,COLLISION_SEVERITY
2015,2015-11-15,310,11,3,3,7,Y,A,N,A,H,C,A,01,,09,D,,,,Y,C,Y,N,B,1,0,0,0,21802.0,3,36.21082009,-119.42110992,3
2015,2015-11-14,1627,11,3,16,6,N,B,N,A,H,B,A,01,E,01,E,,,,,I,Y,N,D,1,0,0,0,23152.0,1,36.34897024,-119.43028929,3
2015,2015-11-15,1520,11,3,15,7,Y,B,N,A,H,A,C,06,,12,B,,,Y,,C,Y,N,A,1,0,0,1,22450.0,2,36.02205,-119.29475986,2
2015,2015-11-14,545,11,3,5,6,N,E,Y,A,H,B,A,01,N,08,E,,,,,I,Y,N,D,1,0,0,0,22107.0,1,35.90043971,-119.41192506,3
2015,2015-11-17,2148,11,3,21,2,N,A,Y,A,H,D,A,01,S,01,F,,,,,A,Y,N,D,1,0,0,0,23152.0,1,35.96093997,-119.29083186,4
2015,2015-11-19,1705,11,3,17,4,N,B,Y,A,H,B,A,01,E,03,C,,,,,C,Y,N,D,1,0,0,0,22350.0,2,36.32717752,-119.32308257,4
2015,2015-11-19,1335,11,3,13,4,Y,A,N,A,H,A,A,07,,12,D,,,,,C,Y,N,A,1,0,0,0,21453.0,2,36.38535999,-119.39459771,4
2015,2015-11-20,948,11,3,9,5,N,A,Y,A,H,A,A,01,W,03,B,,,,Y,C,Y,N,D,1,0,0,0,22350.0,3,36.32690769,-119.28919995,4
2015,2015-11-08,945,11,3,9,7,N,A,Y,A,H,A,-,- ,W,18,F,,,,,A,Y,N,D,1,0,0,0,,1,36.32682,-119.30190783,3
2015,2015-11-10,1850,11,3,18,2,N,A,Y,A,H,B,A,07,N,03,C,,,,Y,C,Y,F,D,3,0,0,0,22350.0,3,,,4
2015,2015-11-14,724,11,3,7,6,N,A,N,A,H,A,A,01,E,01,E,,,,,I,Y,M,D,1,0,0,0,23152.0,1,36.06214418,-118.98744106,3
2015,2015-11-19,550,11,3,5,4,Y,A,N,A,H,B,D,22,,03,C,,,,,C,Y,N,D,3,0,0,0,22350.0,2,35.80044932,-119.10846412,4
2015,2015-10-18,25,10,3,0,7,N,B,N,A,H,D,A,07,S,01,E,,,,,I,Y,N,D,2,0,0,0,23152.0,1,36.23480496,-119.07365084,2
2015,2015-11-10,610,11,3,6,2,Y,B,N,B,H,D,A,07,,12,C,,,,,C,Y,N,A,1,0,0,0,22450.0,2,36.38537012,-119.25181993,3
2015,2015-11-21,350,11,3,3,6,N,A,N,A,H,C,A,01,W,01,E,,,,,I,Y,N,D,2,0,0,0,23152.0,1,36.14554628,-119.05873975,3
2019,2019-12-30,1416,12,4,14,1,N,A,N,A,H,A,-,,E,09,D,,,,,C,Y,N,A,2,0,0,0,21804.0,2,36.06597518920898,-119.03508758544922,4
2015,2015-08-25,1150,8,2,11,2,Y,A,N,A,H,A,M,46,,12,D,,,,,C,Y,N,A,0,0,0,0,22450.0,2,36.05116002,-119.35763992,1
2015,2015-09-15,548,9,3,5,2,N,B,Y,B,D,D,G,25,N,03,C,,,,Y,C,Y,N,D,3,0,0,0,22350.0,4,36.36701942,-119.43200498,1
2019,2019-12-31,1535,12,4,15,2,N,A,N,A,H,A,-,,W,08,B,,,,,C,N,N,A,1,0,0,0,22107.0,2,36.08039855957031,-119.0400161743164,4
2015,2015-11-24,2200,11,3,22,2,N,B,N,B,H,D,D,22,N,08,E,,,,,I,Y,N,D,1,0,0,0,22107.0,1,36.12631817,-119.05085921,3
2015,2015-11-16,430,11,3,4,1,N,B,N,B,H,D,A,01,N,08,E,,,,,I,Y,N,D,1,0,0,0,22107.0,1,36.13883699,-119.27278234,4
2015,2015-11-30,1738,11,3,17,1,N,A,N,A,H,C,D,22,E,01,B,,,,,C,Y,N,A,2,0,0,0,23152.0,9,36.29834124,-119.26009297,4
2015,2015-11-21,1527,11,3,15,6,Y,A,N,A,H,A,A,01,,09,D,,,Y,,C,Y,N,D,1,0,0,1,21801.0,2,36.29816011,-119.38472993,4
2015,2015-11-21,620,11,3,6,6,N,A,N,A,H,B,A,01,W,08,E,,,,,J,Y,N,D,1,0,0,0,22107.0,1,36.16724005,-119.14565676,2
2015,2015-11-26,1510,11,3,15,4,Y,A,N,A,H,A,D,22,,12,D,,,,,C,Y,N,A,4,0,0,0,22450.0,2,35.94955008,-119.0181001,3
2015,2015-11-20,1810,11,3,18,5,N,A,Y,A,H,D,A,01,S,03,C,,,,,C,Y,N,D,2,0,0,0,22350.0,2,35.79116028,-119.05344118,4
2015,2015-10-19,538,10,3,5,1,N,A,Y,A,H,D,A,01,E,08,F,,,,,A,Y,N,D,0,0,0,0,22107.0,1,36.32679976,-119.22068543,1
2015,2015-11-20,1650,11,3,16,5,N,A,Y,A,H,A,D,22,E,03,C,,,,,C,Y,N,D,1,0,0,0,22350.0,2,36.32693778,-119.3029979,4
2015,2015-11-25,935,11,3,9,3,N,B,N,B,H,A,A,01,S,03,C,,,,,C,Y,N,D,3,0,0,0,22350.0,2,36.16726231,-119.0728096,4
2015,2015-11-29,1707,11,3,17,7,N,A,Y,A,H,D,A,01,W,08,A,,,,,C,Y,N,D,1,0,0,0,22107.0,2,36.3254893,-119.08828137,2
2015,2015-11-25,750,11,3,7,3,Y,C,Y,B,H,A,A,01,,09,D,,,,,C,Y,N,D,3,0,0,0,21802.0,2,36.13421988,-119.06392759,3
2015,2015-11-27,1723,11,3,17,5,Y,A,N,A,H,D,A,01,,01,D,,,,,C,Y,N,A,1,0,0,0,23153.0,2,35.96425009,-119.03999007,4
2015,2015-11-21,2217,11,3,22,6,N,A,Y,A,H,D,A,07,W,08,E,,,,,I,Y,N,D,1,0,0,0,22107.0,1,36.21081192,-119.13734961,4
2015,2015-11-22,2500,11,3,25,7,N,A,Y,A,H,D,A,01,N,08,E,,,,,I,Y,M,D,1,0,0,0,22107.0,1,36.10306222,-119.3230866,4
2015,2015-11-22,1030,11,3,10,7,N,A,Y,A,H,A,A,01,E,07,F,,,,,A,Y,N,D,2,0,0,0,21658.0,1,36.32765772,-119.40329695,3
2015,2015-10-28,1325,10,3,13,3,Y,A,N,A,H,A,A,01,,12,D,,,Y,,C,Y,N,A,1,0,0,0,22450.0,2,36.34179001,-119.45742995,1
2015,2015-11-23,1610,11,3,16,1,Y,A,N,A,H,A,A,01,,12,D,,,,,C,Y,N,A,2,0,0,0,22450.0,2,36.49409004,-119.30445989,3
2015,2015-11-30,2120,11,3,21,1,N,A,N,A,H,D,A,01,E,08,F,,,,,A,Y,N,D,1,0,0,0,22107.0,1,36.08021,-119.19136637,4
2015,2015-12-06,1135,12,4,11,7,N,A,N,A,H,A,A,01,S,03,C,,,,,C,N,N,D,1,0,0,0,22350.0,2,36.20780312,-119.23337551,4
2015,2015-12-01,2145,12,4,21,2,N,A,N,A,H,D,A,01,W,03,E,,,,,I,N,N,A,1,0,0,0,22350.0,1,36.12,-119.05278,4
2015,2015-11-25,1625,11,3,16,3,N,B,Y,A,H,B,A,01,S,03,C,,,,,C,N,N,D,3,0,0,0,22350.0,3,36.22373693,-119.33336532,4
2015,2015-11-24,2245,11,3,22,2,N,A,N,B,H,D,A,01,E,01,E,,,,,I,Y,N,D,2,0,0,0,23152.0,1,36.3995,-119.23281811,2
2015,2015-11-21,930,11,3,9,6,N,B,Y,A,H,A,A,01,E,08,E,,,,,I,Y,N,D,4,0,0,0,22107.0,1,36.3272676,-119.36049741,4
2015,2015-12-08,1340,12,4,13,2,N,A,N,A,H,A,A,07,N,03,C,,,,,C,N,N,B,1,0,0,0,22350.0,2,36.1457747,-119.06101942,4
2015,2015-11-26,1448,11,3,14,4,Y,A,N,A,H,A,D,22,,09,D,,,,,C,Y,N,A,3,0,0,0,21802.0,3,36.42863012,-119.27787996,2
2015,2015-12-09,1413,12,4,14,3,N,A,N,A,H,A,G,25,N,08,D,,,,Y,C,N,N,D,1,0,0,0,22107.0,2,36.50580441,-119.44874883,4
2015,2015-11-25,240,11,3,2,3,N,B,Y,B,H,D,A,07,,08,E,,,,,I,Y,N,D,2,0,0,0,22107.0,1,36.30727185,-119.39154605,3
2015,2015-11-26,2357,11,3,23,4,N,A,Y,A,H,C,G,25,E,03,D,,,,Y,D,Y,N,D,2,0,0,0,22350.0,2,36.18364,-119.32885,3
2015,2015-11-29,1735,11,3,17,7,N,A,Y,A,H,B,D,22,N,03,C,,,,,C,N,N,D,2,0,0,0,22350.0,2,36.36766173,-119.43246432,4
2015,2015-12-01,1950,12,4,19,2,N,A,N,A,H,D,A,01,E,08,E,,,,,I,Y,N,D,1,0,0,0,22107.0,1,35.98596,-119.00001,4
2015,2015-12-02,1825,12,4,18,3,Y,A,N,A,H,C,A,07,,09,D,,,,,C,N,N,A,1,0,0,0,21802.0,2,36.29809009,-119.38269991,4
2015,2015-11-28,4,11,3,0,6,N,B,N,A,H,D,A,07,N,08,F,,,,,A,Y,N,D,1,0,0,0,22107.0,1,36.27752449,-119.29669212,3
2015,2015-11-29,1705,11,3,17,7,N,A,Y,A,H,B,A,01,S,03,C,,,,,C,Y,N,D,1,0,0,0,22350.0,2,36.29060693,-119.38029472,4
2015,2015-11-28,205,11,3,2,6,N,B,N,A,H,D,N,60,S,11,G,Y,,,,B,Y,N,D,1,1,0,0,21956.0,2,36.08007,-118.88962,3
2015,2015-11-29,2005,11,3,20,7,N,A,N,A,H,C,A,01,N,09,D,,,,,C,Y,N,D,1,0,0,0,21801.0,2,36.17189254,-119.3577075,3
2015,2015-11-29,1950,11,3,19,7,N,A,Y,A,H,C,A,01,S,08,B,,,,,C,N,N,D,1,0,0,0,22107.0,2,36.54456938,-119.286916,4
2015,2015-11-30,410,11,3,4,1,N,A,N,A,H,D,A,07,W,08,E,,,,,I,Y,N,D,1,0,0,0,22107.0,1,35.85168447,-118.73888612,4
2015,2015-12-01,925,12,4,9,2,N,A,Y,A,H,A,D,22,W,03,C,,,,,C,Y,N,A,1,0,0,0,22350.0,2,36.3266,-119.2986,4
2015,2015-12-01,1015,12,4,10,2,N,A,N,A,H,A,A,07,E,08,F,,,,,A,Y,N,D,1,0,0,0,22107.0,1,36.55999917,-119.35682736,3
2015,2015-12-07,745,12,4,7,1,N,A,N,A,H,A,A,01,N,08,E,,,,,I,Y,N,D,1,0,0,0,22107.0,1,36.2764043,-119.34926596,3
2015,2015-12-02,950,12,4,9,3,Y,B,Y,A,H,A,A,01,,12,D,,,,,C,Y,N,A,2,0,0,0,22450.0,2,36.51578592,-119.28697973,3
2015,2015-12-03,810,12,4,8,4,Y,B,Y,A,H,A,D,22,,21,D,,,,,C,Y,N,A,1,0,0,0,22106.0,2,,,3
2015,2015-12-03,2322,12,4,23,4,N,A,Y,B,H,D,D,22,N,01,A,,,,,C,Y,N,D,2,0,0,0,23152.0,2,,,3
2015,2015-12-11,1208,12,4,12,5,Y,B,N,B,H,A,A,07,,03,C,,,,,C,Y,N,D,1,0,0,0,22350.0,2,35.95679009,-119.01809001,3
2015,2015-11-15,210,11,3,2,7,Y,A,N,A,H,D,A,01,,01,E,,,,,J,Y,N,A,1,0,0,0,23152.0,1,35.96434009,-119.14313989,4
2015,2015-12-14,1555,12,4,15,1,N,A,Y,A,H,A,-,98,S,03,C,,,,,C,Y,N,D,1,0,0,0,22350.0,2,35.9903966,-119.29851161,4
2015,2015-11-25,1353,11,3,13,3,N,B,N,A,H,A,A,07,W,09,A,,,,,C,Y,N,D,1,0,0,0,21801.0,2,36.26627427,-119.36426908,3
2015,2015-11-28,1531,11,3,15,6,N,A,N,A,H,A,C,02,S,21,F,,,Y,,A,N,N,D,1,0,0,1,22106.0,1,36.15880346,-119.38373744,3
2015,2015-12-03,720,12,4,7,4,N,A,Y,A,H,A,A,01,W,08,E,,,,,I,Y,N,D,1,0,0,0,22107.0,1,36.32680278,-119.20876951,4
2015,2015-12-03,1631,12,4,16,4,N,B,N,B,H,C,A,01,N,08,E,,,,,I,Y,N,D,1,0,0,0,22107.0,1,36.53734427,-119.3049809,4
2015,2015-12-10,1815,12,4,18,4,N,C,Y,B,H,C,A,01,N,03,C,,,,,C,Y,N,A,1,0,0,0,22350.0,2,36.14558564,-119.0725282,4
2015,2015-12-17,1230,12,4,12,4,N,A,Y,A,H,A,A,01,E,08,E,,,,,I,Y,N,D,1,0,0,0,22107.0,1,36.10186639,-118.85190591,4
2015,2015-11-25,1610,11,3,16,3,N,A,Y,A,H,A,D,22,N,08,F,,,,,A,Y,N,D,1,0,0,0,22107.0,1,36.24044547,-119.34566526,3
2015,2015-12-11,1740,12,4,17,5,Y,A,Y,A,H,C,A,01,,09,D,,,,,C,Y,N,A,1,0,0,0,21802.0,2,36.04758547,-118.93750986,4
2015,2015-12-15,1640,12,4,16,2,N,A,N,A,H,B,A,01,N,03,C,,,,,C,N,N,D,1,0,0,0,22350.0,2,36.31969419,-119.22466011,4
2015,2015-12-08,1715,12,4,17,2,N,A,Y,A,H,C,A,01,E,03,C,,,,,C,Y,N,D,2,0,0,0,22350.0,2,36.32714598,-119.38469894,4
2015,2015-12-13,1955,12,4,19,7,N,C,Y,B,H,D,A,01,N,08,F,,,,,A,Y,N,D,1,0,0,0,22107.0,1,36.05319,-119.03812,4
2015,2015-10-14,650,10,3,6,3,N,B,N,A,H,A,A,01,E,08,D,,,,Y,C,Y,N,D,1,0,0,0,22107.0,2,36.22593163,-119.27714748,1
2015,2015-11-30,557,11,3,5,1,N,A,Y,A,H,B,A,07,S,08,E,,,,,I,Y,N,D,1,0,0,0,22107.0,1,35.87044834,-119.27062155,2
2015,2015-12-03,1600,12,4,16,4,Y,A,N,A,H,A,D,22,,12,D,,,,,C,Y,N,A,1,0,0,0,21453.0,2,36.25542005,-119.2606399,4
2015,2015-12-04,1545,12,4,15,5,N,A,Y,A,H,A,D,22,E,03,C,,,,,C,N,N,D,1,0,0,0,22350.0,2,36.5162829,-119.33985011,4
2015,2015-12-04,1655,12,4,16,5,N,A,Y,A,H,A,A,01,S,08,C,,,,,C,Y,N,D,3,0,0,0,22107.0,3,36.28367447,-119.37575879,4
2015,2015-12-06,1320,12,4,13,7,N,A,N,A,H,A,A,01,W,08,E,,,,,I,Y,N,D,1,0,0,0,22107.0,1,36.22591098,-119.27468535,3
2015,2015-11-18,2500,11,3,25,3,N,A,Y,A,H,D,A,01,S,08,E,,,,,I,Y,N,D,0,0,0,0,22107.0,1,36.44407239,-119.48268591,1
2015,2015-12-08,530,12,4,5,2,N,A,N,A,H,D,A,01,E,05,A,,,,,C,Y,N,D,1,0,0,0,21650.0,2,36.62424,-119.26911,3
2015,2015-12-09,305,12,4,3,3,N,E,Y,A,H,D,D,22,S,07,B,,,,,C,Y,F,D,1,0,0,0,21658.0,2,36.14339493,-119.32886037,4
2015,2015-12-13,908,12,4,9,7,N,A,N,A,H,A,A,01,W,03,C,,,,,C,N,M,A,1,0,0,0,22350.0,2,36.05127114,-119.31276888,4
2015,2015-11-24,1830,11,3,18,2,N,C,Y,B,H,D,A,07,E,03,D,,,,,E,Y,N,D,3,0,0,0,22350.0,2,36.08258093,-118.89648853,3
2015,2015-12-16,1745,12,4,17,3,Y,A,N,A,H,C,D,22,,12,D,,,,,C,Y,N,A,2,0,0,0,22450.0,2,36.24036633,-119.29610431,4
2015,2015-12-05,1605,12,4,16,6,N,B,Y,A,H,A,A,07,E,01,B,,,,,C,Y,M,D,1,0,0,0,23152.0,2,36.48653899,-119.27499104,4
2015,2015-12-12,1218,12,4,12,6,N,B,N,A,H,A,A,07,N,08,D,,,,,C,Y,N,D,1,0,0,0,22107.0,2,36.25633692,-119.09125341,4
2015,2015-12-12,1519,12,4,15,6,N,B,N,A,H,A,A,01,N,06,D,,,,,C,N,N,D,1,0,0,0,21750.0,2,36.40110521,-119.27831498,3
2015,2015-12-10,1145,12,4,11,4,N,C,Y,B,H,A,A,01,S,08,B,,,,Y,C,Y,N,D,1,0,0,0,22107.0,2,36.44359303,-119.48261682,4
2015,2015-12-04,1740,12,4,17,5,N,A,N,A,H,B,A,01,N,08,E,,,,,I,Y,N,D,1,0,0,0,22107.0,1,36.51010794,-119.46670302,3
2015,2015-12-17,40,12,4,0,4,N,A,N,A,H,C,A,01,N,01,F,,,,,A,Y,N,D,1,0,0,0,23152.0,1,36.57366756,-119.43069659,3
2015,2015-12-17,1015,12,4,10,4,N,A,Y,A,D,A,C,02,S,03,F,,,Y,,A,Y,N,D,1,0,0,1,22350.0,1,36.20739965,-119.32844024,4
2015,2015-08-28,2245,8,2,22,5,N,A,N,A,H,D,A,07,W,08,F,,,,,A,Y,F,D,1,0,0,0,22107.0,1,36.55952696,-119.3236568,1
2019,2019-12-05,1709,12,4,17,4,N,A,N,A,H,C,-,,N,09,D,,,,,C,Y,N,D,2,0,0,0,21801.0,2,36.09920883178711,-119.03588104248048,4
2019,2019-12-05,1900,12,4,19,4,Y,A,N,A,H,C,-,,,12,G,Y,,,,B,N,F,A,1,1,0,0,21453.0,2,36.06512069702149,-119.01846313476562,3
2019,2019-12-10,1731,12,4,17,2,Y,B,N,A,H,D,-,,,12,D,,,,,C,Y,F,A,1,0,0,0,22450.0,2,,,4
2019,2019-12-04,2214,12,4,22,3,N,A,N,A,H,C,N,60,S,11,G,Y,,,,B,N,N,D,1,1,0,0,21954.0,2,36.089656829833984,-119.06192016601562,2
2015,2015-12-12,1408,12,4,14,6,Y,A,N,A,H,A,D,22,,09,D,,,,,C,Y,N,A,2,0,0,0,21802.0,2,36.14550007,-119.00017012,4
2015,2015-12-17,845,12,4,8,4,N,A,N,A,H,A,D,22,S,08,B,,,,,C,Y,N,D,5,0,0,0,22107.0,2,35.8340812,-119.08785642,3
2019,2019-12-13,803,12,4,8,5,Y,A,N,A,H,A,A,01,,09,D,,,,,C,N,N,D,1,0,0,0,21802.0,2,36.20724105834961,-119.080322265625,4
2019,2019-12-14,32,12,4,0,6,N,A,Y,A,H,C,A,01,W,09,D,,,,,C,Y,F,A,1,0,0,0,21453.0,2,36.051456451416016,-119.02626037597656,4
2015,2015-12-21,1318,12,4,13,1,N,B,N,A,H,A,A,08,S,08,E,,,,,I,Y,N,D,1,0,0,0,22107.0,1,36.35484094,-119.41247016,4
2015,2015-12-22,840,12,4,8,2,Y,B,N,B,H,A,A,01,,09,D,,,,,C,Y,N,A,2,0,0,0,21802.0,2,35.98596007,-119.00001014,3
2015,2015-12-28,1839,12,4,18,1,N,B,N,A,H,D,D,22,W,08,E,,,,,I,Y,N,D,1,0,0,0,22107.0,1,36.11030228,-118.88786576,3
2015,2015-12-29,102,12,4,1,2,N,A,N,A,H,D,D,22,E,01,E,,,,,I,Y,N,D,1,0,0,0,23152.0,1,36.05575,-118.99909115,3
2015,2015-12-05,1750,12,4,17,6,Y,A,N,A,H,D,A,01,,03,F,,,,,A,Y,N,D,1,0,0,0,22350.0,1,35.93527005,-119.2505199,4
2015,2015-12-17,1622,12,4,16,4,N,A,N,A,H,B,A,01,W,08,E,,,,,I,Y,N,D,1,0,0,0,22107.0,1,35.89153307,-119.38897261,2
2015,2015-12-18,1258,12,4,12,5,Y,A,Y,A,H,A,A,01,,09,A,,,Y,,C,Y,N,D,1,0,0,1,21801.0,2,36.37862841,-119.21564902,4
2015,2015-12-27,1550,12,4,15,7,N,A,Y,A,H,A,D,22,N,03,C,,,,,C,Y,N,D,1,0,0,0,22350.0,3,36.12903243,-119.32545343,4
2015,2015-12-17,0,12,4,0,4,N,A,Y,A,H,D,D,22,N,01,F,,,,,A,Y,N,D,1,0,0,0,23152.0,1,36.12873555,-119.05982268,3
2015,2015-11-23,1443,11,3,14,1,N,A,N,A,H,A,A,07,S,08,B,,,,,C,Y,N,A,2,0,0,0,22107.0,2,36.49486609,-119.37669994,3
2015,2015-12-19,2040,12,4,20,6,N,B,Y,B,H,C,-,- ,S,18,H,,,,,A,N,N,A,1,0,0,0,,1,,,3
2015,2015-12-23,1415,12,4,14,3,Y,B,Y,A,H,A,A,01,,05,D,,,,,C,Y,N,D,9,0,0,0,21752.0,2,,,4
2015,2015-12-13,1540,12,4,15,7,N,C,Y,B,H,A,A,01,S,03,E,,,,,I,Y,N,D,1,0,0,0,22350.0,1,36.32225941,-119.40343208,4
2015,2015-12-26,1130,12,4,11,6,N,B,Y,A,H,A,A,01,N,07,E,,,,,I,Y,N,D,1,0,0,0,21658.0,2,,,3
2015,2015-12-18,2500,12,4,25,5,N,B,Y,A,D,D,D,22,S,08,E,,,,,I,Y,N,D,1,0,0,0,22107.0,1,36.32114,-119.39944,3
2015,2015-12-18,1555,12,4,15,5,N,A,Y,A,H,B,A,01,N,03,C,,,,,C,N,N,D,1,0,0,0,22350.0,2,36.24204738,-119.34708651,4
2015,2015-12-19,200,12,4,2,6,N,A,Y,A,H,D,A,01,S,08,E,,,,,I,Y,N,D,1,0,0,0,22107.0,1,36.26234625,-119.36145509,3
2015,2015-12-18,1508,12,4,15,5,N,A,N,A,H,A,C,06,N,09,D,,,Y,,C,N,N,D,1,0,0,1,21804.0,2,36.55303431,-119.25543803,2
2015,2015-12-30,1358,12,4,13,3,Y,A,N,A,H,A,A,01,,09,D,,,,,C,N,N,A,3,0,0,0,21802.0,2,36.08035003,-119.14313986,4
2019,2019-12-05,800,12,4,8,4,Y,A,N,A,H,A,-,,,10,G,Y,,,,B,N,F,A,1,1,0,0,21950.0,2,36.0660285949707,-119.0289306640625,3
2015,2015-10-12,620,10,3,6,1,N,A,Y,A,H,B,A,07,W,03,C,,,Y,,C,Y,N,A,1,0,0,1,22350.0,2,36.5176721,-119.49370933,4
2015,2015-12-04,2225,12,4,22,5,N,A,Y,A,H,C,D,22,N,03,C,,,,,C,Y,N,D,4,0,0,0,22350.0,3,36.24394126,-119.3484862,4
2015,2015-12-16,1230,12,4,12,3,N,A,Y,A,H,A,D,22,W,03,B,,,,,C,N,N,D,1,0,0,0,22350.0,2,36.32691729,-119.3151168,3
2015,2015-12-19,0,12,4,0,6,N,A,N,A,H,C,J,48,N,08,E,,,,,I,Y,N,D,1,0,0,0,22107.0,1,36.30095471,-119.26067591,4
2016,2016-01-01,50,1,4,0,5,Y,E,Y,B,H,D,A,07,,01,D,,,,,C,Y,N,A,1,0,0,0,23152.0,2,36.21083005,-119.49294998,4
2015,2015-12-19,1141,12,4,11,6,N,C,Y,B,H,A,D,22,N,03,F,,,,,A,Y,N,D,1,0,0,0,22350.0,1,36.05184226,-119.3108692,3
2015,2015-12-20,1955,12,4,19,7,N,A,N,A,H,D,A,01,E,08,E,,,,,I,Y,N,D,1,0,0,0,22107.0,1,36.54521449,-119.32099521,3
2015,2015-12-20,440,12,4,4,7,N,A,Y,A,D,D,A,01,,08,E,,,,,I,Y,N,D,5,0,0,0,22107.0,1,36.30659249,-119.39109611,3
2015,2015-12-24,1723,12,4,17,4,N,B,Y,B,H,D,A,01,N,01,B,,,,,C,Y,N,D,2,0,0,0,23152.0,3,36.38921454,-119.29662179,4
2015,2015-12-24,1841,12,4,18,4,N,B,N,B,H,D,N,60,S,11,G,Y,,,,B,N,N,A,1,1,0,0,21956.0,2,35.87894606,-119.26981755,3
2015,2015-12-31,2241,12,4,22,4,N,A,N,A,H,D,A,08,W,01,E,,,,,I,Y,N,D,1,0,0,0,23152.0,1,36.5662181,-119.27158253,4
2015,2015-12-28,2200,12,4,22,1,N,A,Y,A,H,D,-,- ,N,18,E,,,,,J,Y,N,D,1,0,0,0,,1,36.20680279,-119.32865,4
2015,2015-12-31,1535,12,4,15,4,N,A,N,A,H,A,D,22,W,03,C,,,,,C,Y,N,D,4,0,0,0,22350.0,2,36.38550814,-119.26829844,4
2015,2015-12-27,1620,12,4,16,7,N,A,Y,A,H,A,A,01,N,03,C,,,,,C,Y,M,D,2,0,0,0,22350.0,3,36.18820031,-119.32867824,3
2015,2015-12-31,1430,12,4,14,4,Y,A,Y,A,H,A,A,01,,09,D,,,,,C,Y,N,D,1,0,0,0,21801.0,2,36.10399066,-119.04296798,4
2015,2015-12-28,1840,12,4,18,1,N,B,N,A,H,D,D,22,W,03,D,,,,,C,Y,N,D,2,0,0,0,22350.0,3,36.11030228,-118.88786576,4
2015,2015-12-31,1715,12,4,17,4,Y,A,N,A,H,D,A,07,,09,D,,,Y,,C,Y,N,D,1,0,0,1,21801.0,2,36.19627005,-119.08224012,3
2015,2015-12-25,2100,12,4,21,5,N,A,Y,A,H,C,A,01,E,01,E,,,,,I,Y,N,D,1,0,0,0,23152.0,1,36.32725436,-119.38952905,3
2015,2015-12-31,1740,12,4,17,4,N,A,N,A,H,C,N,60,E,11,G,Y,,,,B,N,N,D,1,1,0,0,21954.0,2,36.1964,-119.28266837,3
2016,2016-01-02,14,1,4,0,6,N,A,Y,A,H,D,A,01,S,03,C,,,,Y,C,Y,N,D,1,0,0,0,22350.0,2,36.21849817,-119.33032002,3
2015,2015-12-19,2047,12,4,20,6,N,C,N,B,H,D,A,01,N,09,C,,,,,C,N,N,D,1,0,0,0,21802.0,2,36.14555,-119.12999,4
2016,2016-01-06,1600,1,4,16,3,N,B,Y,B,H,A,A,01,E,03,C,,,,,C,Y,N,A,1,0,0,0,22350.0,3,36.21082029,-119.13522996,4
2015,2015-11-12,600,11,3,6,4,N,A,N,A,H,B,A,01,S,05,A,,,,,C,Y,N,D,2,0,0,0,21460.0,2,35.86710312,-119.0538438,1
2019,2019-12-19,2216,12,4,22,4,N,B,N,B,H,D,A,07,S,08,C,,,,,E,Y,N,D,1,0,0,0,22107.0,3,36.213966369628906,-119.08821868896484,3
2015,2015-11-30,845,11,3,8,1,N,A,Y,A,H,A,A,01,N,01,E,,,,,I,Y,N,D,1,0,0,0,23152.0,1,36.1582877,-119.33244879,3
2015,2015-12-27,855,12,4,8,7,N,E,N,A,H,A,A,01,N,01,B,,,,,C,Y,N,D,3,0,0,0,23152.0,2,36.08591612,-119.35774245,3
2015,2015-12-31,1458,12,4,14,4,N,A,Y,A,D,A,A,01,S,08,B,,,,,C,Y,N,D,1,0,0,0,22107.0,2,36.23641716,-119.34299675,3
2016,2016-01-01,1755,1,4,17,5,N,A,N,A,H,D,D,22,S,01,E,,,,,I,Y,N,D,1,0,0,0,23152.0,1,36.29427405,-119.181001,3
2015,2015-12-16,1600,12,4,16,3,N,A,Y,A,H,A,G,25,S,07,B,,,,Y,C,Y,N,D,1,0,0,0,21658.0,2,36.11156173,-119.32361105,4
2015,2015-12-25,1530,12,4,15,5,N,A,N,A,H,A,A,01,E,01,E,,,,,I,Y,N,D,1,0,0,0,23152.0,1,36.43054101,-119.51857924,4
2015,2015-12-28,1735,12,4,17,1,N,A,N,A,H,D,A,07,S,03,C,,,,,C,N,N,D,1,0,0,0,22350.0,2,36.31967061,-119.2246602,4
2016,2016-01-06,1545,1,4,15,3,N,C,Y,B,H,A,A,01,S,03,C,,,,,C,N,N,D,1,0,0,0,22350.0,2,36.57158257,-119.43062917,4
2016,2016-01-10,1000,1,4,10,7,N,A,Y,A,H,A,A,01,S,01,E,,,,,I,Y,N,D,1,0,0,0,23152.0,1,36.13903628,-119.06777681,3
2019,2019-12-23,1716,12,4,17,1,N,C,N,B,H,C,A,01,S,09,D,,,,,C,Y,N,A,1,0,0,0,21802.0,2,36.0760498046875,-119.01679229736328,4
2019,2019-12-23,1625,12,4,16,1,Y,B,N,A,H,B,D,22,,03,C,,,,,C,Y,N,A,1,0,0,0,22350.0,2,,,4