ACCIDENT_YEAR,COLLISION_DATE,COLLISION_TIME,MONTH,SEASON,24HOURS,DAY_OF_WEEK,INTERSECTION,WEATHER_1,STATE_HWY_IND,ROAD_SURFACE,ROAD_COND_1,LIGHTING,STWD_VEHTYPE_AT_FAULT,CHP_VEHTYPE_AT_FAULT,DIRECTION,PCF_VIOL_CATEGORY,TYPE_OF_COLLISION,PEDESTRIAN_ACCIDENT,BICYCLE_ACCIDENT,MOTORCYCLE_ACCIDENT,TRUCK_ACCIDENT,MVIW,TOW_AWAY,HIT_AND_RUN,CONTROL_DEVICE,NUMBER_INJURED,COUNT_PED_INJURED,COUNT_BICYCLIST_INJURED,COUNT_MC_INJURED,PCF_VIOLATION,PARTY_COUNT,POINT_Y,POINT_X,COLLISION_SEVERITY
2017,2017-04-20,1238,4,1,12,4,Y,A,N,A,H,A,D,22,,09,D,,,,,C,Y,N,A,2,0,0,0,21802.0,2,36.55940003,-119.30500996,4
2017,2017-04-19,623,4,1,6,3,N,B,N,A,H,A,A,01,W,08,E,,,,,I,Y,N,D,1,0,0,0,22107.0,1,36.48747497,-119.35999306,2
2017,2017-04-21,907,4,1,9,5,Y,A,N,A,H,A,D,22,,09,D,,,,,C,Y,N,A,1,0,0,0,21802.0,2,35.96439003,-119.23271986,4
2017,2017-04-23,1520,4,1,15,7,N,A,N,A,H,A,A,01,E,03,C,,,,,C,Y,N,D,2,0,0,0,22350.0,2,36.19640682,-119.27505405,3
2017,2017-04-23,1410,4,1,14,7,N,A,Y,A,H,A,G,25,N,07,E,,,,Y,I,Y,M,D,1,0,0,0,21658.0,2,35.97675479,-119.29531917,3
2017,2017-04-24,808,4,1,8,1,N,A,N,A,H,A,A,08,,03,C,,,,,C,Y,N,A,3,0,0,0,22350.0,2,36.26929007,-119.33124988,3
2017,2017-04-24,905,4,1,9,1,Y,A,Y,A,H,A,A,07,,12,D,,,,,C,Y,N,A,2,0,0,0,22450.0,2,36.51705727,-119.40836978,4
2017,2017-04-25,1915,4,1,19,2,Y,A,N,A,H,A,C,06,,03,F,,,Y,,A,N,N,D,3,0,0,3,22350.0,1,36.20660004,-119.47070997,3
2017,2017-04-26,130,4,1,1,3,N,A,N,A,H,D,A,01,W,08,E,,,,,I,Y,N,D,1,0,0,0,22107.0,1,36.0220563,-119.27480413,4
2017,2017-04-23,359,4,1,3,7,Y,A,Y,A,H,C,A,07,,01,D,,,,,C,Y,N,A,1,0,0,0,23152.0,2,36.51686976,-119.39470072,2
2017,2017-04-19,1530,4,1,15,3,N,B,N,A,H,A,H,63,E,08,D,,Y,,,G,N,N,D,1,0,1,0,22107.0,2,36.0660368,-119.030132,3
2017,2017-04-23,2240,4,1,22,7,N,A,N,A,H,D,-,- ,W,18,H,,,,,H,Y,N,D,1,0,0,0,,1,36.01936,-118.82129,4
2017,2017-04-22,1428,4,1,14,6,Y,A,N,A,H,A,A,07,,09,D,,,,,C,N,N,A,1,0,0,0,21802.0,2,36.45302601,-119.48895603,4
2017,2017-04-25,900,4,1,9,2,N,B,N,A,H,A,A,07,W,08,B,,,,,C,N,N,D,1,0,0,0,22107.0,2,36.57382994,-119.3142128,4
2017,2017-04-25,615,4,1,6,2,Y,A,N,A,H,A,A,01,,09,D,,,,,C,Y,N,D,1,0,0,0,21806.0,3,36.065646,-119.303919,4
2017,2017-04-20,746,4,1,7,4,N,A,N,A,H,A,A,01,N,05,B,,,Y,,C,Y,N,D,4,0,0,1,21752.0,2,36.0368239,-119.10746009,2
2017,2017-04-26,755,4,1,7,3,N,A,Y,A,H,A,A,01,W,03,C,,,,,C,Y,N,A,1,0,0,0,22350.0,3,36.32726341,-119.38999916,4
2017,2017-04-25,1555,4,1,15,2,N,A,N,A,H,A,C,02,S,21,C,,,Y,,C,N,N,A,1,0,0,1,22106.0,2,36.32640029,-119.17056441,3
2017,2017-03-03,1830,3,1,18,5,N,A,Y,A,H,D,N,60,N,11,G,Y,,,,B,N,N,D,0,0,0,0,21956.0,2,36.08395003,-119.03944303,1
2017,2017-04-22,713,4,1,7,6,N,A,Y,A,H,A,A,01,N,08,E,,,,,I,Y,N,A,1,0,0,0,22107.0,2,36.46562214,-119.49707612,4
2017,2017-04-28,945,4,1,9,5,N,A,N,A,H,A,A,01,W,09,D,,,,,C,Y,N,D,2,0,0,0,21804.0,2,36.108372,-118.86508971,4
2017,2017-04-28,2230,4,1,22,5,N,A,N,A,H,C,A,07,S,03,C,,,,,C,Y,N,A,3,0,0,0,22350.0,2,36.13823141,-119.07175,4
2017,2017-05-01,1850,5,1,18,1,N,A,N,A,H,A,A,01,E,08,E,,,,,I,Y,N,D,1,0,0,0,22107.0,1,36.05507781,-118.97027661,3
2017,2017-04-28,1735,4,1,17,5,N,A,N,A,H,A,A,01,E,05,E,,,,,I,Y,F,D,1,0,0,0,21752.0,2,36.03674175,-119.07958988,3
2017,2017-05-01,1538,5,1,15,1,Y,A,N,A,H,A,D,22,,09,D,,,,,C,Y,N,A,2,0,0,0,21802.0,2,36.27510584,-119.11806107,3
2017,2017-04-27,2350,4,1,23,4,N,A,N,A,H,D,A,01,E,03,E,,,,,I,Y,N,A,1,0,0,0,22350.0,1,36.36890318,-119.28937308,4
2017,2017-04-30,500,4,1,5,7,N,A,N,A,H,D,A,01,N,08,E,,,,,I,Y,N,D,1,0,0,0,22107.0,1,36.43293643,-119.25993532,4
2017,2017-04-22,2134,4,1,21,6,N,A,N,A,H,D,A,01,N,08,E,,,,,I,N,N,A,1,0,0,0,22107.0,1,36.28381779,-119.28801127,4
2017,2017-04-26,1255,4,1,12,3,N,A,N,A,H,A,C,06,S,09,D,,,Y,,C,Y,N,D,0,0,0,0,21804.0,2,35.91310971,-119.26813175,1
2017,2017-05-03,900,5,1,9,3,Y,A,Y,A,H,A,A,01,,09,D,,,,,C,Y,N,A,1,0,0,0,21802.0,2,36.51751941,-119.46692063,4
2017,2017-05-04,535,5,1,5,4,N,A,N,A,H,B,D,22,N,03,C,,,,,C,Y,N,D,1,0,0,0,22350.0,2,36.12553211,-119.28592605,4
2017,2017-05-01,525,5,1,5,1,Y,A,N,A,H,D,A,01,,09,D,,,,,C,Y,N,A,1,0,0,0,21802.0,2,36.54577259,-119.35857654,4
2017,2017-05-05,1138,5,1,11,5,N,A,N,A,H,A,A,08,E,01,E,,,,,I,Y,M,D,1,0,0,0,23152.0,1,36.06225363,-118.97415904,4
2017,2017-05-02,1506,5,1,15,2,Y,A,Y,A,H,A,A,01,,12,D,,,,,C,Y,N,A,2,0,0,0,21453.0,2,36.25497,-119.31323749,3
2017,2017-04-26,841,4,1,8,3,N,A,Y,A,H,A,A,01,E,03,C,,,,,C,Y,N,D,1,0,0,0,22350.0,3,36.32716248,-119.38081019,4
2017,2017-04-29,2205,4,1,22,6,Y,A,Y,A,H,D,A,01,,09,D,,,,,C,Y,N,D,1,0,0,0,21804.0,2,36.1622601,-118.70960003,3
2017,2017-04-29,510,4,1,5,6,N,A,N,A,H,A,D,22,N,05,B,,,,,C,Y,N,D,4,0,0,0,21650.0,2,36.16007,-119.02734,4
2017,2017-05-03,1445,5,1,14,3,N,A,N,A,H,A,A,01,S,08,E,,,,,I,Y,N,D,1,0,0,0,22107.0,1,35.79926566,-119.1091946,2
2017,2017-05-01,1135,5,1,11,1,N,A,Y,A,H,A,D,22,N,08,F,,,,,I,Y,N,D,2,0,0,0,22107.0,2,36.19542108,-119.32846019,3
2019,2019-12-12,1514,12,4,15,4,N,A,Y,A,H,A,A,01,S,08,D,,,,,C,Y,N,A,1,0,0,0,22100.0,2,36.34116363525391,-119.29623413085938,4
2017,2017-05-04,555,5,1,5,4,N,A,N,A,H,A,A,01,W,08,B,,,,,C,N,M,D,1,0,0,0,22107.0,2,35.87742657,-119.26501662,4
2017,2017-05-05,1240,5,1,12,5,N,A,Y,A,H,A,C,02,S,08,F,,,Y,,A,Y,N,D,1,0,0,1,22107.0,1,,,3
2017,2017-05-05,945,5,1,9,5,N,A,N,A,H,A,A,01,N,08,E,,,,,I,Y,N,D,1,0,0,0,22107.0,1,36.49400757,-119.40823541,3
2017,2017-05-04,1055,5,1,10,4,N,A,N,A,A,A,A,01,N,03,C,,,,,C,Y,N,D,1,0,0,0,22350.0,2,36.55716214,-119.44871042,4
2017,2017-05-01,620,5,1,6,1,Y,A,N,A,H,A,A,07,,09,D,,,,Y,C,Y,N,D,2,0,0,0,21801.0,2,36.16007005,-119.02734003,3
2017,2017-05-09,840,5,1,8,2,N,A,Y,A,H,A,A,01,W,03,C,,,,,C,N,N,D,1,0,0,0,22350.0,2,36.21078781,-119.12164958,4
2017,2017-04-29,1902,4,1,19,6,N,A,N,A,H,A,A,07,W,01,F,,,,,A,N,N,D,1,0,0,0,23152.0,1,35.89115565,-119.43383278,3
2017,2017-04-29,5,4,1,0,6,N,A,Y,A,H,D,D,22,S,08,E,,,,,I,Y,N,D,6,0,0,0,22107.0,1,36.28173262,-119.37470233,3
2017,2017-05-05,1406,5,1,14,5,N,A,Y,A,H,A,A,01,S,03,C,,,,,C,Y,N,D,1,0,0,0,22350.0,2,36.19386055,-119.3286492,3
2017,2017-05-06,1530,5,1,15,6,N,A,Y,A,H,A,-,- ,N,18,G,,,Y,,A,N,N,D,1,0,0,1,,1,36.28131948,-119.37421724,2
2017,2017-05-09,1720,5,1,17,2,N,A,Y,A,H,A,A,01,E,03,C,,,,,C,Y,N,D,1,0,0,0,22350.0,2,36.32699572,-119.31258924,4
2017,2017-05-09,545,5,1,5,2,N,A,Y,A,H,B,D,22,S,08,E,,,,,I,Y,N,D,2,0,0,0,22107.0,1,36.28127378,-119.37440019,3
2017,2017-05-07,1525,5,1,15,7,N,A,N,A,H,A,A,07,W,08,E,,,,,I,Y,N,A,1,0,0,0,22107.0,1,36.24021301,-119.27123888,3
2017,2017-02-18,30,2,4,0,6,N,B,Y,A,H,D,D,22,E,01,F,,,,,A,Y,N,D,1,0,0,0,23152.0,1,36.15924679,-118.68807823,2
2017,2017-05-08,955,5,1,9,1,Y,A,Y,A,H,A,D,22,,03,C,,,,,C,Y,N,D,1,0,0,0,22350.0,2,36.52205201,-119.28674384,4
2017,2017-05-09,1600,5,1,16,2,Y,A,N,A,H,A,A,01,,09,D,,,,,C,Y,N,A,2,0,0,0,21801.0,2,36.26897388,-119.22490865,3
2017,2017-05-04,1945,5,1,19,4,N,B,N,A,H,D,A,01,W,01,E,,,,,I,N,M,D,1,0,0,0,23152.0,1,36.06575005,-119.23947833,3
2017,2017-05-03,1735,5,1,17,3,N,A,N,A,H,A,N,60,W,11,G,Y,,,,B,N,N,D,1,1,0,0,21954.0,2,36.06218605,-118.98320428,3
2017,2017-05-05,500,5,1,5,5,N,A,Y,A,H,D,A,01,S,07,C,,,,,C,Y,N,D,2,0,0,0,21658.0,2,36.42926067,-119.47305183,4
2017,2017-05-06,1309,5,1,13,6,N,A,Y,A,H,A,D,22,E,07,C,,,,,C,N,N,D,1,0,0,0,21658.0,2,36.05111152,-119.01657971,4
2017,2017-04-24,1330,4,1,13,1,N,A,Y,A,H,A,C,02,W,08,E,,,Y,,I,Y,N,D,0,0,0,0,22107.0,1,,,1
2017,2017-05-10,1533,5,1,15,3,N,A,Y,A,H,A,A,07,W,03,C,,,,,C,Y,N,D,3,0,0,0,22350.0,3,36.05169448,-119.03919042,4
2017,2017-05-09,855,5,1,8,2,N,A,N,A,H,A,A,07,W,03,C,,,,,J,Y,N,D,1,0,0,0,22350.0,2,36.48747309,-119.35981975,3
2017,2017-05-09,1612,5,1,16,2,Y,A,Y,A,H,A,D,22,,09,D,,,,,C,Y,N,A,1,0,0,0,21802.0,2,36.31159161,-119.13526004,4
2017,2017-05-10,1928,5,1,19,3,N,A,Y,A,H,B,A,01,W,08,E,,,,,I,Y,N,D,1,0,0,0,22107.0,1,36.38779155,-118.94703518,3
2017,2017-05-09,730,5,1,7,2,N,A,Y,A,H,A,H,13,E,03,C,,,,,C,N,N,A,1,0,0,0,22350.0,2,36.05115825,-119.00805963,3
2017,2017-05-11,903,5,1,9,4,N,A,Y,A,H,A,A,01,S,08,E,,,,,I,Y,N,D,1,0,0,0,22107.0,1,36.26466934,-119.36281537,4
2017,2017-05-11,258,5,1,2,4,N,A,N,A,H,A,A,01,E,08,F,,,,,A,Y,N,D,1,0,0,0,22107.0,1,35.89119886,-119.42380765,3
2017,2017-05-10,1450,5,1,14,3,Y,A,Y,A,H,A,A,01,,09,D,,,,,C,Y,N,A,2,0,0,0,21802.0,2,36.05155829,-119.04399942,3
2017,2017-04-29,1510,4,1,15,6,N,A,N,A,H,A,C,02,N,17,B,,,Y,,C,Y,N,D,1,0,0,1,21662.0,2,36.59844183,-119.00928855,2
2017,2017-05-12,2330,5,1,23,5,N,A,N,A,H,D,A,01,N,08,E,,,,,I,Y,N,D,1,0,0,0,22107.0,1,36.01496,-119.01765,2
2017,2017-05-14,835,5,1,8,7,N,A,Y,A,H,A,D,22,E,07,B,,,,,C,N,N,D,2,0,0,0,21658.0,2,36.32704,-119.30400197,4
2017,2017-05-17,1010,5,1,10,3,N,B,N,A,H,A,A,01,S,03,B,,,,,C,Y,N,D,2,0,0,0,22350.0,2,36.1962436,-119.23320774,3
2017,2017-05-15,1525,5,1,15,1,N,A,N,A,H,A,A,01,W,09,D,,,,,C,N,N,D,1,0,0,0,21804.0,2,36.55017049,-119.28808808,4
2017,2017-05-04,1415,5,1,14,4,N,A,N,A,H,A,A,01,W,01,E,,,,,I,Y,M,D,1,0,0,0,23152.0,2,36.13083874,-119.05454367,3
2017,2017-05-14,2315,5,1,23,7,Y,A,N,A,H,D,A,07,,01,D,,,,,C,Y,N,A,12,0,0,0,23152.0,2,36.22540009,-119.42102999,2
2017,2017-05-09,1930,5,1,19,2,N,A,Y,A,H,B,A,01,S,08,E,,,,,I,Y,N,D,1,0,0,0,22107.0,1,35.82684844,-119.2586934,4
2017,2017-05-18,930,5,1,9,4,N,A,N,A,H,A,M,46,S,03,B,,,,,C,Y,N,D,1,0,0,0,22350.0,2,36.49963927,-119.54797052,4
2017,2017-05-16,1219,5,1,12,2,N,A,N,A,H,A,A,01,S,08,E,,,,,I,Y,N,D,2,0,0,0,22107.0,1,36.5457295,-119.48450625,3
2017,2017-05-21,830,5,1,8,7,N,A,N,A,H,A,A,07,N,03,C,,,,,C,Y,N,D,2,0,0,0,22350.0,3,36.32989539,-119.23387206,4
2017,2017-05-14,1845,5,1,18,7,N,B,N,A,H,A,C,02,N,03,E,,,Y,,I,Y,N,D,2,0,0,2,22350.0,1,36.43204947,-119.02794421,2
2017,2017-05-19,545,5,1,5,5,N,A,N,A,D,B,A,01,E,03,C,,,,,C,Y,N,D,1,0,0,0,22350.0,3,36.54655767,-119.47304875,4
2017,2017-05-21,2240,5,1,22,7,N,A,Y,A,H,D,A,01,S,08,E,,,,,I,Y,N,D,1,0,0,0,22107.0,1,,,4
2017,2017-05-21,312,5,1,3,7,N,A,N,A,H,C,A,07,N,01,C,,,,,C,Y,N,A,2,0,0,0,23152.0,2,35.80527718,-119.14322108,4
2019,2019-11-23,1522,11,3,15,6,N,A,N,A,H,A,A,01,S,03,C,,,,,C,N,M,A,1,0,0,0,22350.0,2,36.31250762939453,-119.3316650390625,4
2019,2019-11-14,918,11,3,9,4,Y,A,N,A,H,C,A,01,,12,D,,,,,C,Y,N,A,1,0,0,0,21453.0,2,36.33015823364258,-119.29772186279295,4
2017,2017-05-16,1315,5,1,13,2,N,A,N,A,H,A,A,01,W,05,A,,,,,C,Y,N,A,3,0,0,0,21650.0,2,36.16724001,-119.15295167,3
2017,2017-05-16,1145,5,1,11,2,N,A,N,A,H,A,G,25,S,03,D,,,,Y,C,Y,N,D,2,0,0,0,22350.0,2,36.13785,-119.51972,4
2017,2017-04-24,400,4,1,4,1,N,A,N,A,H,D,A,01,E,01,E,,,,,I,Y,N,A,1,0,0,0,23152.0,1,36.54382963,-119.19678199,3
2017,2017-05-20,2140,5,1,21,6,N,A,N,A,H,D,A,01,E,01,A,,,,,C,Y,N,D,3,0,0,0,23152.0,2,36.19636068,-119.29230094,2
2017,2017-05-16,710,5,1,7,2,Y,A,Y,A,H,A,A,01,,09,D,,,,,C,Y,N,A,2,0,0,0,21802.0,2,36.48627927,-119.25074106,3
2017,2017-05-20,1403,5,1,14,6,N,A,Y,A,H,A,C,02,E,05,B,,,Y,,C,N,N,D,2,0,0,1,21460.0,3,36.47892318,-118.83959608,4
2017,2017-05-18,1450,5,1,14,4,Y,A,Y,A,H,A,A,01,,09,D,,,,,C,Y,N,D,1,0,0,0,21802.0,2,35.89116137,-119.40519557,3
2017,2017-05-22,735,5,1,7,1,N,A,Y,A,H,A,A,07,W,09,D,,,,,C,Y,N,D,1,0,0,0,21801.0,2,,,4
2017,2017-05-14,1419,5,1,14,7,N,A,Y,A,H,A,A,01,E,08,E,,,,,I,Y,N,D,2,0,0,0,22107.0,1,36.04797863,-118.92834433,3
2017,2017-04-22,1144,4,1,11,6,Y,A,N,A,H,A,A,07,,12,D,,,,,C,Y,F,A,5,0,0,0,22450.0,2,36.55940003,-119.30500996,2
2017,2017-05-17,945,5,1,9,3,Y,B,Y,A,H,A,A,01,,09,E,,,,,I,Y,F,D,1,0,0,0,21801.0,2,36.32659447,-119.16656907,4
2017,2017-05-20,1324,5,1,13,6,Y,A,N,A,H,A,A,07,,09,D,,,,Y,C,Y,N,A,2,0,0,0,21802.0,2,36.22540009,-119.42102999,2
2017,2017-04-18,1150,4,1,11,2,N,B,Y,B,H,A,A,01,N,03,E,,,,Y,I,Y,N,D,2,0,0,0,22350.0,4,36.35098192,-119.42724272,4
2017,2017-05-24,1425,5,1,14,3,N,A,N,A,H,A,A,07,W,08,E,,,,,I,Y,N,D,1,0,0,0,22107.0,1,36.48856873,-119.46900526,4
2017,2017-05-21,2115,5,1,21,7,N,A,N,A,H,D,A,07,N,01,E,,,,,I,Y,N,D,1,0,0,0,23152.0,1,36.45111827,-118.90576533,3
2017,2017-05-22,1414,5,1,14,1,N,A,N,A,H,A,A,07,S,08,C,,,,,E,Y,N,D,2,0,0,0,22107.0,2,36.38786471,-119.22483515,2
2017,2017-05-27,1245,5,1,12,6,N,A,Y,A,H,A,A,01,E,01,B,,,,,C,Y,N,D,5,0,0,0,23152.0,4,36.21087481,-119.23761001,2
2017,2017-05-21,2040,5,1,20,7,N,A,N,A,H,C,D,22,N,01,E,,,,,I,Y,M,D,1,0,0,0,23152.0,2,36.146578,-119.05719,4
2017,2017-05-22,2050,5,1,20,1,N,A,Y,A,H,D,C,02,W,08,B,,,Y,,C,Y,N,D,2,0,0,2,22107.0,2,36.06346739,-118.90964729,3
2017,2017-05-13,1050,5,1,10,6,N,A,Y,A,H,A,A,07,S,07,F,,,,,A,Y,F,D,4,0,0,0,21658.0,2,36.23438684,-119.34123345,3
2017,2017-05-24,1740,5,1,17,3,N,A,Y,A,H,A,A,01,S,08,C,,,,,C,Y,N,D,1,0,0,0,22107.0,2,35.88284613,-119.27161204,4
2017,2017-03-21,1438,3,1,14,2,N,A,Y,A,H,A,A,07,S,01,A,,,,,C,Y,N,D,1,0,0,0,23152.0,2,35.85757501,-119.38070168,1
2017,2017-05-22,954,5,1,9,1,N,A,Y,A,H,A,A,07,W,03,C,,,,,C,Y,N,D,1,0,0,0,22350.0,3,36.32716351,-119.32573754,4
2017,2017-05-23,1650,5,1,16,2,N,A,N,A,H,A,N,60,E,11,G,Y,,,,B,N,N,D,1,1,0,0,21954.0,2,36.14461263,-119.13315654,3
2017,2017-05-24,1004,5,1,10,3,Y,A,Y,A,H,A,A,01,,09,D,,,,,C,Y,N,A,3,0,0,0,21802.0,2,36.15275527,-119.07578978,3
2017,2017-05-24,740,5,1,7,3,N,A,N,A,H,A,A,07,N,03,C,,,,,C,Y,N,A,2,0,0,0,22350.0,2,36.23285955,-119.42108131,3
2017,2017-05-09,1505,5,1,15,2,N,A,N,A,H,A,A,07,N,03,C,,,,,C,N,N,D,3,0,0,0,22350.0,2,36.33931585,-119.3319726,4
2017,2017-05-03,515,5,1,5,3,N,A,N,A,H,B,M,46,N,09,D,,,,,J,N,N,D,1,0,0,0,21801.0,2,36.55303294,-119.25997135,4
2017,2017-05-20,1905,5,1,19,6,N,A,N,A,H,A,A,01,W,01,B,,,,,E,Y,N,D,1,0,0,0,23152.0,3,35.79790157,-119.1051905,4
2017,2017-05-26,1733,5,1,17,5,N,A,Y,A,H,A,D,22,W,03,C,,,,,C,Y,N,D,3,0,0,0,22350.0,2,36.3271752,-119.37450035,4
2017,2017-05-26,1730,5,1,17,5,N,A,Y,A,H,A,G,25,S,03,C,,,,Y,C,N,M,D,1,0,0,0,22350.0,2,36.31982839,-119.39973455,4
2017,2017-05-24,1905,5,1,19,3,N,A,N,A,H,A,D,22,S,08,B,,,,,C,N,N,D,1,0,0,0,22107.0,2,36.21365667,-119.07362009,4
2017,2017-05-24,2301,5,1,23,3,N,A,Y,A,H,D,A,01,E,08,F,,,,,A,Y,N,D,3,0,0,0,22107.0,1,36.04754174,-118.93008667,2
2017,2017-05-26,550,5,1,5,5,Y,B,N,A,H,A,A,01,,12,D,,,,,C,Y,N,A,1,0,0,0,22450.0,2,36.39941005,-119.20659999,4
2017,2017-05-27,0,5,1,0,6,N,A,N,A,H,C,A,01,N,03,C,,,,,C,Y,N,A,1,0,0,0,22350.0,2,36.25345487,-119.11836939,4
2017,2017-05-27,1453,5,1,14,6,N,A,Y,A,H,A,A,01,N,08,D,,,,,C,Y,N,D,3,0,0,0,22107.0,2,35.83493112,-119.37060308,4
2017,2017-05-26,540,5,1,5,5,Y,B,N,A,H,B,A,01,,09,D,,,,,C,Y,F,A,2,0,0,0,21802.0,2,35.87747,-119.21474994,3
2017,2017-05-27,1724,5,1,17,6,N,A,Y,A,H,A,A,01,N,07,B,,,,,C,N,N,D,1,0,0,0,21658.0,2,36.27449977,-119.36994095,4
2017,2017-05-29,2107,5,1,21,1,N,A,Y,A,H,D,A,01,W,01,B,,,,,C,Y,N,D,1,0,0,0,23152.0,2,36.46313889,-118.87016519,3
2017,2017-06-01,1905,6,2,19,4,N,A,Y,A,H,B,A,07,E,08,E,,,,,I,Y,N,D,1,0,0,0,22107.0,1,36.40201701,-119.01027992,3
2017,2017-06-01,1621,6,2,16,4,N,A,Y,A,H,A,A,01,W,03,C,,,,,C,Y,N,D,1,0,0,0,22350.0,2,36.32725602,-119.3964,4
2017,2017-05-21,1519,5,1,15,7,N,A,N,A,H,A,C,02,W,03,F,,,Y,,A,Y,N,D,2,0,0,2,22350.0,1,36.4737425,-119.48568839,3
2017,2017-05-24,205,5,1,2,3,N,A,Y,A,H,C,G,27,W,08,F,,,,Y,I,Y,N,D,1,0,0,0,22107.0,1,35.87685,-119.27066,3
2017,2017-05-28,2000,5,1,20,7,N,A,Y,A,H,D,C,02,N,03,F,,,Y,,A,N,N,D,1,0,0,1,22350.0,1,36.33400217,-119.4135842,3
2017,2017-06-01,1534,6,2,15,4,N,A,N,A,B,A,D,22,W,08,D,,,,,C,Y,N,D,1,0,0,0,22107.0,2,36.065899,-119.31396052,4
2017,2017-05-19,2250,5,1,22,5,N,A,N,A,H,D,A,01,W,09,D,,,,,C,Y,M,D,1,0,0,0,21804.0,2,36.14549312,-119.11918407,3
2017,2017-05-28,2125,5,1,21,7,N,A,N,A,H,D,A,07,N,08,E,,,,,I,Y,N,D,1,0,0,0,22107.0,1,36.1383,-119.07175,3
2017,2017-05-21,2230,5,1,22,7,Y,A,Y,A,H,C,A,01,,01,A,,,,,C,Y,N,A,1,0,0,0,23152.0,2,36.54473821,-119.28692129,4
2017,2017-05-21,1205,5,1,12,7,N,A,N,A,H,A,A,07,W,08,A,,,,,C,Y,N,A,1,0,0,0,22100.0,2,36.54486468,-119.29603994,4
2017,2017-05-27,751,5,1,7,6,N,A,Y,A,H,A,A,01,N,08,E,,,,,I,Y,N,D,1,0,0,0,22107.0,1,36.28144423,-119.37429882,4
2017,2017-05-30,530,5,1,5,2,N,A,N,A,H,B,A,01,W,08,D,,,,,C,Y,N,D,3,0,0,0,22107.0,2,36.47319277,-119.40332569,3
2017,2017-05-31,1130,5,1,11,3,Y,B,N,A,H,A,F,25,,12,D,,,,Y,C,Y,N,A,3,0,0,0,22450.0,2,35.92081007,-119.26817997,4
2017,2017-05-31,2053,5,1,20,3,N,A,N,A,H,C,D,22,N,21,C,,,,,C,N,N,A,1,0,0,0,22106.0,2,35.88438622,-119.27107349,4
2017,2017-06-04,1825,6,2,18,7,Y,A,N,A,H,A,A,01,,01,D,,,,,C,Y,F,A,3,0,0,0,23152.0,2,36.02232003,-119.21462995,1
2017,2017-05-15,1740,5,1,17,1,N,A,N,A,H,A,A,07,E,01,A,,,,,C,Y,N,D,3,0,0,0,23152.0,2,36.38557939,-119.28563401,1
2017,2017-05-31,1533,5,1,15,3,N,A,N,A,H,A,A,01,E,09,D,,,,,C,Y,N,D,1,0,0,0,21804.0,3,35.80513651,-119.13868636,4
2017,2017-05-29,1755,5,1,17,1,N,A,N,A,H,A,A,01,S,09,A,,,,,C,Y,N,D,3,0,0,0,21801.0,2,35.95697,-119.00021,3
2017,2017-05-31,622,5,1,6,3,N,A,Y,A,D,A,-,99,S,07,E,,,,,J,Y,M,D,1,0,0,0,21658.0,2,36.34832906,-119.42527868,4
2017,2017-06-05,500,6,2,5,1,Y,A,Y,A,H,B,D,22,,03,C,,,,,C,Y,N,D,2,0,0,0,22350.0,2,36.42891191,-119.29587967,4
2017,2017-06-01,1150,6,2,11,4,Y,A,N,A,H,A,A,07,,12,D,,,,,C,Y,N,A,2,0,0,0,22450.0,2,36.15278,-119.0629,4
2017,2017-06-08,520,6,2,5,4,Y,A,Y,A,H,D,-,- ,,18,H,,,,,H,Y,N,D,1,0,0,0,,1,36.13229004,-119.51843997,4
2017,2017-05-13,2254,5,1,22,6,N,A,Y,A,H,C,D,22,N,08,F,,,,,A,Y,M,D,1,0,0,0,22107.0,1,36.0535,-119.03831,3
2017,2017-06-02,755,6,2,7,5,N,A,N,A,H,A,A,07,S,03,C,,,,,C,N,N,D,1,0,0,0,22350.0,2,36.1417845,-119.0590717,4
2017,2017-06-04,2155,6,2,21,7,Y,A,N,A,H,D,A,01,,09,D,,,,,C,Y,N,A,1,0,0,0,21802.0,2,36.05120887,-119.10746005,3
2017,2017-06-04,1710,6,2,17,7,N,A,N,A,H,A,E,22,W,03,C,,,,,C,Y,N,A,3,0,0,0,22350.0,2,36.29813922,-119.36755646,4
2017,2017-06-07,1730,6,2,17,3,N,A,N,A,H,A,A,07,S,01,F,,,,,A,Y,N,D,1,0,0,0,23152.0,1,36.66005664,-118.83585334,3
2017,2017-06-07,2132,6,2,21,3,Y,A,N,A,H,C,D,22,,09,A,,,,,C,Y,F,D,2,0,0,0,21801.0,2,36.05751991,-118.99129897,3
2017,2017-06-08,1300,6,2,13,4,N,B,Y,A,H,A,A,01,S,03,C,,,,,C,Y,N,D,2,0,0,0,22350.0,2,,,3
2017,2017-06-07,1608,6,2,16,3,N,A,Y,A,H,A,A,07,E,08,D,,,,,E,Y,N,D,1,0,0,0,22107.0,2,36.32713707,-119.38372874,4
2017,2017-06-08,2050,6,2,20,4,N,A,N,A,H,D,A,01,E,01,E,,,,,I,Y,N,D,1,0,0,0,23152.0,1,36.06569231,-119.27967278,2
2017,2017-06-10,1651,6,2,16,6,N,A,Y,A,H,A,A,01,S,03,C,,,,,C,Y,N,D,1,0,0,0,22350.0,2,35.99865864,-119.30036592,4
2017,2017-06-12,1330,6,2,13,1,Y,A,N,A,H,A,A,01,,09,D,,,,,C,Y,N,A,2,0,0,0,21802.0,2,36.15280004,-119.0649701,4
2017,2017-06-09,1539,6,2,15,5,Y,A,N,A,H,A,A,01,,09,D,,,,Y,C,Y,N,A,2,0,0,0,21802.0,2,36.00766007,-119.29490999,4
2017,2017-06-07,954,6,2,9,3,Y,A,N,A,H,A,D,22,,09,D,,,,,C,Y,N,A,1,0,0,0,21802.0,3,36.50338003,-119.54792995,4
2017,2017-05-20,1910,5,1,19,6,Y,A,N,A,H,A,D,22,,09,A,,,,,C,Y,F,D,1,0,0,0,21801.0,3,36.22579006,-119.26037987,2