ACCIDENT_YEAR,COLLISION_DATE,COLLISION_TIME,MONTH,SEASON,24HOURS,DAY_OF_WEEK,INTERSECTION,WEATHER_1,STATE_HWY_IND,ROAD_SURFACE,ROAD_COND_1,LIGHTING,STWD_VEHTYPE_AT_FAULT,CHP_VEHTYPE_AT_FAULT,DIRECTION,PCF_VIOL_CATEGORY,TYPE_OF_COLLISION,PEDESTRIAN_ACCIDENT,BICYCLE_ACCIDENT,MOTORCYCLE_ACCIDENT,TRUCK_ACCIDENT,MVIW,TOW_AWAY,HIT_AND_RUN,CONTROL_DEVICE,NUMBER_INJURED,COUNT_PED_INJURED,COUNT_BICYCLIST_INJURED,COUNT_MC_INJURED,PCF_VIOLATION,PARTY_COUNT,POINT_Y,POINT_X,COLLISION_SEVERITY
2017,2017-06-08,730,6,2,7,4,N,A,N,A,H,A,-,- ,W,18,H,,,Y,,H,Y,N,D,1,0,0,1,,1,,,3
2017,2017-06-08,110,6,2,1,4,N,A,N,A,H,D,C,02,W,08,F,,,Y,,A,N,N,D,1,0,0,1,22107.0,1,36.29732927,-119.08051145,3
2017,2017-06-15,1215,6,2,12,4,N,A,N,A,H,A,D,22,S,08,E,,,,,I,Y,N,D,2,0,0,0,22107.0,1,36.10907152,-119.19663016,3
2017,2017-06-15,1505,6,2,15,4,Y,A,Y,A,H,A,A,01,,09,D,,,,,C,Y,N,D,4,0,0,0,21801.0,2,36.10423739,-119.04312967,4
2017,2017-06-09,1025,6,2,10,5,N,A,N,A,H,A,F,26,S,21,B,,,,Y,C,Y,N,D,1,0,0,0,22106.0,2,36.34368812,-119.41243151,4
2017,2017-06-09,1903,6,2,19,5,Y,A,N,A,H,A,D,22,,12,D,,,,,C,Y,N,A,4,0,0,0,22450.0,2,36.42863012,-119.27787996,2
2017,2017-06-06,1726,6,2,17,2,Y,A,N,A,H,A,A,01,,09,D,,,,,C,Y,N,B,2,0,0,0,21800.0,3,36.48791155,-119.3947354,4
2017,2017-06-03,2145,6,2,21,6,N,A,N,A,H,D,A,01,N,08,B,,,,,I,N,M,D,1,0,0,0,22107.0,1,36.49000906,-119.46699584,4
2020,2020-01-31,1820,1,4,18,5,Y,A,Y,A,H,C,-,,,03,C,,,,,C,N,N,D,1,0,0,0,22350.0,2,36.104278564453125,-119.04315185546876,4
2020,2020-02-02,1910,2,4,19,7,Y,A,Y,A,H,C,-,,,09,D,,,,,C,Y,N,A,2,0,0,0,21801.0,2,36.06802749633789,-119.0392608642578,3
2017,2017-06-13,1400,6,2,14,2,N,A,N,A,H,A,A,07,E,03,C,,,,,C,N,F,D,1,0,0,0,22350.0,2,35.79042793,-119.2491138,4
2017,2017-05-27,2050,5,1,20,6,N,A,N,A,H,D,A,01,W,05,A,,,Y,,C,Y,F,D,1,0,0,1,21650.0,2,36.2836951,-119.35267953,2
2017,2017-06-19,2050,6,2,20,1,N,A,N,A,H,D,-,- ,W,18,E,,,,,I,Y,N,D,1,0,0,0,,1,36.09473856,-119.14640129,3
2017,2017-06-13,1125,6,2,11,2,Y,A,N,A,H,A,D,22,,12,D,,,,,C,Y,N,A,1,0,0,0,22450.0,2,36.25318006,-119.10051011,4
2017,2017-06-14,1438,6,2,14,3,N,A,N,A,H,A,A,01,S,08,A,,,,,E,Y,N,D,1,0,0,0,22107.0,2,36.549404,-119.28258396,4
2017,2017-06-16,1210,6,2,12,5,N,A,Y,A,H,A,A,01,S,09,D,,,,Y,C,Y,N,D,3,0,0,0,21804.0,2,36.21081402,-119.13559002,3
2017,2017-06-15,2052,6,2,20,4,N,A,Y,A,H,D,A,01,S,01,E,,,,,I,Y,N,D,1,0,0,0,23152.0,1,36.04390186,-119.31096181,2
2017,2017-06-17,2025,6,2,20,6,N,A,N,A,H,B,N,60,E,11,G,Y,,,,B,N,N,D,1,1,0,0,21954.0,2,36.05303604,-119.14528282,4
2017,2017-06-14,747,6,2,7,3,Y,A,Y,A,H,A,D,22,,12,D,,,,Y,C,Y,N,A,1,0,0,0,21453.0,4,,,3
2017,2017-06-22,745,6,2,7,4,N,A,N,A,H,A,A,01,S,03,C,,,,,C,N,N,D,1,0,0,0,22350.0,2,36.07980121,-119.14314,4
2017,2017-06-03,30,6,2,0,6,N,A,Y,A,H,D,D,22,S,01,C,,,,,C,N,M,A,2,0,0,0,23152.0,2,,,4
2017,2017-06-15,955,6,2,9,4,N,A,Y,A,H,A,M,44,S,09,D,,,,,C,Y,N,D,3,0,0,0,21804.0,2,36.33029227,-119.11689111,4
2017,2017-06-15,1000,6,2,10,4,N,A,N,A,H,A,A,01,N,12,H,,,,,F,Y,N,A,1,0,0,0,22451.0,2,36.35411175,-119.45738,3
2017,2017-06-09,2030,6,2,20,5,N,A,N,A,H,D,A,01,S,08,E,,,,,I,Y,N,D,1,0,0,0,22107.0,1,36.53556511,-119.46665,3
2017,2017-06-24,1450,6,2,14,6,N,A,N,A,H,A,A,07,N,05,A,,,,,C,Y,N,D,4,0,0,0,21650.0,2,36.6974188,-118.87708962,3
2020,2020-01-03,1158,1,4,11,5,N,A,Y,A,H,A,A,07,S,08,B,,,,,C,Y,F,A,3,0,0,0,22107.0,2,36.32834243774414,-119.29342651367188,4
2020,2020-01-22,1437,1,4,14,3,N,A,N,A,D,A,A,01,N,03,C,,,Y,,C,N,N,A,1,0,0,1,22350.0,3,,,4
2020,2020-01-13,805,1,4,8,1,Y,E,Y,A,H,A,A,07,,12,D,,,,,C,Y,N,A,1,0,0,0,21453.0,2,36.341842651367195,-119.29677581787108,4
2017,2017-06-17,2203,6,2,22,6,N,A,N,A,H,D,A,01,E,01,D,,,,,C,Y,N,D,1,0,0,0,23152.0,2,36.51543164,-119.26336661,4
2020,2020-01-27,1400,1,4,14,1,N,B,Y,A,H,A,A,01,N,03,C,,,,,C,N,N,A,1,0,0,0,22350.0,2,36.30359649658203,-119.3138427734375,4
2017,2017-06-17,2120,6,2,21,6,N,A,Y,A,H,D,G,27,S,08,B,,,,Y,C,N,N,D,2,0,0,0,22107.0,2,35.86824202,-119.27064074,3
2017,2017-06-18,235,6,2,2,7,N,A,Y,A,H,D,D,22,S,01,E,,,,,I,Y,N,D,1,0,0,0,23152.0,1,,,3
2017,2017-06-25,1130,6,2,11,7,N,A,Y,A,H,A,A,01,W,05,B,,,,,C,Y,N,D,3,0,0,0,21650.0,2,36.04584605,-118.94479969,4
2017,2017-06-18,1650,6,2,16,7,N,A,Y,A,H,A,A,01,S,04,C,,,,,C,Y,N,D,1,0,0,0,21703.0,2,36.23462276,-119.34167207,4
2017,2017-06-20,1811,6,2,18,2,N,A,Y,A,H,A,A,01,N,03,C,,,,,C,N,N,D,1,0,0,0,22350.0,2,35.8599047,-119.26840965,4
2017,2017-06-22,1720,6,2,17,4,N,A,N,A,H,A,D,22,S,06,D,,,,,D,N,N,D,1,0,0,0,21750.0,2,36.04830091,-119.10748243,3
2017,2017-06-20,1950,6,2,19,2,Y,A,N,A,H,A,A,01,,09,D,,,,,C,Y,N,A,1,0,0,0,21802.0,2,36.53070004,-119.34052989,4
2017,2017-06-21,1958,6,2,19,3,N,A,Y,A,H,A,D,22,S,08,F,,,,,A,Y,N,D,4,0,0,0,22107.0,1,36.4834434,-119.5087654,3
2017,2017-06-20,745,6,2,7,2,N,A,Y,A,H,A,D,22,W,03,C,,,,,C,Y,N,D,1,0,0,0,22350.0,2,36.48005665,-118.83853665,4
2017,2017-06-18,1710,6,2,17,7,N,A,N,A,H,A,A,07,S,01,E,,,,,I,N,M,D,1,0,0,0,23152.0,1,36.20308376,-119.28200206,4
2017,2017-06-22,1705,6,2,17,4,Y,A,N,A,H,A,A,01,,09,D,,,,,C,N,N,A,1,0,0,0,21802.0,2,36.53031,-119.29574991,4
2017,2017-06-17,1755,6,2,17,6,N,A,Y,A,H,A,C,02,N,06,D,,,Y,,C,Y,N,A,1,0,0,1,21750.0,2,36.50371,-119.18725,3
2017,2017-06-23,2009,6,2,20,5,N,A,N,A,H,D,D,22,E,01,E,,,,,I,Y,N,D,3,0,0,0,23152.0,1,36.35795581,-119.21153694,2
2017,2017-06-23,515,6,2,5,5,N,A,N,A,H,A,A,01,N,05,A,,,,,C,Y,N,D,2,0,0,0,21650.0,2,36.55982602,-119.34057295,3
2017,2017-06-23,725,6,2,7,5,N,A,N,A,H,A,A,07,S,03,C,,,,,C,Y,N,D,1,0,0,0,22350.0,3,36.32409,-119.117,4
2017,2017-06-24,735,6,2,7,6,N,A,Y,A,H,A,A,01,S,08,E,,,,,I,N,N,D,3,0,0,0,22107.0,1,36.45162859,-119.49000895,4
2017,2017-06-29,1455,6,2,14,4,N,A,N,A,H,A,D,22,W,08,E,,,,,I,N,N,D,1,0,0,0,22107.0,1,35.85825006,-118.73390793,3
2017,2017-06-24,1225,6,2,12,6,Y,B,N,A,H,A,A,01,,05,B,,,,,C,Y,N,A,1,0,0,0,21650.0,2,36.39204004,-119.11653987,4
2017,2017-06-25,1400,6,2,14,7,N,A,Y,A,H,A,A,01,S,03,C,,,,Y,C,Y,N,D,1,0,0,0,22350.0,2,36.23605314,-119.34272802,4
2017,2017-06-25,1855,6,2,18,7,N,A,N,A,H,A,A,01,W,03,C,,,,,C,Y,N,A,1,0,0,0,22350.0,2,36.31167065,-119.14423085,4
2017,2017-06-27,910,6,2,9,2,N,A,Y,A,H,A,A,01,S,07,C,,,,,C,Y,N,D,1,0,0,0,21658.0,2,36.28792407,-119.37884444,3
2017,2017-06-30,1755,6,2,17,5,Y,A,N,A,H,A,A,01,,03,C,,,,,C,Y,N,D,1,0,0,0,22350.0,2,36.06582005,-119.0887001,4
2017,2017-06-28,408,6,2,4,3,N,A,N,A,H,D,A,07,N,03,C,,,,,C,Y,N,D,2,0,0,0,22350.0,2,36.17529961,-119.35768692,4
2017,2017-06-12,1055,6,2,10,1,Y,A,Y,A,H,A,D,22,,12,D,,,,,C,Y,N,A,3,0,0,0,21453.0,2,36.32585602,-119.11698031,4
2017,2017-07-02,1030,7,2,10,7,Y,A,Y,A,H,A,A,07,,12,D,,,,,C,Y,N,A,3,0,0,0,21453.0,2,35.96251953,-119.0535543,3
2017,2017-06-19,1145,6,2,11,1,Y,A,Y,A,H,A,D,22,,12,D,,,,,C,Y,N,A,3,0,0,0,22450.0,2,35.89134738,-119.40533353,4
2017,2017-07-03,1750,7,2,17,1,N,A,N,A,H,A,A,07,N,08,E,,,,,I,Y,N,D,1,0,0,0,22107.0,1,36.0527636,-118.86039429,4
2017,2017-06-29,1420,6,2,14,4,N,A,Y,A,H,A,A,01,W,07,B,,,,,C,Y,N,D,1,0,0,0,21658.0,2,36.3269432,-119.30385084,3
2017,2017-06-29,1500,6,2,15,4,N,A,Y,A,H,A,A,01,W,03,C,,,,,C,Y,N,D,1,0,0,0,22350.0,3,36.32690698,-119.28979996,4
2017,2017-06-25,735,6,2,7,7,N,A,Y,A,H,A,A,01,S,08,B,,,,,C,Y,N,D,4,0,0,0,22107.0,2,35.91295071,-119.28063701,3
2017,2017-06-30,1600,6,2,16,5,N,A,N,A,H,A,A,07,W,08,F,,,,,A,Y,N,D,1,0,0,0,22107.0,1,35.88761656,-119.47127085,4
2017,2017-07-03,1110,7,2,11,1,Y,A,Y,A,H,A,A,01,,09,D,,,,,C,Y,N,A,1,0,0,0,21802.0,2,36.5012099,-119.28665626,3
2017,2017-07-06,1452,7,2,14,4,N,A,N,A,H,A,A,01,S,08,E,,,,,I,Y,N,D,1,0,0,0,22107.0,1,36.35240137,-119.13437963,3
2017,2017-06-28,1415,6,2,14,3,N,A,Y,A,H,A,D,22,E,03,C,,,,,C,Y,N,D,2,0,0,0,22350.0,2,36.21080951,-119.17185011,2
2017,2017-06-29,1535,6,2,15,4,Y,A,N,A,H,A,A,08,,09,D,,,,,C,Y,N,A,1,0,0,0,21802.0,2,36.26851009,-119.17204998,4
2020,2020-01-16,1358,1,4,13,4,N,A,N,A,H,A,D,22,E,03,C,,,,,C,Y,N,A,3,0,0,0,22350.0,4,36.339542388916016,-119.33606719970705,4
2017,2017-07-05,1700,7,2,17,3,N,A,Y,A,H,A,A,08,S,03,C,,,,,C,Y,N,D,2,0,0,0,22350.0,2,35.86322647,-119.26918207,4
2020,2020-02-22,856,2,4,8,6,N,B,N,B,H,A,-,,N,03,C,,,,,C,Y,N,A,2,0,0,0,22350.0,2,36.058639526367195,-119.01658630371094,4
2020,2020-02-22,1830,2,4,18,6,N,C,N,B,H,C,-,,S,03,E,,,,,I,Y,N,D,1,0,0,0,22350.0,1,36.090625762939446,-119.05287170410156,3
2020,2020-02-25,947,2,4,9,2,N,A,N,A,H,A,-,,S,21,C,,,,,C,Y,N,D,2,0,0,0,22106.0,2,36.07130813598633,-119.01618194580078,4
2020,2020-02-18,1435,2,4,14,2,N,A,N,A,H,A,-,,W,09,D,,,,,C,Y,N,A,1,0,0,0,21802.0,2,36.08015823364258,-119.01499176025392,4
2017,2017-06-17,1730,6,2,17,6,N,A,N,A,H,A,D,22,W,01,E,,,,,I,Y,N,D,1,0,0,0,23152.0,1,36.55943456,-119.30896572,3
2020,2020-02-23,1037,2,4,10,7,Y,B,N,A,H,A,-,,,00,C,,,,,C,Y,N,A,2,0,0,0,22352.0,2,36.063301086425774,-119.02411651611328,3
2020,2020-02-21,1836,2,4,18,5,N,A,N,A,H,C,-,,S,03,G,Y,,,,B,N,N,D,2,2,0,0,22350.0,3,36.07974624633789,-119.0439682006836,4
2020,2020-02-22,1814,2,4,18,6,N,C,N,B,H,C,-,,W,01,E,,,,,I,Y,N,A,1,0,0,0,23152.0,1,36.065776824951165,-119.04432678222656,4
2020,2020-02-20,902,2,4,9,4,N,A,N,A,H,A,-,,S,01,B,,,,,E,N,N,D,1,0,0,0,23152.0,2,36.06624221801758,-119.02294158935548,4
2017,2017-07-05,525,7,2,5,3,N,A,N,A,H,A,A,01,W,01,A,,,,,C,Y,N,D,2,0,0,0,23152.0,2,36.13830885,-119.27052152,3
2020,2020-02-16,1854,2,4,18,7,N,A,N,A,H,C,-,,W,09,C,,,,,C,Y,N,D,1,0,0,0,21804.0,2,36.06589889526367,-119.04606628417967,4
2017,2017-07-04,1045,7,2,10,2,N,A,N,A,H,A,A,07,S,05,E,,,,,I,N,N,D,1,0,0,0,21752.0,2,36.34667998,-119.19787887,3
2017,2017-06-29,2100,6,2,21,4,N,A,Y,A,H,D,A,01,E,05,A,,,,,C,Y,N,D,3,0,0,0,21460.0,2,36.04772357,-118.92903392,2
2017,2017-06-15,2000,6,2,20,4,Y,A,Y,A,H,A,A,01,,09,D,,,,Y,C,Y,N,A,1,0,0,0,21802.0,2,36.51731167,-119.43057836,1
2017,2017-06-25,615,6,2,6,7,Y,A,Y,A,H,A,D,22,,12,D,,,,,C,Y,N,A,1,0,0,0,22450.0,2,,,1
2017,2017-07-05,1525,7,2,15,3,N,A,N,A,H,A,A,01,W,09,D,,,,,C,Y,N,A,1,0,0,0,21802.0,2,36.32592929,-119.22532428,4
2017,2017-07-07,2020,7,2,20,5,N,A,N,A,H,B,C,06,N,03,C,,,Y,,C,N,N,D,1,0,0,1,22350.0,2,36.10925678,-119.39368,3
2017,2017-07-01,2300,7,2,23,6,N,A,Y,A,H,D,D,22,N,01,E,,,,,I,Y,N,D,1,0,0,0,23152.0,1,36.58642425,-119.12040804,3
2017,2017-07-04,1035,7,2,10,2,N,A,N,A,B,A,C,02,N,08,F,,,Y,,A,N,N,D,1,0,0,1,22107.0,1,36.17766695,-118.69638026,2
2017,2017-07-08,700,7,2,7,6,N,A,Y,A,D,A,A,01,S,08,E,,,,,I,Y,N,D,1,0,0,0,22107.0,1,36.34950404,-119.42614396,4
2020,2020-01-31,1927,1,4,19,5,Y,A,N,A,H,C,A,01,,09,D,,,Y,,C,Y,N,A,1,0,0,1,21801.0,2,36.34196853637695,-119.4035415649414,3
2020,2020-02-04,2043,2,4,20,2,Y,A,N,A,H,C,A,01,,12,B,,,,,C,Y,N,A,1,0,0,0,21453.0,2,36.32785034179688,-119.33625030517578,4
2020,2020-01-31,1145,1,4,11,5,Y,A,N,A,H,A,A,01,,04,C,,,,,C,N,N,A,1,0,0,0,21703.0,2,36.32785034179688,-119.33625030517578,3
2020,2020-02-02,1225,2,4,12,7,N,A,N,A,H,A,A,01,N,03,C,,,,,C,N,N,A,1,0,0,0,22350.0,2,36.32671737670898,-119.26083374023438,4
2017,2017-07-07,1625,7,2,16,5,N,A,Y,A,H,A,A,01,N,08,F,,,,,I,Y,N,D,2,0,0,0,22107.0,1,36.07376735,-119.03979256,3
2017,2017-06-02,100,6,2,1,5,N,A,N,A,H,D,D,22,W,01,E,,,,,I,Y,N,D,1,0,0,0,23152.0,1,35.99328048,-119.06254342,1
2017,2017-06-10,1514,6,2,15,6,N,A,Y,A,H,A,G,25,S,01,E,,,,Y,I,Y,N,D,0,0,0,0,23152.0,1,35.99887793,-119.30041511,1
2017,2017-07-05,1710,7,2,17,3,N,A,Y,A,H,A,D,22,W,03,C,,,,,C,Y,N,D,1,0,0,0,22350.0,3,36.32691294,-119.28442021,4
2017,2017-07-11,1255,7,2,12,2,N,A,N,A,H,A,D,22,E,03,C,,,,,C,Y,N,D,3,0,0,0,22350.0,2,36.35620614,-119.41180587,4
2017,2017-07-07,839,7,2,8,5,Y,A,N,A,H,A,A,01,,01,E,,,,,I,Y,N,D,1,0,0,0,23152.0,1,36.54383001,-119.1968499,4
2017,2017-07-10,2140,7,2,21,1,N,A,Y,A,H,D,A,01,N,01,C,,,,,C,Y,M,D,1,0,0,0,23152.0,3,35.93039548,-119.28268326,3
2017,2017-07-03,1609,7,2,16,1,N,A,Y,A,H,A,J,48,E,08,D,,,,,C,Y,N,D,6,0,0,0,22107.0,2,36.35289582,-119.04445509,3
2017,2017-07-10,1338,7,2,13,1,N,A,Y,A,H,A,D,22,N,03,C,,,,,C,Y,N,D,1,0,0,0,22350.0,2,,,4
2017,2017-07-13,845,7,2,8,4,Y,A,Y,A,H,A,A,01,,09,D,,,,,C,Y,N,D,1,0,0,0,21804.0,2,36.52205022,-119.28674377,4
2017,2017-07-12,1015,7,2,10,3,N,A,N,A,H,A,D,22,S,17,E,,,,,J,N,N,D,1,0,0,0,23114.0,3,36.28269319,-119.11794573,3
2017,2017-07-06,1330,7,2,13,4,Y,A,N,A,H,A,A,07,,09,D,,,,,C,Y,N,A,4,0,0,0,21802.0,2,36.53186011,-119.44863996,2
2017,2017-07-10,150,7,2,1,1,N,A,Y,A,H,D,G,25,S,08,E,,,,Y,I,Y,N,D,1,0,0,0,22107.0,1,35.8184783,-119.36491326,4
2017,2017-07-04,2211,7,2,22,2,N,A,Y,A,H,D,A,07,N,08,E,,,,,I,Y,N,D,1,0,0,0,22107.0,1,36.28168532,-119.37467118,4
2017,2017-07-08,1141,7,2,11,6,N,A,Y,A,D,A,-,99,N,08,E,,,,,J,Y,M,D,1,0,0,0,22107.0,2,36.35755004,-119.42856719,4
2017,2017-07-08,1313,7,2,13,6,N,A,Y,A,H,A,A,01,N,08,E,,,,,I,Y,N,D,1,0,0,0,22107.0,1,36.45998878,-119.49350559,4
2017,2017-05-13,110,5,1,1,6,N,A,Y,A,H,D,A,01,N,01,E,,,,,I,Y,F,D,1,0,0,0,23152.0,1,,,1
2017,2017-07-05,50,7,2,0,3,N,A,N,A,H,D,D,22,E,01,E,,,,,I,Y,M,D,1,0,0,0,23152.0,1,36.06583018,-119.12171116,3
2017,2017-07-05,655,7,2,6,3,N,A,N,A,H,A,A,01,N,08,F,,,,,A,Y,N,D,1,0,0,0,22107.0,1,36.05742269,-118.99145654,4
2017,2017-07-16,930,7,2,9,7,N,A,N,A,H,A,D,22,E,08,E,,,,,I,Y,N,D,1,0,0,0,22107.0,1,36.10905527,-118.88571203,3
2017,2017-07-07,1405,7,2,14,5,Y,A,N,A,H,A,A,01,,09,D,,,,,C,Y,N,A,1,0,0,0,21802.0,2,36.12379011,-119.10752009,4
2017,2017-07-16,1455,7,2,14,7,N,A,Y,A,H,A,A,07,S,08,F,,,,,A,Y,N,D,1,0,0,0,22107.0,1,36.20641252,-119.32844618,4
2017,2017-07-14,705,7,2,7,5,N,A,N,A,H,A,A,01,E,03,C,,,,Y,C,Y,N,D,1,0,0,0,22350.0,2,36.25391674,-119.17182867,4
2017,2017-07-18,2500,7,2,25,2,N,A,N,A,H,A,-,- ,S,18,H,,,Y,,H,N,N,D,1,0,0,1,,1,36.12231304,-119.04037043,3
2017,2017-07-12,1500,7,2,15,3,N,A,N,A,H,A,A,01,N,01,F,,,,,A,Y,N,D,1,0,0,0,23152.0,1,36.32231,-119.22465,3
2017,2017-07-15,1050,7,2,10,6,N,A,N,A,H,A,C,02,W,08,F,,,Y,,A,Y,N,D,1,0,0,1,22107.0,1,35.95523809,-118.6305061,2
2017,2017-07-18,1415,7,2,14,2,N,A,Y,A,H,A,A,07,S,03,C,,,,Y,C,Y,M,D,1,0,0,0,22350.0,2,36.00709849,-119.30167154,4
2017,2017-07-19,1515,7,2,15,3,N,A,N,A,H,A,A,07,S,08,F,,,,,A,Y,N,D,4,0,0,0,22107.0,1,35.8116491,-119.28598344,3
2017,2017-07-20,757,7,2,7,4,N,A,Y,A,D,A,D,22,S,03,C,,,,,C,Y,N,D,1,0,0,0,22350.0,2,36.28375037,-119.37580914,4
2017,2017-07-06,400,7,2,4,4,N,A,Y,A,H,D,A,01,S,08,F,,,,,A,Y,N,D,1,0,0,0,22107.0,1,36.21089169,-119.24264027,4
2017,2017-07-11,2002,7,2,20,2,N,A,Y,A,H,B,A,01,W,08,F,,,,,A,Y,N,D,1,0,0,0,22107.0,1,36.20305383,-119.48250902,3
2017,2017-07-08,1,7,2,0,6,N,A,N,A,H,D,A,01,,08,F,,,,,A,Y,N,D,1,0,0,0,22107.0,1,35.89170009,-119.05393013,2
2017,2017-07-17,710,7,2,7,1,N,A,N,A,H,A,C,06,W,09,D,,,Y,,C,Y,N,D,2,0,0,1,21804.0,2,36.08023003,-119.18775317,3
2017,2017-07-17,1700,7,2,17,1,N,A,Y,A,H,A,A,01,S,21,C,,,,,C,N,N,A,1,0,0,0,22106.0,2,36.14550996,-119.07216008,4
2017,2017-07-15,2155,7,2,21,6,N,A,Y,A,H,D,D,22,S,01,F,,,,,A,Y,N,D,1,0,0,0,23152.0,1,36.46468264,-119.12305242,3
2017,2017-07-13,508,7,2,5,4,Y,A,Y,A,H,B,A,08,,09,D,,,,,C,Y,N,A,1,0,0,0,21802.0,2,36.51570434,-119.28674009,4
2017,2017-07-18,1204,7,2,12,2,Y,A,N,A,H,A,A,01,,09,D,,,,,C,Y,N,A,2,0,0,0,21801.0,2,36.44395425,-119.39486146,4
2017,2017-07-19,2040,7,2,20,3,Y,A,Y,A,H,B,A,01,,09,D,,,,,C,Y,N,A,2,0,0,0,21802.0,2,36.25359395,-119.13638477,4
2017,2017-07-17,1520,7,2,15,1,N,A,N,A,H,A,A,01,N,08,F,,,,,A,Y,N,D,4,0,0,0,22107.0,1,35.95035592,-119.04475347,3
2017,2017-07-13,1700,7,2,17,4,N,A,Y,A,H,A,A,01,N,08,B,,,,Y,C,N,M,D,1,0,0,0,22107.0,2,36.35312436,-119.42776462,4
2017,2017-07-15,1315,7,2,13,6,N,A,Y,A,H,A,C,02,N,03,F,,,Y,,A,Y,N,D,1,0,0,1,22350.0,1,36.58700655,-119.10868614,2
2017,2017-07-20,1005,7,2,10,4,N,A,Y,A,H,A,D,22,E,07,B,,,,,C,Y,F,A,1,0,0,0,21658.0,2,36.32699801,-119.31296061,4
2017,2017-07-20,1745,7,2,17,4,N,A,Y,A,H,A,A,01,N,03,C,,,,,C,Y,N,D,1,0,0,0,22350.0,2,36.31521195,-119.39522395,2
2017,2017-07-23,1403,7,2,14,7,Y,A,N,A,H,A,A,07,,09,D,,,,Y,C,Y,N,A,2,0,0,0,21802.0,2,36.22540009,-119.42102999,4
2017,2017-07-20,1525,7,2,15,4,Y,A,N,A,H,A,D,22,,12,D,,,,,C,Y,N,A,2,0,0,0,21453.0,2,36.26929007,-119.33124988,3
2017,2017-07-21,1452,7,2,14,5,Y,A,N,A,H,A,A,01,,09,D,,,,,C,Y,N,A,1,0,0,0,21802.0,2,36.14556008,-119.13432995,4
2017,2017-07-22,915,7,2,9,6,N,A,Y,A,D,A,A,07,S,03,C,,,,,C,Y,N,A,2,0,0,0,22350.0,3,36.20687002,-119.32844184,2
2017,2017-07-22,1025,7,2,10,6,N,A,N,A,H,A,A,01,W,08,E,,,,,I,Y,N,D,1,0,0,0,22107.0,1,36.56069,-119.43035,3
2017,2017-07-24,1235,7,2,12,1,N,A,Y,A,D,A,A,01,N,08,B,,,,Y,C,Y,M,D,1,0,0,0,22107.0,2,36.3530353,-119.4277394,4
2017,2017-07-12,625,7,2,6,3,N,A,Y,A,A,A,D,22,E,01,F,,,,,A,Y,N,D,1,0,0,0,23152.0,1,36.39703852,-118.99115721,2
2017,2017-07-25,1110,7,2,11,2,N,A,N,A,H,A,A,01,E,08,D,,,,,C,N,N,D,3,0,0,0,22107.0,2,36.52499473,-119.29089641,4
2017,2017-07-21,1525,7,2,15,5,Y,A,N,A,H,A,D,22,,09,D,,,,,C,Y,N,D,3,0,0,0,21802.0,2,36.123606,-119.0496015,4
2020,2020-03-04,1911,3,1,19,3,Y,A,N,A,H,C,-,,,01,D,,,,,C,Y,N,A,1,0,0,0,23153.0,2,36.06589889526367,-119.03813934326172,3
2017,2017-07-12,2138,7,2,21,3,Y,A,N,A,H,C,D,22,,01,D,,,,,C,Y,N,A,2,0,0,0,23152.0,2,36.575217,-119.413062,3
2017,2017-07-14,905,7,2,9,5,N,A,Y,A,H,A,A,01,W,03,E,,,,,I,Y,M,D,1,0,0,0,22350.0,1,36.3262,-119.20889,2
2017,2017-06-19,1710,6,2,17,1,N,A,N,A,H,A,A,07,E,01,C,,,,,C,Y,F,D,3,0,0,0,23152.0,3,36.05506133,-118.96350834,1
2020,2020-02-27,1628,2,4,16,4,N,A,N,A,H,A,-,,W,07,B,,,,,C,N,N,D,1,0,0,0,21658.0,3,36.08052444458008,-119.0332260131836,4
2020,2020-02-25,1800,2,4,18,2,N,A,N,A,H,B,L,04,S,08,B,,Y,,,G,N,F,D,1,0,1,0,22107.0,2,36.082008361816406,-119.0209503173828,3
2017,2017-07-27,618,7,2,6,4,N,A,N,A,H,A,A,01,W,03,C,,,,Y,C,N,N,D,1,0,0,0,22350.0,2,36.38543199,-119.26105967,4
2017,2017-07-22,2310,7,2,23,6,N,A,N,A,H,A,D,22,W,12,E,,,,,I,Y,N,A,2,0,0,0,22450.0,1,36.39932011,-119.13538091,4
2017,2017-07-23,1725,7,2,17,7,N,A,Y,A,H,A,A,01,E,01,E,,,,,I,N,N,D,1,0,0,0,23152.0,1,36.48507912,-119.15659868,3
2017,2017-07-15,138,7,2,1,6,N,A,N,A,H,C,C,02,W,01,F,,,Y,,A,Y,N,D,1,0,0,1,23152.0,1,36.53825814,-119.36502293,2
2017,2017-07-21,2300,7,2,23,5,N,A,N,A,H,D,C,02,W,01,F,,,Y,,A,Y,N,D,1,0,0,1,23152.0,1,36.36124891,-119.17230782,2
2017,2017-07-26,640,7,2,6,3,N,A,N,A,H,A,D,22,S,03,C,,,,,C,Y,N,D,1,0,0,0,22350.0,2,36.0798785,-119.35772925,3
2017,2017-07-26,1930,7,2,19,3,N,A,Y,A,D,B,A,01,S,08,E,,,,Y,I,Y,N,D,2,0,0,0,22107.0,2,36.34915584,-119.4259091,4
2017,2017-07-26,2245,7,2,22,3,Y,A,N,A,H,D,A,01,,09,A,,,,,C,N,N,D,1,0,0,0,21801.0,2,36.38517011,-119.22490993,3
2017,2017-07-28,2240,7,2,22,5,N,A,Y,A,H,D,C,02,S,08,F,,,Y,,A,Y,N,A,0,0,0,0,22107.0,1,35.86342468,-119.38430123,1
2017,2017-07-30,2355,7,2,23,7,N,A,Y,A,H,D,A,08,S,01,B,,,,,C,Y,F,D,2,0,0,0,23152.0,3,35.79226994,-119.05345397,3