ACCIDENT_YEAR,COLLISION_DATE,COLLISION_TIME,MONTH,SEASON,24HOURS,DAY_OF_WEEK,INTERSECTION,WEATHER_1,STATE_HWY_IND,ROAD_SURFACE,ROAD_COND_1,LIGHTING,STWD_VEHTYPE_AT_FAULT,CHP_VEHTYPE_AT_FAULT,DIRECTION,PCF_VIOL_CATEGORY,TYPE_OF_COLLISION,PEDESTRIAN_ACCIDENT,BICYCLE_ACCIDENT,MOTORCYCLE_ACCIDENT,TRUCK_ACCIDENT,MVIW,TOW_AWAY,HIT_AND_RUN,CONTROL_DEVICE,NUMBER_INJURED,COUNT_PED_INJURED,COUNT_BICYCLIST_INJURED,COUNT_MC_INJURED,PCF_VIOLATION,PARTY_COUNT,POINT_Y,POINT_X,COLLISION_SEVERITY
2017,2017-10-26,540,10,3,5,4,N,A,N,A,H,C,G,26,W,08,E,,,,Y,I,Y,N,D,1,0,0,0,22107.0,1,36.06571133,-119.19712529,3
2017,2017-10-31,649,10,3,6,2,Y,A,N,A,H,B,A,07,,12,D,,,,,C,Y,N,A,1,0,0,0,22450.0,2,36.25376004,-119.15422988,3
2017,2017-10-27,655,10,3,6,5,Y,A,N,A,H,B,A,01,,09,A,,,,,C,Y,N,D,4,0,0,0,21801.0,2,35.89194001,-119.23261992,4
2017,2017-11-01,2155,11,3,21,3,N,A,Y,A,H,C,A,01,E,03,C,,,,,C,Y,N,D,1,0,0,0,22350.0,2,36.32700285,-119.3137695,3
2017,2017-10-21,120,10,3,1,6,N,A,Y,A,H,D,A,01,E,01,F,,,,,A,Y,N,D,1,0,0,0,23152.0,1,36.32767213,-119.40333928,3
2017,2017-10-24,243,10,3,2,2,N,A,N,A,H,D,D,22,E,01,E,,,,,I,Y,N,D,1,0,0,0,23152.0,1,36.24015,-119.36436,2
2017,2017-10-27,1945,10,3,19,5,Y,A,N,A,H,C,D,22,,09,D,,,,,C,Y,N,A,1,0,0,0,21802.0,2,36.05506003,-118.96388006,3
2017,2017-10-24,620,10,3,6,2,N,A,N,A,H,D,D,22,E,05,B,,,,,C,Y,N,D,1,0,0,0,21650.0,2,35.81956349,-119.19523698,4
2017,2017-10-26,1630,10,3,16,4,N,A,N,A,H,A,E,22,E,08,B,,,,,C,Y,N,D,1,0,0,0,22107.0,2,35.8049341,-119.23599402,3
2017,2017-10-27,145,10,3,1,5,N,A,N,A,H,D,D,22,S,01,E,,,,,I,Y,N,A,1,0,0,0,23152.0,1,36.2685803,-119.36163247,3
2017,2017-10-30,1620,10,3,16,1,N,A,Y,A,H,A,A,07,S,03,C,,,,,C,N,F,D,1,0,0,0,22350.0,2,35.81573259,-119.25817589,4
2017,2017-10-28,1240,10,3,12,6,Y,A,N,A,H,A,D,22,,09,A,,,,,C,Y,N,D,1,0,0,0,21801.0,2,36.10566006,-119.07103002,3
2017,2017-11-01,1724,11,3,17,3,N,A,N,A,H,B,A,01,E,03,C,,,,,C,Y,N,D,2,0,0,0,22350.0,2,36.48800913,-119.40243504,4
2017,2017-11-01,1705,11,3,17,3,N,A,Y,A,H,A,A,01,N,08,B,,,,,C,Y,N,D,1,0,0,0,22107.0,2,36.01486004,-119.03966571,4
2017,2017-11-05,1350,11,3,13,7,N,A,N,A,H,A,A,01,S,03,C,,,,,C,Y,N,A,2,0,0,0,22350.0,2,36.2836748,-119.33141738,3
2017,2017-11-01,1120,11,3,11,3,Y,A,N,A,H,A,D,22,,03,C,,,,,C,Y,N,D,1,0,0,0,22350.0,2,36.22559001,-119.38458997,3
2017,2017-10-29,2125,10,3,21,7,Y,A,Y,A,H,D,A,01,,01,C,,,,,C,Y,N,D,3,0,0,0,23152.0,2,36.05122943,-119.12579032,4
2017,2017-10-31,1400,10,3,14,2,Y,A,N,A,H,A,D,22,,09,D,,,,,C,Y,N,A,2,0,0,0,21802.0,2,36.13829,-119.05717007,4
2017,2017-10-29,1147,10,3,11,7,N,A,Y,A,H,A,C,02,N,17,A,,,Y,,C,Y,N,A,1,0,0,1,21662.0,2,36.5431934,-119.12619387,2
2017,2017-11-04,1310,11,3,13,6,N,A,N,A,H,A,M,46,E,16,C,,,,,C,N,N,D,1,0,0,0,24615.0,2,36.45861339,-119.43174383,3
2017,2017-10-21,315,10,3,3,6,N,A,Y,A,H,D,A,07,N,01,E,,,,,I,Y,N,D,1,0,0,0,23152.0,1,36.44328991,-119.11681705,4
2017,2017-11-02,705,11,3,7,4,N,A,N,A,H,A,A,01,S,03,C,,,,,C,Y,N,A,2,0,0,0,22350.0,3,36.42677571,-119.3228627,4
2017,2017-10-12,308,10,3,3,4,N,A,Y,A,H,D,A,01,N,01,A,,,,Y,C,Y,N,D,1,0,0,0,23152.0,2,35.84389362,-119.37368568,2
2017,2017-11-07,748,11,3,7,2,N,A,Y,A,H,A,A,01,E,03,C,,,,,C,N,N,D,1,0,0,0,22350.0,3,36.32806,-119.34513,4
2017,2017-11-06,1254,11,3,12,1,N,A,Y,A,H,A,C,02,S,08,E,,,Y,,I,Y,N,D,1,0,0,1,22107.0,1,,,3
2017,2017-11-02,930,11,3,9,4,Y,B,N,A,H,A,D,22,,12,D,,,,Y,C,Y,N,A,2,0,0,0,22450.0,2,35.99328012,-119.10742011,3
2017,2017-10-30,1340,10,3,13,1,N,A,N,A,H,A,D,22,W,08,E,,,,,I,Y,M,D,1,0,0,0,22107.0,1,36.00052657,-119.00341553,3
2017,2017-10-30,915,10,3,9,1,N,A,N,A,H,A,D,22,N,08,E,,,,,J,Y,N,A,1,0,0,0,22107.0,1,35.96512087,-119.17870259,2
2017,2017-11-06,812,11,3,8,1,Y,B,N,A,H,A,A,01,,09,D,,,,,C,Y,N,A,5,0,0,0,21802.0,2,36.1817588,-119.08185571,3
2017,2017-11-08,1250,11,3,12,3,Y,A,N,A,H,A,D,22,,12,D,,,,,C,Y,N,A,2,0,0,0,22450.0,2,35.80495002,-119.23242987,3
2017,2017-10-21,2305,10,3,23,6,N,A,Y,A,C,D,D,22,S,08,B,,,,,C,Y,F,D,4,0,0,0,22107.0,5,35.85617779,-119.26784273,4
2017,2017-10-27,2200,10,3,22,5,N,A,N,A,H,C,C,03,E,08,F,,,Y,,A,N,N,D,1,0,0,1,22107.0,1,35.88948902,-119.48669136,2
2017,2017-11-13,1225,11,3,12,1,N,A,Y,A,H,A,A,01,N,03,C,,,,,C,Y,N,D,1,0,0,0,22350.0,2,36.21077789,-119.11908984,4
2017,2017-11-06,1413,11,3,14,1,Y,B,N,A,H,A,F,27,,09,D,,,,Y,C,Y,N,A,1,0,0,0,21802.0,2,36.15279005,-119.28629999,3
2017,2017-11-09,1600,11,3,16,4,N,A,Y,A,H,A,A,01,W,03,C,,,,,C,Y,N,D,1,0,0,0,22350.0,2,36.05124167,-119.07498006,4
2017,2017-11-03,1650,11,3,16,5,N,B,Y,A,H,A,D,22,S,03,C,,,,,C,Y,N,D,1,0,0,0,22350.0,2,36.5218054,-119.28672934,4
2017,2017-10-29,1405,10,3,14,7,N,A,Y,A,H,A,A,01,N,01,F,,,,,A,Y,N,D,1,0,0,0,23152.0,1,35.94931155,-119.44759882,3
2017,2017-11-03,735,11,3,7,5,N,A,Y,A,H,A,A,01,N,08,F,,,,,A,Y,N,D,1,0,0,0,22107.0,1,,,4
2017,2017-11-05,1922,11,3,19,7,Y,B,Y,A,H,C,A,07,,09,D,,,,,C,N,N,A,2,0,0,0,21800.0,2,36.38505005,-119.21573986,4
2017,2017-11-05,215,11,3,2,7,N,A,N,A,H,D,A,07,E,01,E,,,,,I,Y,N,D,1,0,0,0,23152.0,1,36.38530207,-119.3518733,3
2017,2017-11-03,1300,11,3,13,5,N,A,N,A,H,A,A,01,N,03,C,,,,,C,Y,N,A,1,0,0,0,22350.0,2,36.53891,-119.41729,4
2017,2017-11-05,1556,11,3,15,7,N,B,Y,A,H,A,C,02,E,08,E,,,Y,,I,Y,N,D,1,0,0,1,22107.0,1,36.32752,-119.26073,3
2017,2017-11-08,540,11,3,5,3,N,A,N,A,E,D,E,22,W,05,B,,,,,C,N,N,D,1,0,0,0,21650.0,2,36.51060991,-119.538908,4
2017,2017-11-08,812,11,3,8,3,Y,A,N,A,H,A,A,01,,09,D,,,,,C,Y,N,D,1,0,0,0,21801.0,2,36.22438642,-119.11851883,3
2017,2017-11-09,1740,11,3,17,4,N,A,Y,A,H,C,A,01,E,03,C,,,,,C,Y,N,D,1,0,0,0,22350.0,4,36.32704793,-119.31677621,4
2017,2017-11-09,1341,11,3,13,4,N,A,Y,A,H,A,G,25,S,08,E,,,,Y,I,Y,N,D,0,0,0,0,22107.0,1,35.99868406,-119.30037158,1
2017,2017-11-10,749,11,3,7,5,N,A,N,A,H,A,A,01,W,08,E,,,,,I,Y,N,D,1,0,0,0,22107.0,1,36.57396995,-119.32586074,4
2017,2017-11-11,2,11,3,0,6,N,A,Y,A,H,D,A,01,E,05,A,,,,,C,Y,N,D,1,0,0,0,21650.0,2,36.21073765,-119.19699965,4
2017,2017-11-11,950,11,3,9,6,N,A,Y,A,D,A,A,01,N,08,E,,,,,I,Y,N,A,3,0,0,0,22107.0,1,36.13851167,-119.06735498,2
2017,2017-11-05,2500,11,3,25,7,N,A,N,A,H,C,A,01,S,01,E,,,,,I,Y,M,D,1,0,0,0,23152.0,1,36.35453417,-119.41855299,3
2017,2017-11-13,1845,11,3,18,1,N,A,N,A,H,D,A,08,S,08,D,,,,,C,Y,N,D,1,0,0,0,22107.0,2,36.35955208,-119.27897394,4
2017,2017-11-17,1220,11,3,12,5,Y,B,N,A,H,A,D,22,,12,D,,,,,C,Y,N,A,3,0,0,0,22450.0,2,36.19632605,-119.06409323,4
2017,2017-11-14,705,11,3,7,2,N,A,N,A,H,A,A,01,W,09,D,,,,,C,Y,N,D,1,0,0,0,21801.0,3,36.25350691,-119.12823415,3
2017,2017-11-14,810,11,3,8,2,Y,B,N,A,D,A,A,08,,09,A,,,,,C,Y,N,D,1,0,0,0,21801.0,2,36.54644346,-119.45765734,4
2017,2017-10-26,135,10,3,1,4,N,A,Y,A,H,C,N,60,N,11,G,Y,,,Y,B,N,N,D,0,0,0,0,21954.0,2,36.19731949,-119.3286619,1
2017,2017-11-16,2135,11,3,21,4,N,C,Y,B,H,D,A,07,E,03,F,,,,,A,Y,N,D,1,0,0,0,22350.0,1,,,3
2017,2017-11-20,935,11,3,9,1,Y,A,N,A,H,A,A,07,,09,A,,,,,C,Y,N,D,2,0,0,0,21801.0,2,36.14555011,-119.12998987,4
2017,2017-11-17,820,11,3,8,5,N,B,N,B,H,A,A,07,E,08,E,,,,,I,Y,N,D,1,0,0,0,22107.0,1,36.03136027,-118.88638453,4
2017,2017-10-18,255,10,3,2,3,N,A,Y,A,H,D,A,01,N,08,E,,,,,I,Y,F,D,4,0,0,0,22107.0,1,36.21079621,-119.12255024,2
2017,2017-11-19,1700,11,3,17,7,N,A,N,A,H,B,A,01,E,21,G,Y,,,,B,N,F,D,1,1,0,0,22106.0,2,36.14283738,-119.1331475,3
2017,2017-11-10,1805,11,3,18,5,N,A,N,A,H,D,D,22,W,08,E,,,,,I,Y,M,D,1,0,0,0,22107.0,1,36.54523029,-119.33302939,3
2017,2017-11-13,640,11,3,6,1,N,A,Y,A,H,A,A,07,E,08,E,,,,,I,Y,N,D,1,0,0,0,22107.0,1,36.32675818,-119.19827982,2
2017,2017-11-17,1210,11,3,12,5,N,B,N,B,H,A,D,22,E,08,F,,,,,A,Y,N,D,2,0,0,0,22107.0,1,36.01812453,-118.82285982,3
2017,2017-11-21,1650,11,3,16,2,Y,A,N,A,H,A,A,01,,12,D,,,,,C,Y,F,A,7,0,0,0,22450.0,3,35.98596007,-119.00001014,3
2017,2017-07-15,550,7,2,5,6,Y,A,N,A,H,B,A,01,,12,D,,,,,C,Y,N,A,1,0,0,0,22450.0,2,35.87743004,-119.19710987,1
2017,2017-10-17,2145,10,3,21,2,N,A,N,A,H,D,D,22,S,01,E,,,,,I,Y,N,D,0,0,0,0,23152.0,1,36.0614617,-118.96389662,1
2017,2017-11-18,155,11,3,1,6,N,A,N,A,H,D,A,01,N,08,E,,,,,I,Y,N,D,1,0,0,0,22107.0,1,36.12515886,-119.23230218,4
2017,2017-11-21,605,11,3,6,2,N,B,N,A,H,D,D,22,W,03,C,,,,,C,Y,N,D,4,0,0,0,22350.0,2,36.0658254,-119.11999085,4
2017,2017-11-14,1600,11,3,16,2,Y,A,N,A,H,A,A,07,,09,D,,,,,C,Y,N,A,3,0,0,0,21802.0,2,36.24031006,-119.26051987,3
2017,2017-11-17,1119,11,3,11,5,N,B,N,A,H,A,A,01,S,08,F,,,,,A,Y,N,D,1,0,0,0,22107.0,1,36.03811864,-119.35762209,4
2017,2017-11-17,830,11,3,8,5,N,B,Y,B,H,A,D,22,S,08,E,,,,,I,Y,N,D,1,0,0,0,22107.0,1,35.87444942,-119.27056769,4
2017,2017-11-19,435,11,3,4,7,N,A,Y,A,H,D,A,01,E,08,E,,,,,I,Y,N,D,1,0,0,0,22107.0,1,36.40840562,-119.15076017,3
2017,2017-11-16,1645,11,3,16,4,N,A,N,A,H,B,A,01,E,08,A,,,,,C,Y,F,D,1,0,0,0,22107.0,2,36.14563349,-119.04313713,2
2017,2017-11-27,655,11,3,6,1,Y,B,N,B,H,A,A,07,,09,D,,,,,C,Y,N,A,2,0,0,0,21801.0,2,36.22579006,-119.26037987,1
2017,2017-11-20,2000,11,3,20,1,N,A,Y,A,H,D,D,22,W,08,E,,,,,I,Y,N,D,2,0,0,0,22107.0,1,36.20346938,-119.42151795,3
2017,2017-11-20,720,11,3,7,1,Y,A,N,A,H,A,A,01,,12,D,,,,,C,Y,N,A,3,0,0,0,21453.0,2,36.54490203,-119.30503964,4
2019,2019-12-05,835,12,4,8,4,Y,A,N,A,H,A,A,01,,09,D,,,,,C,Y,N,A,1,0,0,0,21802.0,2,36.33615112304688,-119.33193206787108,4
2019,2019-12-31,1246,12,4,12,2,Y,A,N,A,H,A,A,01,,00,A,,,,,C,Y,N,D,1,0,0,0,23107.0,2,36.30366897583008,-119.30220794677734,4
2017,2017-11-21,1415,11,3,14,2,N,A,Y,A,H,A,A,01,S,07,B,,,,,C,N,F,D,1,0,0,0,21658.0,2,36.34650507,-119.42374524,4
2017,2017-11-22,1835,11,3,18,3,N,A,N,A,H,D,D,22,S,01,E,,,,,I,Y,N,A,1,0,0,0,23152.0,1,36.13816,-119.42147,2
2017,2017-11-17,735,11,3,7,5,N,B,Y,B,H,A,A,01,N,03,A,,,,,C,Y,N,A,2,0,0,0,22350.0,2,36.1209939,-119.53580415,3
2017,2017-11-24,1910,11,3,19,5,N,A,Y,A,H,D,A,01,N,01,C,,,,Y,C,Y,N,D,1,0,0,0,23152.0,2,36.27170848,-119.36777218,4
2017,2017-11-15,1240,11,3,12,3,Y,A,N,A,H,A,M,58,,12,D,,,,,C,Y,N,A,5,0,0,0,22450.0,2,35.96429012,-119.10742009,3
2017,2017-11-23,1159,11,3,11,4,N,A,N,A,H,A,D,22,S,08,B,,,Y,,C,Y,N,D,1,0,0,1,22107.0,2,36.38409676,-119.25182423,2
2017,2017-11-23,1138,11,3,11,4,Y,A,N,A,H,A,A,07,,12,D,,,,,C,Y,N,A,1,0,0,0,22450.0,2,36.26164002,-119.42118993,2
2017,2017-11-23,1428,11,3,14,4,N,A,Y,A,H,A,A,07,N,09,D,,,,,C,N,N,D,1,0,0,0,21801.0,2,,,4
2017,2017-11-18,1600,11,3,16,6,Y,A,Y,A,H,A,A,01,,03,D,,,,Y,C,Y,N,A,2,0,0,0,22350.0,2,,,3
2017,2017-11-24,1123,11,3,11,5,N,A,N,A,H,A,A,07,N,08,E,,,,,I,Y,N,D,1,0,0,0,22107.0,1,36.31001723,-119.4661206,3
2017,2017-11-25,1125,11,3,11,6,Y,A,N,A,H,A,A,07,,09,D,,,,,C,Y,N,A,1,0,0,0,21802.0,2,36.34168005,-119.42140991,4
2017,2017-11-26,1656,11,3,16,7,N,B,N,A,H,A,A,01,W,08,E,,,,,I,Y,N,D,1,0,0,0,22107.0,1,36.32699958,-119.21583831,4
2017,2017-11-27,1620,11,3,16,1,N,B,Y,A,H,A,A,01,S,08,E,,,,,I,Y,N,D,1,0,0,0,22107.0,1,36.60122115,-119.28634167,4
2017,2017-11-17,1820,11,3,18,5,N,A,N,A,H,D,A,01,S,01,H,,,,,H,Y,N,D,2,0,0,0,23152.0,1,36.07936737,-119.23230222,3
2017,2017-11-17,1822,11,3,18,5,N,A,N,A,H,D,A,01,S,03,H,,,,,H,Y,N,D,1,0,0,0,22350.0,1,36.07952104,-119.23230183,4
2017,2017-11-21,1403,11,3,14,2,N,A,Y,A,H,A,A,07,S,08,F,,,,,I,Y,N,D,2,0,0,0,22107.0,1,35.85952898,-119.38211498,3
2017,2017-11-26,1128,11,3,11,7,Y,A,N,A,H,A,A,01,,12,D,,,,,C,Y,N,A,1,0,0,0,21453.0,2,36.45854593,-119.39457357,4
2017,2017-11-26,1515,11,3,15,7,N,B,Y,A,H,A,A,07,S,03,C,,,,,C,N,N,D,1,0,0,0,22350.0,2,36.00293229,-119.30132849,4
2017,2017-11-28,1725,11,3,17,2,N,A,N,A,H,D,A,01,N,03,C,,,,,C,Y,N,A,1,0,0,0,22350.0,3,35.95679,-119.01809,3
2017,2017-11-29,1425,11,3,14,3,N,A,N,A,H,A,D,22,N,03,C,,,,,C,Y,N,A,1,0,0,0,22350.0,2,36.31206188,-119.17109817,4
2017,2017-11-29,1610,11,3,16,3,Y,A,N,A,H,A,A,01,,09,D,,,,,C,Y,N,A,1,0,0,0,21800.0,2,36.31245001,-119.22468986,4
2017,2017-11-25,618,11,3,6,6,N,A,N,A,H,A,A,01,W,08,E,,,,,I,Y,N,D,1,0,0,0,22107.0,1,36.22593257,-119.27725925,3
2017,2017-11-27,625,11,3,6,1,N,B,Y,B,H,B,D,22,W,03,D,,,,,C,Y,N,D,1,0,0,0,22350.0,3,36.32679844,-119.20840147,4
2017,2017-11-28,1540,11,3,15,2,N,A,Y,A,H,A,D,22,W,08,F,,,,,A,Y,N,D,1,0,0,0,22107.0,1,36.15413228,-118.73831459,3
2017,2017-11-30,1415,11,3,14,4,Y,A,Y,A,H,A,A,01,,12,D,,,,,C,Y,N,A,2,0,0,0,22450.0,2,36.51651141,-119.35857568,4
2017,2017-11-30,1024,11,3,10,4,Y,A,Y,A,H,A,A,01,,09,D,,,,,C,Y,N,A,1,0,0,0,21801.0,2,36.21083013,-119.23377991,3
2017,2017-11-30,1325,11,3,13,4,Y,A,N,A,H,A,A,07,,03,C,,,,,C,Y,N,D,1,0,0,0,22350.0,2,36.04377006,-118.96396009,4
2017,2017-12-04,1450,12,4,14,1,N,A,Y,A,H,A,D,22,S,08,E,,,,,I,Y,N,D,1,0,0,0,22107.0,1,35.82542961,-119.25873897,4
2017,2017-11-27,30,11,3,0,1,N,C,Y,B,H,D,A,01,W,08,F,,,,,A,Y,N,D,1,0,0,0,22107.0,1,,,4
2017,2017-12-04,1922,12,4,19,1,Y,A,N,A,H,D,D,22,,12,D,,,,,C,Y,N,D,4,0,0,0,22450.0,2,36.17456001,-119.06350001,3
2017,2017-11-29,754,11,3,7,3,Y,A,N,A,H,A,A,07,,03,C,,,,,C,Y,N,D,1,0,0,0,22350.0,2,36.371016,-119.332188,4
2017,2017-11-29,1618,11,3,16,3,Y,A,N,A,H,B,A,08,,09,D,,,,,C,Y,F,A,1,0,0,0,21802.0,2,36.55973007,-119.34056992,3
2017,2017-12-06,753,12,4,7,3,N,A,Y,A,H,A,A,07,W,03,B,,,,,C,Y,N,D,1,0,0,0,22350.0,3,36.32634856,-119.14994272,3
2017,2017-12-03,2013,12,4,20,7,N,A,Y,A,H,D,D,22,N,08,F,,,,,A,Y,N,D,1,0,0,0,22107.0,1,35.79970808,-119.25476502,4
2017,2017-12-01,800,12,4,8,5,N,A,N,A,H,A,A,01,W,03,C,,,,,C,Y,N,D,2,0,0,0,22350.0,4,36.14553002,-119.06489813,4
2017,2017-12-01,855,12,4,8,5,N,A,N,A,H,A,A,07,N,08,E,,,,,I,Y,N,D,1,0,0,0,22107.0,1,36.20848562,-118.80860461,4
2017,2017-12-01,1730,12,4,17,5,N,A,N,A,H,D,A,01,W,09,A,,,,,C,Y,N,D,3,0,0,0,21801.0,2,36.53800325,-119.34447042,2
2017,2017-11-01,803,11,3,8,3,N,A,N,A,H,A,A,07,S,08,C,,,,Y,C,Y,N,D,1,0,0,0,22107.0,2,36.48392,-119.39394,1
2017,2017-11-27,2500,11,3,25,1,N,C,Y,B,H,D,D,22,N,01,E,,,,,I,Y,N,D,0,0,0,0,23152.0,1,36.50678603,-119.54834894,1
2017,2017-12-06,1425,12,4,14,3,Y,A,N,A,H,A,F,26,,12,D,,,,Y,C,Y,N,A,2,0,0,0,22450.0,2,36.25420818,-119.2069155,3
2017,2017-12-02,725,12,4,7,6,N,E,N,A,H,A,A,08,E,03,D,,,,Y,C,Y,N,A,1,0,0,0,22350.0,2,36.54433009,-119.2508698,3
2017,2017-12-04,1640,12,4,16,1,Y,A,N,A,H,B,C,02,,09,D,,,Y,,C,N,N,A,1,0,0,1,21800.0,2,36.05862,-118.97709002,2
2017,2017-12-01,920,12,4,9,5,Y,A,N,A,H,A,D,22,,12,D,,,,,C,Y,N,A,3,0,0,0,22450.0,2,36.37091002,-119.36793986,2
2017,2017-12-06,754,12,4,7,3,N,A,Y,A,H,A,A,07,E,08,F,,,,,A,Y,N,D,2,0,0,0,22107.0,1,,,3
2017,2017-12-08,1435,12,4,14,5,Y,A,Y,A,H,A,D,22,,09,A,,,,,C,Y,N,A,2,0,0,0,21801.0,3,36.25357974,-119.13639185,3
2017,2017-12-08,720,12,4,7,5,N,A,N,A,H,A,A,01,N,03,C,,,,,C,N,N,A,1,0,0,0,22350.0,2,36.48804093,-119.39490616,4
2020,2020-03-05,1513,3,1,15,4,N,A,N,A,H,A,A,01,E,09,D,,,,,C,Y,N,A,1,0,0,0,21801.0,2,36.20325469970703,-119.10330963134766,4
2017,2017-12-09,900,12,4,9,6,Y,A,N,A,H,A,A,01,,09,D,,,,,C,Y,N,D,2,0,0,0,21801.0,2,36.25344009,-119.09132001,3
2017,2017-12-13,1440,12,4,14,3,N,A,N,A,H,A,D,22,W,03,C,,,,,C,Y,M,D,1,0,0,0,22350.0,2,36.05509027,-118.97096905,4
2017,2017-12-04,1740,12,4,17,1,N,A,Y,A,H,C,D,22,E,03,D,,,,Y,C,Y,N,D,1,0,0,0,22350.0,2,36.20345908,-119.41845987,3
2017,2017-11-22,1127,11,3,11,3,N,A,Y,A,H,A,A,01,N,08,A,,,,,C,Y,N,D,2,0,0,0,22107.0,3,36.4000211,-119.29630946,1
2017,2017-10-26,1843,10,3,18,4,N,A,N,A,H,C,A,01,N,08,A,,,,,C,Y,N,D,3,0,0,0,22107.0,3,35.986,-119.00677,1
2017,2017-12-08,2250,12,4,22,5,N,A,Y,A,H,D,A,01,E,08,F,,,,,A,N,N,D,1,0,0,0,22107.0,1,36.32720254,-119.38789668,4
2017,2017-12-12,1743,12,4,17,2,N,A,Y,A,H,C,A,01,W,03,C,,,,,C,Y,N,D,1,0,0,0,22350.0,2,36.32717587,-119.3954722,4
2017,2017-12-13,1322,12,4,13,3,Y,A,N,A,H,A,A,01,,09,D,,,,,C,Y,N,A,1,0,0,0,21802.0,2,36.370971,-119.2787685,4
2017,2017-12-14,755,12,4,7,4,N,A,Y,A,H,A,G,25,S,07,B,,,,Y,C,Y,N,D,1,0,0,0,21658.0,2,36.42178345,-119.46776929,4
2017,2017-12-09,1810,12,4,18,6,N,A,Y,A,H,C,A,01,S,03,C,,,,Y,C,Y,N,D,2,0,0,0,22350.0,2,36.04119322,-119.31034936,4
2017,2017-11-21,1345,11,3,13,2,N,A,N,A,H,A,A,07,W,01,F,,,,,A,Y,N,D,0,0,0,0,23152.0,1,36.02685,-118.91643,1
2017,2017-12-09,1055,12,4,10,6,Y,A,N,A,H,A,A,01,,12,D,,,,,C,Y,N,A,1,0,0,0,22450.0,3,36.34168005,-119.42140991,3
2017,2017-12-09,1823,12,4,18,6,N,A,Y,A,H,D,G,25,W,05,F,,,,Y,A,Y,N,A,1,0,0,0,21650.0,2,36.48611993,-119.23609059,4
2017,2017-12-11,1145,12,4,11,1,Y,A,N,A,H,A,F,27,,12,D,,,,Y,C,Y,N,A,1,0,0,0,22450.0,2,36.34168005,-119.42140991,4
2017,2017-12-14,430,12,4,4,4,N,A,N,A,H,D,A,01,E,08,E,,,,,I,Y,N,A,1,0,0,0,22107.0,1,36.08743988,-119.11597788,3
2017,2017-11-07,1640,11,3,16,2,N,A,N,A,H,B,A,01,S,01,A,,Y,,,G,N,F,D,0,0,0,0,23152.0,2,36.23698715,-118.79185081,1
2017,2017-12-17,1445,12,4,14,7,N,A,N,A,H,A,C,02,S,08,E,,,Y,,I,Y,N,D,1,0,0,1,22107.0,1,36.25484701,-118.7758199,4
2017,2017-12-18,1455,12,4,14,1,N,A,N,A,H,A,A,08,E,03,C,,,,,C,Y,N,D,1,0,0,0,22350.0,2,36.29784,-119.22019,4
2017,2017-12-20,620,12,4,6,3,N,A,N,A,H,D,M,58,S,09,D,,,,,C,Y,N,D,1,0,0,0,21801.0,2,36.5244076,-119.5211262,4
2017,2017-12-15,1745,12,4,17,5,N,A,Y,A,H,C,A,01,N,09,A,,,,,C,Y,N,D,2,0,0,0,21801.0,2,,,4
2017,2017-12-10,1220,12,4,12,7,Y,A,Y,A,H,A,A,01,,09,A,,,,,C,Y,N,A,2,0,0,0,21801.0,2,36.21077751,-119.21273016,4
2017,2017-12-18,540,12,4,5,1,N,A,N,A,H,D,A,01,E,09,A,,,,,C,Y,N,D,2,0,0,0,21801.0,2,36.45825689,-119.37209774,3
2017,2017-12-16,1320,12,4,13,6,Y,A,N,A,H,A,A,07,,12,D,,,,,C,Y,N,A,1,0,0,0,22450.0,2,36.196191,-119.086569,4
2017,2017-12-20,1205,12,4,12,3,N,C,Y,B,H,A,D,22,W,08,D,,,,,C,N,N,D,1,0,0,0,22107.0,2,36.05152395,-119.0395454,4
2017,2017-12-20,1510,12,4,15,3,N,B,N,B,H,A,D,22,W,08,E,,,,,I,Y,N,D,2,0,0,0,22107.0,1,36.03187,-118.87115,4
2017,2017-12-22,935,12,4,9,5,N,B,N,A,H,A,A,01,S,03,C,,,,,C,Y,N,D,1,0,0,0,22350.0,2,36.02974512,-119.14350022,4
2017,2017-12-22,608,12,4,6,5,Y,A,N,A,H,D,D,22,,12,D,,,,,C,Y,N,A,1,0,0,0,22450.0,2,35.805168,-119.1432195,4
2017,2017-12-19,133,12,4,1,2,N,A,Y,A,H,D,A,01,N,01,E,,,,,I,Y,N,D,1,0,0,0,23152.0,1,36.27901653,-119.37290022,3
2017,2017-12-22,1553,12,4,15,5,N,A,N,A,H,A,A,01,N,03,B,,,,Y,C,Y,N,D,1,0,0,0,22350.0,3,36.2547175,-119.22475415,2
2017,2017-12-25,2005,12,4,20,1,N,A,N,A,H,D,C,06,E,03,C,,,Y,,C,N,N,D,1,0,0,1,22350.0,2,35.84783271,-119.38811737,2
2017,2017-12-22,1540,12,4,15,5,N,A,Y,A,H,A,A,01,E,09,D,,,,,C,Y,N,D,2,0,0,0,21804.0,2,36.71669598,-118.98173436,4
2017,2017-12-22,1707,12,4,17,5,N,A,N,A,H,C,A,01,S,08,D,,,,,C,Y,N,D,1,0,0,0,22107.0,2,36.5009484,-119.54795904,4
2017,2017-12-23,2140,12,4,21,6,N,A,N,A,H,D,D,22,S,08,E,,,,,I,Y,M,D,1,0,0,0,22107.0,1,35.89432902,-119.26815,3
2017,2017-12-24,835,12,4,8,7,N,B,Y,A,H,A,A,01,S,03,C,,,,,C,Y,N,D,1,0,0,0,22350.0,2,36.14018214,-119.32789811,4
2017,2017-12-27,1749,12,4,17,3,N,A,N,A,H,A,A,01,N,01,F,,,,,A,Y,N,D,1,0,0,0,23152.0,1,36.25675546,-119.29634883,4