ACCIDENT_YEAR,COLLISION_DATE,COLLISION_TIME,MONTH,SEASON,24HOURS,DAY_OF_WEEK,INTERSECTION,WEATHER_1,STATE_HWY_IND,ROAD_SURFACE,ROAD_COND_1,LIGHTING,STWD_VEHTYPE_AT_FAULT,CHP_VEHTYPE_AT_FAULT,DIRECTION,PCF_VIOL_CATEGORY,TYPE_OF_COLLISION,PEDESTRIAN_ACCIDENT,BICYCLE_ACCIDENT,MOTORCYCLE_ACCIDENT,TRUCK_ACCIDENT,MVIW,TOW_AWAY,HIT_AND_RUN,CONTROL_DEVICE,NUMBER_INJURED,COUNT_PED_INJURED,COUNT_BICYCLIST_INJURED,COUNT_MC_INJURED,PCF_VIOLATION,PARTY_COUNT,POINT_Y,POINT_X,COLLISION_SEVERITY
2018,2018-02-18,1127,2,4,11,7,Y,A,N,A,H,A,A,01,,12,D,,,,Y,C,Y,N,A,3,0,0,0,22450.0,2,36.181148529052734,-119.45742797851562,4
2018,2018-02-19,530,2,4,5,1,N,A,Y,A,H,C,A,01,S,03,C,,,,Y,C,Y,N,D,1,0,0,0,22350.0,2,36.20497894287109,-119.32845306396484,4
2018,2018-02-28,1355,2,4,13,3,N,A,N,A,H,A,A,07,S,09,D,,,,,C,Y,N,D,1,0,0,0,21801.0,2,36.11634063720703,-119.04630279541016,3
2018,2018-02-24,1250,2,4,12,6,N,A,N,A,H,A,A,08,N,08,E,,,,,I,Y,N,D,5,0,0,0,22107.0,1,36.58338928222656,-119.21976470947266,3
2018,2018-02-25,1020,2,4,10,7,N,A,Y,A,H,A,N,60,N,11,G,Y,,,,B,N,N,D,1,1,0,0,21954.0,2,36.522563934326165,-119.28676605224608,3
2018,2018-02-25,1430,2,4,14,7,Y,A,N,A,H,A,A,07,,12,D,,,,,C,Y,N,A,1,0,0,0,21453.0,2,36.2983512878418,-119.26097106933594,3
2018,2018-02-23,1530,2,4,15,5,N,B,N,C,H,A,-,- ,S,18,H,,,,,A,N,N,D,1,0,0,0,,1,,,4
2018,2018-02-25,1345,2,4,13,7,N,A,Y,A,H,A,C,02,S,03,F,,,Y,,A,Y,N,D,1,0,0,1,22350.0,1,36.505874633789055,-119.54702758789062,3
2018,2018-02-20,1637,2,4,16,2,N,A,Y,A,H,A,D,22,N,09,A,,,,,C,Y,N,D,1,0,0,0,21801.0,2,35.84071350097656,-119.37259674072266,3
2018,2018-02-27,1530,2,4,15,2,Y,A,N,A,H,A,-,- ,,09,D,,,,,C,Y,N,D,1,0,0,0,21800.0,2,36.52534103393555,-119.29167175292967,4
2018,2018-02-27,740,2,4,7,2,N,C,N,B,H,A,A,07,W,03,A,,,,,C,Y,N,D,2,0,0,0,22350.0,2,36.226123809814446,-119.29676818847656,3
2018,2018-02-28,1704,2,4,17,3,N,A,Y,A,H,A,A,01,S,08,E,,,,,I,Y,N,D,1,0,0,0,22107.0,1,,,4
2018,2018-02-16,1600,2,4,16,5,N,A,N,A,H,A,A,01,S,03,C,,,,,C,Y,N,A,1,0,0,0,22350.0,3,36.324127197265625,-119.11698150634766,3
2018,2018-02-27,815,2,4,8,2,N,B,N,B,H,A,A,01,N,03,C,,,,,C,Y,N,A,1,0,0,0,22350.0,2,36.31258010864258,-119.22469329833984,3
2018,2018-03-04,535,3,1,5,7,N,E,Y,B,H,B,D,22,N,01,D,,,,Y,C,Y,N,D,2,0,0,0,23152.0,3,,,3
2018,2018-02-27,1940,2,4,19,2,N,A,N,A,H,D,A,01,W,08,D,,,,,C,Y,N,D,1,0,0,0,22107.0,2,36.026344299316406,-118.924072265625,3
2018,2018-03-02,825,3,1,8,5,N,B,N,B,H,A,A,07,W,03,E,,,,,I,Y,N,D,1,0,0,0,22350.0,1,36.01573181152344,-118.8276138305664,4
2017,2017-12-07,355,12,4,3,4,N,A,Y,A,H,D,D,22,E,01,A,,,,Y,C,Y,N,D,1,0,0,0,23152.0,2,36.05127573,-119.15874997,1
2018,2018-02-27,1015,2,4,10,2,N,B,N,B,H,A,A,01,S,08,E,,,,,I,Y,N,D,1,0,0,0,22107.0,1,35.989471435546875,-119.04547882080078,3
2018,2018-02-12,1815,2,4,18,1,Y,A,N,A,H,C,A,01,,10,G,Y,,,,B,N,F,A,1,1,0,0,21950.0,2,36.14554977416992,-119.0583038330078,2
2018,2018-03-03,1140,3,1,11,6,Y,B,N,A,H,A,A,01,,09,D,,,,,C,Y,N,D,2,0,0,0,21801.0,2,35.9569206237793,-119.04435729980467,4
2018,2018-02-24,806,2,4,8,6,N,A,Y,A,H,A,D,22,S,03,C,,,,,C,Y,N,D,3,0,0,0,22350.0,3,36.09341430664063,-119.32213592529295,2
2018,2018-02-19,1015,2,4,10,1,N,A,Y,A,H,A,G,25,N,08,F,,,,Y,A,Y,N,D,1,0,0,0,22107.0,1,36.020729064941406,-119.30550384521484,3
2018,2018-03-05,1610,3,1,16,1,Y,A,N,A,H,A,A,07,,09,D,,,,,C,Y,N,A,3,0,0,0,21802.0,2,36.13084030151367,-119.05313873291016,3
2018,2018-02-27,725,2,4,7,2,N,B,Y,B,H,A,A,07,S,03,C,,,,,C,Y,N,D,2,0,0,0,22350.0,3,35.99278259277344,-119.47927856445312,3
2018,2018-02-23,1525,2,4,15,5,N,A,Y,A,H,A,A,01,N,03,C,,,,,C,Y,N,D,2,0,0,0,22350.0,2,36.43561935424805,-119.29576110839844,2
2018,2018-02-27,1310,2,4,13,2,N,B,Y,B,H,A,D,22,N,03,C,,,,,C,Y,N,D,1,0,0,0,22350.0,2,36.06974792480469,-119.31610107421876,3
2018,2018-03-01,1500,3,1,15,4,N,C,Y,B,H,A,A,01,W,08,E,,,,,I,Y,N,D,1,0,0,0,22107.0,1,36.3271598815918,-119.3258819580078,3
2018,2018-02-26,1840,2,4,18,1,N,C,Y,B,H,D,A,01,E,01,E,,,,,I,Y,N,D,1,0,0,0,23152.0,1,36.21084213256836,-119.22045135498048,2
2018,2018-02-26,2300,2,4,23,1,N,C,Y,B,H,D,D,22,S,03,F,,,,,A,Y,N,D,1,0,0,0,22350.0,1,,,4
2018,2018-01-23,630,1,4,6,2,N,A,N,A,H,B,A,07,E,05,A,,,,,C,Y,N,A,1,0,0,0,21460.0,2,36.138378143310554,-119.27146911621094,1
2018,2018-02-19,546,2,4,5,1,N,A,N,A,H,C,A,01,E,08,A,,,,Y,C,Y,N,D,0,0,0,0,22107.0,2,36.43046188354492,-119.51496887207033,1
2018,2018-03-01,2015,3,1,20,4,Y,C,Y,B,H,D,A,01,,12,D,,,,Y,C,Y,N,A,1,0,0,0,22450.0,2,36.00712966918945,-119.48980712890624,2
2018,2018-03-05,1849,3,1,18,1,N,A,N,A,H,C,A,07,N,03,F,,,,,J,Y,N,A,1,0,0,0,22350.0,1,36.200462341308594,-119.38400268554688,3
2018,2018-03-10,1842,3,1,18,6,N,B,N,A,H,D,D,22,W,01,A,,,,,C,Y,N,D,2,0,0,0,23152.0,2,35.89188003540039,-119.26947784423828,3
2018,2018-03-03,628,3,1,6,6,N,B,Y,B,H,A,A,07,E,03,E,,,,,I,Y,N,D,1,0,0,0,22350.0,1,36.326881408691406,-119.20836639404295,3
2018,2018-03-02,1515,3,1,15,5,N,B,N,B,H,A,A,01,S,03,C,,,,,C,N,N,A,1,0,0,0,22350.0,3,36.512638092041016,-119.44869232177734,3
2018,2018-03-05,1443,3,1,14,1,N,A,Y,A,H,A,D,22,N,03,C,,,,Y,C,N,N,D,3,0,0,0,22350.0,2,36.248023986816406,-119.35122680664062,4
2018,2018-03-05,1410,3,1,14,1,N,A,Y,A,H,A,A,01,S,03,B,,,,,I,Y,N,D,1,0,0,0,22350.0,1,36.278705596923835,-119.37249755859376,3
2018,2018-03-06,1845,3,1,18,2,N,A,Y,A,H,C,D,22,N,03,C,,,,,C,Y,N,D,2,0,0,0,22350.0,2,36.53664779663086,-119.28683471679688,3
2018,2018-03-06,1420,3,1,14,2,N,A,Y,A,H,A,A,08,N,08,B,,,,,I,Y,N,D,1,0,0,0,22107.0,1,36.077991485595696,-119.3184814453125,4
2018,2018-03-06,1555,3,1,15,2,N,A,Y,A,H,A,A,01,N,03,C,,,,,C,Y,N,D,2,0,0,0,22350.0,2,36.067241668701165,-119.31470489501952,3
2018,2018-03-06,1620,3,1,16,2,N,A,Y,A,H,A,A,07,N,04,C,,,,,C,Y,F,D,3,0,0,0,21703.0,2,36.190288543701165,-119.32868194580078,3
2018,2018-03-06,1515,3,1,15,2,Y,A,N,A,H,A,A,07,,09,B,,,,,C,Y,N,A,2,0,0,0,21802.0,3,36.05127006,-119.31267994,3
2018,2018-02-23,2215,2,4,22,5,Y,A,N,A,H,D,D,22,,01,D,,,,,C,Y,F,A,3,0,0,0,23152.0,2,36.14566040039063,-119.02700805664062,2
2018,2018-03-09,550,3,1,5,5,N,A,Y,B,H,C,D,22,N,03,C,,,,,C,N,N,A,1,0,0,0,22350.0,2,35.96242904663086,-119.05364990234376,4
2020,2020-04-12,341,4,1,3,7,Y,A,N,A,H,C,D,22,,05,E,,,,,I,Y,M,D,1,0,0,0,21650.0,1,36.35203170776367,-119.28907775878906,3
2018,2018-03-05,145,3,1,1,1,N,A,N,A,H,D,A,01,N,08,E,,,,,I,Y,N,D,2,0,0,0,22107.0,1,36.2657470703125,-119.11823272705078,4
2020,2020-03-21,2037,3,1,20,6,N,B,N,A,H,C,L,04,S,05,D,,Y,,,G,N,N,D,1,0,1,0,21650.0,2,,,3
2018,2018-03-07,1535,3,1,15,3,Y,A,N,A,H,A,A,01,,12,D,,,,,C,Y,N,A,1,0,0,0,22450.0,2,35.99338912963867,-119.16126251220705,3
2020,2020-03-31,822,3,1,8,2,Y,A,Y,A,H,A,D,22,,12,D,,,,,C,Y,N,A,2,0,0,0,21453.0,3,36.333778381347656,-119.29349517822266,3
2018,2018-02-08,2000,2,4,20,4,Y,A,N,A,H,C,D,22,,12,D,,,,,C,Y,F,A,2,0,0,0,22450.0,2,36.09270095825195,-119.20249938964844,3
2020,2020-03-25,1502,3,1,15,3,Y,B,N,A,H,A,A,01,,07,B,,,,,C,Y,N,A,1,0,0,0,21658.0,2,36.2983512878418,-119.26097106933594,4
2018,2018-03-08,1355,3,1,13,4,Y,A,N,A,H,A,A,07,,09,D,,,,Y,C,Y,N,A,2,0,0,0,21802.0,2,,,3
2018,2018-03-07,1330,3,1,13,3,N,A,N,A,H,A,D,22,E,08,E,,,,,I,Y,N,D,1,0,0,0,22107.0,1,35.83399963378906,-119.22534942626952,4
2018,2018-03-08,827,3,1,8,4,N,A,N,A,H,A,D,22,W,08,F,,,,,A,Y,N,D,1,0,0,0,22107.0,1,36.21072769165039,-119.38477325439452,3
2018,2018-03-05,1505,3,1,15,1,N,A,N,A,H,A,A,01,W,03,C,,,,,C,N,N,D,1,0,0,0,22350.0,2,35.89189147949219,-119.2717056274414,3
2018,2018-03-09,1625,3,1,16,5,N,A,N,A,H,A,A,01,E,03,C,,,,,C,N,N,A,1,0,0,0,22350.0,2,36.254985809326165,-119.3128662109375,4
2018,2018-03-06,1420,3,1,14,2,N,A,Y,A,H,A,A,01,N,08,E,,,,,I,Y,N,D,1,0,0,0,22107.0,1,36.0665168762207,-119.31439208984376,3
2018,2018-03-06,1535,3,1,15,2,N,A,Y,A,H,A,A,01,N,03,C,,,,,C,Y,N,D,3,0,0,0,22350.0,2,36.068862915039055,-119.31546020507812,3
2018,2018-03-10,1000,3,1,10,6,N,B,Y,A,H,A,A,07,N,08,E,,,,,I,Y,N,D,1,0,0,0,22107.0,1,36.095996856689446,-119.32245635986328,3
2018,2018-03-08,1215,3,1,12,4,N,A,N,A,H,A,C,02,E,08,F,,,Y,,A,Y,N,D,1,0,0,1,22107.0,1,36.361549377441406,-119.17127227783205,2
2018,2018-03-03,1812,3,1,18,6,N,C,Y,B,H,C,D,22,E,03,E,,,,,I,Y,N,D,1,0,0,0,22350.0,1,36.05133056640625,-119.02359008789062,3
2018,2018-03-13,800,3,1,8,2,N,B,N,A,H,A,D,22,S,03,C,,,,,C,N,N,D,1,0,0,0,22350.0,2,36.53571701049805,-119.29582214355467,4
2018,2018-03-10,1630,3,1,16,6,N,B,Y,B,H,A,D,22,W,03,E,,,,,I,Y,N,D,1,0,0,0,22350.0,1,36.05152893066406,-119.03962707519533,3
2018,2018-03-10,1940,3,1,19,6,N,C,N,B,H,C,D,22,N,08,E,,,,,I,Y,N,D,2,0,0,0,22107.0,1,36.26144027709961,-119.29644775390624,4
2018,2018-03-11,120,3,1,1,7,N,B,Y,B,H,D,A,01,S,01,F,,,,,A,Y,N,D,2,0,0,0,23152.0,1,35.95744323730469,-119.2911376953125,2
2020,2020-05-02,1005,5,1,10,6,N,A,N,A,H,A,-,,W,03,C,,,,,C,N,F,A,2,0,0,0,22350.0,2,36.0660400390625,-119.03075408935548,4
2018,2018-03-17,258,3,1,2,6,N,B,Y,B,H,D,A,01,S,01,F,,,,,A,Y,N,D,2,0,0,0,23152.0,1,36.46868896484375,-119.29528045654295,3
2018,2018-03-11,1204,3,1,12,7,N,A,N,A,H,A,A,01,E,08,F,,,,,I,Y,N,D,1,0,0,0,22107.0,1,36.559734344482415,-119.33882904052734,4
2018,2018-03-14,1335,3,1,13,3,N,C,Y,B,H,A,D,22,N,07,B,,,,,C,Y,N,D,2,0,0,0,21658.0,3,36.16141128540039,-119.33226776123048,4
2018,2018-03-14,2240,3,1,22,3,N,C,N,B,H,D,A,01,E,01,E,,,,,I,Y,N,D,2,0,0,0,23152.0,1,36.145523071289055,-119.01090240478516,2
2018,2018-03-17,700,3,1,7,6,Y,E,Y,B,H,A,A,07,,12,E,,,,,I,Y,N,A,1,0,0,0,22450.0,1,36.21076965332031,-119.19888305664062,3
2018,2018-03-18,2145,3,1,21,7,N,B,Y,A,H,C,D,22,S,07,B,,,,,C,N,N,D,1,0,0,0,21658.0,2,36.316986083984375,-119.3960189819336,4
2018,2018-02-13,2043,2,4,20,2,N,A,Y,A,H,C,A,07,E,08,E,,,,,I,Y,N,A,0,0,0,0,22107.0,1,36.2108268737793,-119.23341369628906,1
2018,2018-03-12,735,3,1,7,1,Y,A,N,A,H,A,A,01,,10,G,Y,,,,B,N,N,A,1,1,0,0,21950.0,2,35.96433002,-119.28619992,3
2018,2018-03-13,554,3,1,5,2,N,A,Y,A,H,D,A,01,N,08,E,,,,,I,Y,N,D,1,0,0,0,22107.0,1,36.18243408203125,-119.32868194580078,4
2018,2018-01-11,1858,1,4,18,4,N,A,Y,A,H,D,N,60,S,11,G,Y,,,,B,N,F,D,0,0,0,0,21954.0,2,36.52260208129882,-119.28676605224608,1
2018,2018-03-16,2130,3,1,21,5,N,B,Y,B,H,D,A,01,E,03,F,,,,,A,Y,N,D,1,0,0,0,22350.0,1,36.402000427246094,-119.010986328125,3
2018,2018-03-20,645,3,1,6,2,Y,B,N,A,H,A,A,01,,12,D,,,,,C,Y,N,A,1,0,0,0,22450.0,2,36.53192138671875,-119.457763671875,4
2018,2018-03-15,1543,3,1,15,4,N,A,Y,A,H,A,D,22,E,03,C,,,,,C,N,N,D,2,0,0,0,22350.0,2,36.32718276977539,-119.3873291015625,4
2018,2018-03-12,1600,3,1,16,1,N,B,Y,A,H,A,A,01,E,12,D,,Y,,,G,N,F,A,1,0,1,0,21453.0,2,,,3
2018,2018-03-21,850,3,1,8,3,N,B,Y,B,H,A,D,22,S,03,F,,,,,A,Y,N,A,1,0,0,0,22350.0,1,36.32514190673828,-119.40274810791016,4
2018,2018-03-21,1030,3,1,10,3,N,B,N,B,H,A,A,01,W,03,E,,,,,J,Y,N,D,1,0,0,0,22350.0,1,35.956790924072266,-119.0180892944336,4
2018,2018-03-08,1230,3,1,12,4,N,A,N,A,H,A,C,06,S,03,E,,,Y,,I,N,N,D,1,0,0,1,22350.0,1,35.970802307128906,-119.29651641845705,3
2018,2018-03-13,840,3,1,8,2,N,A,Y,A,H,A,A,01,N,08,E,,,,,J,Y,N,D,1,0,0,0,22107.0,1,36.0547103881836,-119.31118011474608,3
2018,2018-03-16,950,3,1,9,5,N,A,N,A,H,A,N,60,E,11,G,Y,,,,B,N,F,D,1,1,0,0,21954.0,2,36.29777145385742,-119.09832763671876,4
2018,2018-03-12,830,3,1,8,1,N,A,Y,A,H,A,A,01,E,03,C,,,,Y,C,Y,N,D,3,0,0,0,22350.0,4,36.32680130004882,-119.26951599121094,4
2018,2018-03-13,755,3,1,7,2,Y,A,Y,A,H,A,A,07,,09,D,,,,,C,Y,N,A,2,0,0,0,21802.0,2,36.1343994140625,-119.06407165527344,4
2018,2018-03-13,755,3,1,7,2,Y,A,N,A,H,A,A,01,,12,D,,,,,C,Y,N,A,1,0,0,0,22450.0,2,35.87733840942383,-119.14363098144533,2
2018,2018-03-19,1135,3,1,11,1,N,A,N,A,H,A,A,01,E,05,A,,,,Y,C,Y,N,D,2,0,0,0,21460.0,2,36.02430725097656,-118.83856201171876,2
2018,2018-03-18,2005,3,1,20,7,N,A,Y,A,H,D,A,01,E,12,D,,,,,C,Y,N,A,4,0,0,0,22450.0,2,,,4
2018,2018-03-24,855,3,1,8,6,Y,B,Y,A,H,A,A,01,,03,C,,,,,C,N,N,D,2,0,0,0,22350.0,2,36.3900260925293,-119.18866729736328,4
2018,2018-03-25,1530,3,1,15,7,N,A,N,A,H,A,A,01,N,09,D,,,,,C,N,N,D,1,0,0,0,21801.0,2,36.056034088134766,-119.31307983398438,4
2020,2020-01-19,2343,1,4,23,7,N,A,N,A,H,D,N,60,W,11,G,Y,,,,B,Y,N,A,1,1,0,0,21956.0,2,36.31272888183594,-119.37518310546876,2
2018,2018-03-25,330,3,1,3,7,N,A,Y,A,H,D,A,01,E,08,D,,,,,E,Y,N,D,1,0,0,0,22107.0,2,36.3275146484375,-119.40284729003906,4
2018,2018-03-20,1015,3,1,10,2,Y,A,N,A,H,A,F,27,,09,D,,,,Y,C,Y,N,A,2,0,0,0,21801.0,2,,,3
2018,2018-01-16,300,1,4,3,2,N,E,N,A,H,D,N,60,S,11,G,Y,,,,B,N,F,D,0,0,0,0,21954.0,2,36.534343719482415,-119.3049545288086,1
2018,2018-03-21,1754,3,1,17,3,N,B,Y,B,H,A,A,01,E,03,A,,,,,C,Y,N,A,4,0,0,0,22350.0,2,36.326541900634766,-119.2768096923828,3
2018,2018-03-23,725,3,1,7,5,N,B,Y,A,H,A,D,22,N,03,C,,,,,C,N,N,D,1,0,0,0,22350.0,2,36.273380279541016,-119.36899566650392,4
2018,2018-03-17,1457,3,1,14,6,Y,A,N,A,H,A,A,08,,09,D,,,,,C,Y,N,A,5,0,0,0,21802.0,2,36.06575012207031,-119.23233795166016,3
2018,2018-03-07,720,3,1,7,3,Y,B,N,A,H,A,D,22,,09,D,,,,,C,Y,F,A,1,0,0,0,21802.0,2,36.19641876220703,-119.24224853515624,3
2018,2018-03-27,1938,3,1,19,2,N,A,N,A,H,B,A,01,S,01,B,Y,,,Y,C,Y,N,D,1,1,0,0,23152.0,6,36.05696105957031,-119.31507873535156,3
2020,2020-05-01,1216,5,1,12,5,Y,A,Y,A,H,A,-,,,09,D,,,,,C,Y,N,A,1,0,0,0,21801.0,2,36.06802749633789,-119.0392608642578,4
2018,2018-03-21,830,3,1,8,3,N,C,N,B,H,A,A,01,W,08,E,,,,,I,Y,N,D,1,0,0,0,22107.0,1,36.37097930908203,-119.35082244873048,3
2018,2018-03-24,2250,3,1,22,6,N,A,N,A,H,D,A,07,W,01,F,,,,,A,Y,N,D,1,0,0,0,23152.0,1,36.181743621826165,-119.38941955566406,3
2018,2018-03-06,2035,3,1,20,2,N,A,N,A,H,D,N,60,E,11,G,Y,,,,B,N,F,D,0,0,0,0,21954.0,3,36.203086853027344,-119.44416809082033,1
2018,2018-03-25,1351,3,1,13,7,N,B,N,A,H,A,A,01,S,09,E,,,,,I,Y,N,D,1,0,0,0,21802.0,2,36.41329956054688,-119.2241668701172,3
2020,2020-02-23,1123,2,4,11,7,N,A,N,A,H,A,D,22,S,05,C,,,,,E,Y,F,A,1,0,0,0,21650.0,2,36.31980514526367,-119.34069061279295,3
2020,2020-02-29,112,2,4,1,6,Y,A,N,A,H,D,A,01,,01,E,,,,,I,N,N,D,1,0,0,0,23152.0,1,36.33694839477539,-119.2878875732422,4
2020,2020-03-27,1802,3,1,18,5,Y,A,N,A,H,A,A,01,,12,D,,,,,C,Y,N,A,1,0,0,0,21453.0,2,36.30551910400391,-119.33606719970705,4
2020,2020-03-25,2239,3,1,22,3,N,B,N,B,H,C,A,01,W,01,E,,,,,I,Y,N,A,1,0,0,0,23152.0,1,,,4
2020,2020-03-24,935,3,1,9,2,Y,C,N,B,H,B,-,,,12,D,,,,,C,Y,N,A,1,0,0,0,21453.0,2,36.356399536132805,-119.3947525024414,3
2020,2020-03-28,1321,3,1,13,6,Y,A,N,A,H,A,A,01,,12,D,,,,,C,Y,N,A,1,0,0,0,21453.0,2,36.33100128173828,-119.30548858642578,3
2018,2018-03-22,1540,3,1,15,4,N,C,N,B,H,A,N,60,W,11,G,Y,,,,B,N,N,D,1,1,0,0,21954.0,2,36.297866821289055,-119.43055725097656,2
2018,2018-03-14,310,3,1,3,3,N,B,N,B,H,D,A,07,S,01,E,,,,,I,N,N,D,1,0,0,0,23152.0,1,36.529422760009766,-119.25080108642578,3
2018,2018-03-21,1124,3,1,11,3,N,B,N,B,H,A,A,01,W,03,A,,,,,C,Y,N,A,2,0,0,0,22350.0,2,36.54644775390625,-119.44872283935548,3
2018,2018-03-19,1555,3,1,15,1,N,A,N,A,H,A,A,07,S,08,F,,,,,I,Y,N,D,1,0,0,0,22107.0,1,35.97970962524414,-119.48283386230467,3
2018,2018-03-20,1715,3,1,17,2,Y,B,N,B,D,A,A,01,,09,D,,,,,C,Y,N,A,1,0,0,0,21802.0,3,36.0511589050293,-119.3576431274414,4
2018,2018-03-29,1215,3,1,12,4,Y,A,N,A,H,A,D,22,,09,D,,,,,C,Y,N,A,1,0,0,0,21802.0,2,35.80495071411133,-119.23242950439452,1
2018,2018-03-31,1820,3,1,18,6,N,A,N,A,H,A,A,01,E,09,D,,,,,C,Y,N,D,1,0,0,0,21804.0,2,36.058452606201165,-118.9985580444336,4
2018,2018-03-21,1405,3,1,14,3,Y,C,N,B,H,A,A,01,,09,A,,,,,C,Y,N,A,2,0,0,0,21801.0,2,36.18180847167969,-119.0368194580078,4
2018,2018-04-01,1725,4,1,17,7,Y,A,Y,A,H,A,D,22,,09,D,,,,,C,Y,N,A,2,0,0,0,21802.0,2,36.1673240661621,-119.0832748413086,4
2018,2018-03-25,2335,3,1,23,7,N,A,Y,A,H,D,A,01,N,03,C,,,,,C,Y,N,D,3,0,0,0,22350.0,4,35.8036003112793,-119.25536346435548,3
2018,2018-03-26,1900,3,1,19,1,N,B,N,A,H,B,D,22,S,03,B,,,,Y,E,Y,N,D,1,0,0,0,22350.0,2,36.20400238037109,-119.46630096435548,4
2018,2018-03-22,1525,3,1,15,4,N,B,Y,B,H,A,A,01,E,03,E,,,,,J,Y,N,D,1,0,0,0,22350.0,1,36.32902526855469,-119.40851593017578,4
2018,2018-03-27,610,3,1,6,2,Y,A,N,A,H,A,A,01,,12,D,,,,,C,Y,N,A,2,0,0,0,22450.0,2,35.819339752197266,-119.26815795898438,4
2018,2018-03-25,1135,3,1,11,7,N,A,N,A,H,A,D,22,E,08,E,,,,,I,Y,N,D,1,0,0,0,22107.0,1,36.13827896118164,-119.11653137207033,3
2018,2018-04-01,1035,4,1,10,7,N,A,N,A,H,A,C,03,E,08,D,,,Y,,C,N,N,D,1,0,0,1,22107.0,2,35.96238708496094,-119.01647186279295,3
2020,2020-03-25,1946,3,1,19,3,N,B,Y,A,H,C,N,60,S,11,G,Y,,,,B,N,F,A,1,1,0,0,21955.0,2,36.347450256347656,-119.29691314697266,2
2018,2018-03-05,738,3,1,7,1,Y,A,N,A,H,A,A,01,,09,D,,,,,C,Y,N,A,3,0,0,0,21802.0,2,35.949649810791016,-119.07173919677734,1
2018,2018-03-31,635,3,1,6,6,Y,A,N,A,H,D,A,01,,08,E,,,,,I,Y,N,D,1,0,0,0,22107.0,1,36.14566040039063,-119.02700805664062,3
2018,2018-04-02,1640,4,1,16,1,N,A,N,A,H,A,D,22,E,01,C,,,,,C,Y,N,A,4,0,0,0,23152.0,2,36.48670959472656,-119.28705596923828,4
2018,2018-03-31,1527,3,1,15,6,N,A,N,A,H,A,A,01,W,08,B,,,,,C,N,N,D,1,0,0,0,22107.0,2,36.058452606201165,-119.00003814697266,4
2018,2018-03-28,2210,3,1,22,3,N,A,N,A,H,D,A,01,S,01,F,,,,,A,Y,N,D,2,0,0,0,23152.0,1,36.22338104248047,-119.15435028076172,2
2018,2018-03-27,530,3,1,5,2,N,A,N,A,H,D,M,46,E,16,C,,,,,C,Y,N,D,2,0,0,0,24615.0,2,36.48871994018555,-119.49551391601562,4
2018,2018-03-24,1600,3,1,16,6,Y,A,N,A,H,A,A,01,,03,A,,,,,C,Y,N,A,1,0,0,0,22350.0,2,36.35261154174805,-119.42091369628906,4
2018,2018-03-28,523,3,1,5,3,N,A,N,A,H,D,D,22,,03,D,,,,Y,C,Y,N,D,1,0,0,0,22350.0,2,36.32723585,-119.34423029,3
2018,2018-03-28,720,3,1,7,3,Y,A,Y,A,H,A,A,07,,09,D,,,,,C,Y,N,A,1,0,0,0,21802.0,2,36.51705551147461,-119.40834045410156,1
2018,2018-03-25,2345,3,1,23,7,N,B,N,A,H,D,A,01,N,01,E,,,,,I,Y,N,D,2,0,0,0,23152.0,2,36.351757049560554,-119.4573974609375,2
2018,2018-03-25,1759,3,1,17,7,N,B,N,A,H,A,A,01,N,01,B,,,,,C,Y,M,D,1,0,0,0,23152.0,4,36.39131546020508,-119.21907806396484,4
2018,2018-03-27,1850,3,1,18,2,N,A,Y,A,H,A,A,01,N,07,B,,,,Y,C,Y,N,D,1,0,0,0,21658.0,2,35.91292953491211,-119.05357360839844,3
2018,2018-03-27,1640,3,1,16,2,N,A,N,A,H,A,A,07,E,08,E,,,,,I,Y,N,D,4,0,0,0,22107.0,1,36.05509185791016,-118.95378875732422,2
2018,2018-03-18,130,3,1,1,7,N,B,N,A,H,D,-,99,W,03,G,Y,,,,B,N,F,D,1,1,0,0,22350.0,2,36.12342834472656,-119.4652099609375,3
2018,2018-03-30,1420,3,1,14,5,N,A,N,A,H,A,D,22,W,09,D,,Y,,,G,N,N,A,1,0,1,0,21802.0,2,35.87740707397461,-119.26954650878906,4
2018,2018-03-30,1520,3,1,15,5,N,A,Y,A,H,A,A,01,S,03,C,,,,,C,Y,N,D,1,0,0,0,22350.0,4,35.88868713378906,-119.2729721069336,4
2018,2018-04-03,2040,4,1,20,2,N,A,N,A,H,C,A,01,N,08,C,,,,,E,Y,N,D,1,0,0,0,22107.0,2,35.95854568481445,-119.03798675537108,4