ACCIDENT_YEAR,COLLISION_DATE,COLLISION_TIME,MONTH,SEASON,24HOURS,DAY_OF_WEEK,INTERSECTION,WEATHER_1,STATE_HWY_IND,ROAD_SURFACE,ROAD_COND_1,LIGHTING,STWD_VEHTYPE_AT_FAULT,CHP_VEHTYPE_AT_FAULT,DIRECTION,PCF_VIOL_CATEGORY,TYPE_OF_COLLISION,PEDESTRIAN_ACCIDENT,BICYCLE_ACCIDENT,MOTORCYCLE_ACCIDENT,TRUCK_ACCIDENT,MVIW,TOW_AWAY,HIT_AND_RUN,CONTROL_DEVICE,NUMBER_INJURED,COUNT_PED_INJURED,COUNT_BICYCLIST_INJURED,COUNT_MC_INJURED,PCF_VIOLATION,PARTY_COUNT,POINT_Y,POINT_X,COLLISION_SEVERITY
2018,2018-05-18,1328,5,1,13,5,N,A,Y,A,H,A,A,01,N,03,C,,,,,C,Y,N,D,1,0,0,0,22350.0,2,35.88770294189453,-119.27271270751952,4
2018,2018-05-18,519,5,1,5,5,Y,A,Y,A,H,B,A,01,,09,A,,,,,C,Y,N,D,3,0,0,0,21801.0,2,36.54360961914063,-119.28689575195312,4
2018,2018-05-23,1630,5,1,16,3,N,A,N,A,H,A,D,22,N,08,E,,,,,I,Y,N,D,3,0,0,0,22107.0,1,35.93259048461914,-118.65220642089844,3
2018,2018-05-23,1550,5,1,15,3,N,A,N,A,H,A,A,01,E,08,F,,,,,A,Y,N,D,1,0,0,0,22107.0,1,36.109241485595696,-118.95482635498048,4
2018,2018-05-20,1,5,1,0,7,Y,A,N,A,H,A,D,22,,09,A,,,,,C,Y,N,D,1,0,0,0,21801.0,2,36.3271598815918,-119.23383331298828,4
2018,2018-05-23,1303,5,1,13,3,N,A,Y,A,H,A,A,01,E,08,F,,,,,A,N,N,D,1,0,0,0,22107.0,1,36.327163696289055,-119.38078308105467,3
2018,2018-05-19,1130,5,1,11,6,N,A,N,A,H,A,D,22,S,08,B,,,,,I,Y,N,D,1,0,0,0,22107.0,1,36.21732711791992,-119.11830139160156,3
2018,2018-05-18,1310,5,1,13,5,N,A,Y,A,H,A,D,22,S,03,C,,,,,C,Y,N,D,2,0,0,0,22350.0,3,35.86534118652344,-119.26966857910156,4
2018,2018-05-24,1740,5,1,17,4,N,A,Y,A,H,A,D,22,S,03,C,,,,,C,N,N,A,1,0,0,0,22350.0,2,,,4
2018,2018-05-24,540,5,1,5,4,Y,A,N,A,H,B,A,01,,09,D,,,,,C,Y,N,A,2,0,0,0,21802.0,2,36.225399017333984,-119.42102813720705,4
2018,2018-05-23,1150,5,1,11,3,Y,A,Y,A,H,A,A,01,,09,D,,,,,C,Y,N,A,2,0,0,0,21802.0,2,36.18106842041016,-119.49330139160156,4
2018,2018-05-13,1815,5,1,18,7,N,A,N,A,G,A,A,07,S,08,E,Y,,,,I,Y,F,D,1,1,0,0,22107.0,2,36.05565643310546,-119.31549835205078,3
2018,2018-05-30,715,5,1,7,3,N,A,N,A,H,A,-,99,W,08,G,Y,,,,B,N,F,D,1,1,0,0,22107.0,2,36.057403564453125,-118.98915863037108,3
2018,2018-05-20,2130,5,1,21,7,N,A,N,A,H,D,A,01,S,01,C,,,,,C,Y,N,D,3,0,0,0,23152.0,2,36.25379943847656,-119.33109283447266,3
2018,2018-05-22,1008,5,1,10,2,Y,A,Y,A,H,A,F,26,,09,D,,,,Y,C,Y,N,A,1,0,0,0,21801.0,2,36.41380310058594,-119.13465118408205,4
2018,2018-05-29,830,5,1,8,2,N,A,N,A,H,A,A,07,N,03,C,,,,Y,C,Y,N,D,2,0,0,0,22350.0,2,36.564453125,-119.43041229248048,4
2018,2018-05-25,1458,5,1,14,5,N,A,N,A,H,A,A,07,N,08,F,,,,,A,Y,N,D,1,0,0,0,22107.0,1,36.41881561279297,-119.39483642578124,4
2018,2018-05-24,1140,5,1,11,4,Y,A,N,A,H,A,A,01,,03,C,,,,Y,C,Y,N,D,1,0,0,0,22350.0,2,36.253921508789055,-119.172119140625,4
2018,2018-05-27,1815,5,1,18,7,Y,A,Y,A,H,A,A,07,,12,D,,,,,C,N,N,D,2,0,0,0,21453.0,2,36.544681549072266,-119.28691864013672,4
2018,2018-04-15,50,4,1,0,7,N,A,Y,A,H,D,A,01,N,01,A,,,,,C,Y,N,D,0,0,0,0,23152.0,2,35.96796417236328,-119.46121215820312,1
2018,2018-05-26,1035,5,1,10,6,Y,A,N,A,H,A,A,01,,08,E,,,,,I,Y,N,D,2,0,0,0,22107.0,1,35.96426010131836,-119.04208374023438,3
2018,2018-05-28,1220,5,1,12,1,N,A,Y,A,H,A,C,02,S,08,F,,,Y,,A,N,N,D,1,0,0,1,22107.0,1,36.61834335327149,-119.02474212646484,2
2018,2018-03-08,1730,3,1,17,4,Y,A,Y,A,H,A,A,01,,09,D,,,,,C,Y,N,A,4,0,0,0,21802.0,2,36.1235237121582,-119.0557098388672,1
2018,2018-05-30,1715,5,1,17,3,N,A,N,A,H,A,A,07,N,03,C,,,,,C,Y,N,D,1,0,0,0,22350.0,2,36.09760665893555,-119.23231506347656,4
2018,2018-05-28,1400,5,1,14,1,N,A,N,A,H,A,A,01,S,08,E,,,,,I,Y,N,D,1,0,0,0,22107.0,1,36.23176574707031,-119.4927978515625,3
2018,2018-05-30,1220,5,1,12,3,N,A,Y,A,H,A,A,01,S,08,F,,,,,A,Y,N,D,1,0,0,0,22107.0,1,35.84035110473633,-119.05369567871094,3
2018,2018-05-29,1025,5,1,10,2,N,A,N,A,H,A,G,26,N,03,C,,,,Y,C,Y,N,A,2,0,0,0,22350.0,3,36.38558197021485,-119.39476776123048,3
2018,2018-05-29,1347,5,1,13,2,Y,A,Y,A,H,A,A,01,,09,D,,,,Y,C,Y,N,A,1,0,0,0,21802.0,3,36.05126953125,-119.31268310546876,4
2018,2018-05-25,1737,5,1,17,5,N,A,Y,A,H,A,G,25,N,07,E,,,,Y,I,Y,M,D,1,0,0,0,21658.0,2,36.2410888671875,-119.34613800048828,4
2018,2018-05-29,2035,5,1,20,2,N,A,N,A,H,B,D,22,E,08,A,,,,,C,Y,F,D,1,0,0,0,22107.0,2,36.54486846923828,-119.2958755493164,4
2018,2018-05-30,1710,5,1,17,3,Y,A,N,A,H,A,A,01,,09,D,,,,,C,Y,F,A,2,0,0,0,21802.0,2,36.35625076,-119.4124527,2
2018,2018-06-02,1335,6,2,13,6,Y,A,Y,A,H,A,A,01,,09,D,,,,,C,Y,N,A,1,0,0,0,21801.0,2,36.255001068115234,-119.31324005126952,4
2018,2018-06-02,1545,6,2,15,6,Y,A,Y,A,H,A,D,22,,03,C,,,,,C,Y,N,A,3,0,0,0,22350.0,2,36.25505065917969,-119.31324005126952,4
2018,2018-05-31,655,5,1,6,4,Y,A,N,A,H,A,A,01,,01,D,,,,,C,Y,N,A,3,0,0,0,23152.0,2,36.269290924072266,-119.3312530517578,2
2018,2018-06-04,1325,6,2,13,1,N,A,N,A,H,A,A,08,E,09,A,,,,,C,Y,N,D,1,0,0,0,21801.0,2,36.080322265625,-119.10392761230467,4
2018,2018-05-28,855,5,1,8,1,N,A,N,A,H,A,A,01,N,08,E,,,,,I,Y,N,D,2,0,0,0,22107.0,1,36.36198425292969,-119.19764709472656,4
2018,2018-05-31,1320,5,1,13,4,Y,A,N,A,H,A,D,22,,12,D,,,,,C,Y,N,A,3,0,0,0,22450.0,2,36.10921096801758,-119.10755157470705,4
2018,2018-06-07,1325,6,2,13,4,Y,A,N,A,H,A,D,22,,09,D,,,,,C,Y,N,A,1,0,0,0,21802.0,2,36.19626998901367,-119.08223724365234,4
2018,2018-05-23,1305,5,1,13,3,Y,A,Y,A,H,A,D,22,,01,A,,,,,C,Y,N,A,3,0,0,0,23152.0,2,36.35850524902344,-119.1162567138672,2
2018,2018-06-01,1255,6,2,12,5,N,A,N,A,H,A,A,01,S,08,D,,,,,C,Y,N,A,3,0,0,0,22107.0,4,36.355911254882805,-119.31429290771484,4
2018,2018-06-01,1420,6,2,14,5,N,A,N,A,H,A,D,22,N,21,C,,,,,C,Y,N,D,1,0,0,0,22106.0,2,35.96963882446289,-119.29355621337892,4
2018,2018-06-02,1649,6,2,16,6,N,A,Y,A,H,A,A,08,N,09,A,,,,,C,N,N,D,1,0,0,0,21801.0,2,36.52223205566406,-119.28675079345705,4
2018,2018-06-03,1900,6,2,19,7,N,A,Y,A,H,A,A,01,N,08,E,,,,,I,N,N,D,1,0,0,0,22107.0,1,36.49157333374024,-119.5213623046875,4
2018,2018-06-03,1600,6,2,16,7,N,A,Y,A,H,A,D,22,N,08,B,,,,,C,Y,F,A,2,0,0,0,22107.0,2,36.39613342285156,-119.45124053955078,3
2018,2018-06-09,2345,6,2,23,6,N,A,Y,A,H,D,A,01,N,01,C,,,,,C,Y,N,A,1,0,0,0,23152.0,2,36.210762023925774,-119.19882965087892,4
2018,2018-06-05,730,6,2,7,2,N,A,N,A,H,A,A,08,S,03,C,,,,,C,Y,N,D,2,0,0,0,22350.0,2,36.289058685302734,-119.2875518798828,3
2018,2018-06-03,355,6,2,3,7,N,A,Y,A,H,D,A,01,N,01,E,,,,,I,Y,N,D,2,0,0,0,23152.0,1,36.11173248291016,-119.04783630371094,3
2018,2018-06-07,415,6,2,4,4,Y,A,N,A,H,D,D,22,,09,D,,,,,C,Y,N,A,1,0,0,0,21802.0,2,35.964290618896484,-119.107421875,4
2018,2018-06-01,725,6,2,7,5,N,A,N,A,H,A,A,01,N,08,E,,,,,J,Y,N,D,1,0,0,0,22107.0,1,36.23406219482422,-119.23354339599608,3
2018,2018-06-06,2030,6,2,20,3,N,A,N,A,H,A,A,01,W,08,E,,,,,I,Y,N,D,1,0,0,0,22107.0,1,36.34127426147461,-119.18001556396484,4
2018,2018-06-06,2206,6,2,22,3,N,A,Y,A,H,D,D,22,N,09,F,,,,,A,Y,F,D,1,0,0,0,21802.0,2,36.646831512451165,-119.30470275878906,4
2018,2018-06-06,2200,6,2,22,3,Y,A,Y,A,H,D,A,01,,12,D,,,,,C,Y,N,D,1,0,0,0,22450.0,2,36.210784912109375,-119.15412902832033,4
2018,2018-06-09,750,6,2,7,6,Y,A,N,A,H,A,A,01,,09,D,,,Y,,C,Y,N,A,1,0,0,1,21802.0,2,36.06575012207031,-119.23233795166016,3
2018,2018-06-10,30,6,2,0,7,N,A,N,A,H,D,A,07,W,01,B,,,,,E,Y,N,D,3,0,0,0,23152.0,2,35.971473693847656,-119.02340698242188,3
2018,2018-05-26,2020,5,1,20,6,N,A,N,A,H,C,-,- ,N,18,H,,,Y,,H,Y,N,A,1,0,0,1,,1,36.51700973510742,-119.39469146728516,3
2018,2018-06-11,535,6,2,5,1,N,A,N,A,H,B,A,01,N,08,E,,,,,I,Y,N,D,1,0,0,0,22107.0,1,36.1543083190918,-119.06578826904295,4
2018,2018-06-12,1432,6,2,14,2,N,A,N,A,H,A,D,22,N,08,E,,,,,I,Y,N,A,1,0,0,0,22107.0,1,35.981201171875,-118.97669982910156,4
2018,2018-06-13,600,6,2,6,3,Y,A,N,A,H,A,A,08,,12,D,,,,,C,Y,N,A,2,0,0,0,22450.0,2,35.964290618896484,-119.107421875,4
2018,2018-06-15,1142,6,2,11,5,Y,A,N,A,H,A,A,01,,05,D,,,,,C,Y,N,A,1,0,0,0,21752.0,2,36.25421006,-119.20691994,2
2018,2018-04-21,1325,4,1,13,6,N,A,Y,A,H,A,A,01,W,01,E,,,,,I,Y,N,D,0,0,0,0,23152.0,1,,,1
2018,2018-06-08,820,6,2,8,5,N,A,N,A,H,A,A,01,S,03,C,,,,,C,N,N,D,1,0,0,0,22350.0,2,36.343948364257805,-119.42131042480467,4
2018,2018-06-08,1712,6,2,17,5,N,A,Y,A,H,A,A,01,E,07,C,,,,,C,Y,N,D,1,0,0,0,21658.0,2,36.326942443847656,-119.30380249023438,4
2018,2018-06-08,1524,6,2,15,5,N,A,Y,A,H,A,A,01,W,08,F,,,,,A,Y,N,D,2,0,0,0,22107.0,1,36.3271713256836,-119.3759994506836,4
2018,2018-06-08,1725,6,2,17,5,N,A,Y,A,H,A,A,01,E,03,C,,,,,C,Y,N,D,1,0,0,0,22350.0,2,36.326942443847656,-119.30381774902344,3
2018,2018-06-12,907,6,2,9,2,N,A,N,A,H,A,A,01,N,05,A,,,,,C,Y,N,A,2,0,0,0,21460.0,2,35.99282455444336,-119.01786041259766,4
2018,2018-06-01,2000,6,2,20,5,N,A,N,A,H,B,D,22,S,08,G,Y,,,,B,N,F,D,1,1,0,0,22107.0,2,36.476177215576165,-119.4430923461914,2
2018,2018-06-16,1840,6,2,18,6,Y,A,N,A,H,A,D,22,,12,D,,,,,C,Y,N,A,2,0,0,0,22450.0,2,36.2534408569336,-119.09131622314452,3
2018,2018-06-10,2112,6,2,21,7,N,A,Y,A,H,D,A,01,N,03,C,,,,Y,C,Y,N,D,2,0,0,0,22350.0,3,36.08378601074219,-119.32001495361328,4
2018,2018-06-11,1055,6,2,10,1,N,A,Y,A,H,A,A,01,S,07,B,,,,,C,Y,N,D,1,0,0,0,21658.0,2,36.233699798583984,-119.34099578857422,4
2018,2018-06-11,530,6,2,5,1,N,A,Y,A,H,B,A,01,N,03,E,,,,,I,Y,M,A,1,0,0,0,22350.0,1,36.225940704345696,-119.33558654785156,4
2018,2018-06-11,535,6,2,5,1,Y,A,N,A,H,A,A,01,,12,D,,,,,C,Y,N,A,2,0,0,0,22450.0,2,36.25677006,-119.27848991,3
2018,2018-06-17,2015,6,2,20,7,N,A,Y,A,H,B,A,07,W,03,C,,,,,C,Y,N,D,1,0,0,0,22350.0,2,36.06357192993164,-118.90953826904295,4
2018,2018-06-12,730,6,2,7,2,N,A,Y,A,H,A,A,01,N,08,A,,,,,C,Y,N,D,2,0,0,0,22107.0,2,35.83696746826172,-119.26133728027344,4
2018,2018-06-08,1343,6,2,13,5,N,A,N,A,H,A,-,- ,W,18,H,,,Y,,A,N,N,D,1,0,0,1,,1,36.564350128173835,-119.43054962158205,3
2018,2018-06-12,1425,6,2,14,2,N,A,N,A,H,A,A,01,N,05,A,,,,Y,C,Y,N,D,2,0,0,0,21460.0,2,36.26815414428711,-119.1181869506836,2
2018,2018-06-13,530,6,2,5,3,Y,A,N,A,H,B,D,22,,09,D,,,,,C,Y,N,A,3,0,0,0,21802.0,3,36.457569122314446,-119.277587890625,4
2018,2018-06-13,1720,6,2,17,3,Y,A,N,A,H,A,A,01,,12,D,,,,,C,Y,N,A,2,0,0,0,22450.0,3,36.25421006,-119.20691994,4
2018,2018-06-14,1922,6,2,19,4,N,A,N,A,H,A,A,01,S,01,E,,,,,I,Y,N,A,1,0,0,0,23152.0,1,36.29756546020508,-119.42128753662108,4
2018,2018-06-15,200,6,2,2,5,N,A,N,A,H,D,D,22,S,01,E,,,,,I,Y,N,D,1,0,0,0,23152.0,1,36.52188873291016,-119.37680053710938,3
2018,2018-06-08,1527,6,2,15,5,N,A,Y,A,H,A,A,01,S,08,E,,,,,I,Y,N,D,1,0,0,0,22107.0,1,35.89170837402344,-119.27404022216795,4
2018,2018-06-14,2145,6,2,21,4,N,A,N,A,H,C,N,60,E,11,G,Y,,,,B,N,F,D,0,0,0,0,21954.0,2,36.385059356689446,-119.21770477294922,1
2018,2018-06-15,455,6,2,4,5,Y,A,N,A,H,A,D,22,,12,D,,,,,C,Y,N,A,3,0,0,0,22450.0,2,36.08034896850586,-119.14314270019533,4
2018,2018-06-15,21,6,2,0,5,N,A,N,A,H,D,A,01,S,01,B,,,,,C,Y,N,D,1,0,0,0,23152.0,2,36.242870330810554,-119.11844635009766,4
2018,2018-06-15,1557,6,2,15,5,N,A,Y,A,H,A,A,01,E,08,E,,,,,I,Y,N,D,2,0,0,0,22107.0,1,,,2
2018,2018-06-15,1405,6,2,14,5,N,A,Y,A,H,A,A,01,W,08,E,,,,,I,Y,N,D,1,0,0,0,22107.0,1,36.32764053344727,-119.26091766357422,3
2018,2018-06-16,1045,6,2,10,6,N,A,N,A,C,A,A,01,N,17,A,,,,,C,Y,N,D,7,0,0,0,21662.0,2,36.52826690673828,-119.01258087158205,3
2018,2018-06-15,1830,6,2,18,5,Y,A,N,A,H,A,D,22,,09,A,,,,,C,Y,N,D,1,0,0,0,21800.0,2,35.790748596191406,-119.10262298583984,3
2018,2018-06-17,1335,6,2,13,7,N,A,Y,A,H,A,-,- ,E,18,E,,,Y,,H,N,N,D,1,0,0,1,,1,36.21084976196289,-119.22168731689452,3
2018,2018-06-17,28,6,2,0,7,N,A,Y,A,H,C,A,01,E,08,E,,,,,I,N,N,D,1,0,0,0,22107.0,1,,,4
2018,2018-06-21,2120,6,2,21,4,N,A,N,A,H,D,-,- ,S,00,G,Y,,,,B,N,N,D,1,1,0,0,,2,35.890560150146484,-119.27523803710938,3
2018,2018-06-24,1212,6,2,12,7,N,A,Y,A,H,A,A,01,E,08,F,,,,,A,Y,N,D,1,0,0,0,22107.0,1,36.32643508911133,-119.1550064086914,3
2018,2018-06-13,530,6,2,5,3,N,A,N,A,H,A,A,01,E,08,D,,,,,C,Y,N,D,4,0,0,0,22107.0,2,36.488258361816406,-119.43065643310548,3
2018,2018-06-13,1150,6,2,11,3,Y,A,N,A,H,A,M,46,,09,D,,,,Y,C,Y,N,A,1,0,0,0,21802.0,2,36.1817512512207,-119.42135620117188,4
2018,2018-06-15,1315,6,2,13,5,N,A,Y,A,H,A,A,07,N,03,C,,,,,C,Y,N,D,1,0,0,0,22350.0,2,36.37950134277344,-119.29688262939452,4
2018,2018-06-19,2310,6,2,23,2,N,A,N,A,H,D,A,01,W,01,E,,,,,I,Y,N,D,1,0,0,0,23152.0,1,36.007659912109375,-119.25770568847656,2
2018,2018-04-24,1130,4,1,11,2,N,A,Y,A,H,A,A,01,S,01,A,,,,,C,Y,N,D,1,0,0,0,23152.0,2,,,1
2018,2018-05-21,2339,5,1,23,1,N,A,Y,A,H,D,A,01,E,01,F,,,,,A,Y,N,D,0,0,0,0,23152.0,1,36.32640075683594,-119.16245269775392,1
2018,2018-05-15,525,5,1,5,2,Y,A,N,A,H,B,A,01,,12,D,,,,,C,Y,N,A,3,0,0,0,22450.0,3,36.41387939453125,-119.20639038085938,1
2018,2018-06-25,755,6,2,7,1,N,A,N,A,H,A,A,01,N,03,C,,,,,C,Y,N,D,1,0,0,0,22350.0,2,36.22446060180664,-119.11852264404295,3
2018,2018-04-02,1820,4,1,18,1,Y,A,N,A,H,A,D,22,,09,D,,,,,C,Y,N,A,2,0,0,0,21802.0,3,36.25585174560546,-119.29633331298828,1
2018,2018-06-15,2235,6,2,22,5,N,A,Y,A,H,D,A,08,W,08,E,,,,,I,N,N,D,2,0,0,0,22107.0,1,36.05130386352539,-119.27008056640624,4
2018,2018-06-20,1250,6,2,12,3,N,A,Y,A,D,A,A,01,E,03,C,,,,,C,Y,N,A,1,0,0,0,22350.0,4,36.32659530639648,-119.27793884277344,4
2018,2018-06-25,1510,6,2,15,1,N,A,N,A,H,A,D,22,N,03,C,,,,,C,Y,N,D,2,0,0,0,22350.0,2,36.14556884765625,-119.33455657958984,4
2018,2018-06-22,1422,6,2,14,5,N,A,N,A,H,A,G,26,W,03,F,,,,Y,A,Y,N,D,1,0,0,0,22350.0,1,36.210647583007805,-119.4021224975586,3
2018,2018-06-21,530,6,2,5,4,N,A,N,A,H,A,A,01,E,03,C,,,,,C,Y,N,A,1,0,0,0,22350.0,2,36.54635238647461,-119.46643829345705,4
2018,2018-05-19,744,5,1,7,6,N,A,Y,A,H,A,A,01,N,08,E,,,,,I,Y,N,D,0,0,0,0,22107.0,1,36.373680114746094,-119.21564483642578,1
2018,2018-06-17,1243,6,2,12,7,Y,A,N,A,H,A,A,01,,09,A,,,,,C,Y,N,D,6,0,0,0,21801.0,2,36.210819244384766,-119.42111206054688,3
2018,2018-06-15,215,6,2,2,5,N,A,N,A,H,D,A,01,W,08,E,,,,,I,Y,M,D,1,0,0,0,22107.0,1,35.89165496826172,-119.03765869140624,3
2018,2018-06-21,550,6,2,5,4,N,A,Y,A,H,A,A,01,S,08,F,,,,,A,Y,N,D,1,0,0,0,22107.0,1,35.970218658447266,-119.4628677368164,4
2018,2018-06-23,555,6,2,5,6,N,A,N,A,H,D,D,22,W,08,E,,,,,I,Y,N,A,1,0,0,0,22107.0,1,36.41381072998047,-119.17102813720705,4
2018,2018-06-21,755,6,2,7,4,Y,A,N,A,H,A,E,22,,03,C,,,,,C,Y,N,D,1,0,0,0,22350.0,2,36.26654052734375,-119.3639678955078,3
2018,2018-06-15,2323,6,2,23,5,N,A,Y,A,H,D,A,07,S,01,A,,,,,C,Y,N,D,5,0,0,0,23152.0,2,36.50022888183594,-119.28665161132812,1
2018,2018-06-20,1525,6,2,15,3,N,A,N,A,H,A,A,07,N,08,F,,,,,A,Y,N,D,3,0,0,0,22107.0,1,35.97943878173828,-118.9748306274414,3
2018,2018-06-24,1224,6,2,12,7,N,A,N,A,H,A,D,22,N,08,F,,,,,A,Y,N,A,1,0,0,0,22107.0,1,36.1563720703125,-119.23278045654295,4
2018,2018-06-20,1300,6,2,13,3,N,A,N,A,H,A,A,01,S,08,F,,,,,I,Y,N,A,1,0,0,0,22107.0,1,36.42576599121094,-119.3948211669922,4
2018,2018-06-25,1253,6,2,12,1,N,A,N,A,H,D,A,01,E,08,E,,,,,I,Y,N,D,1,0,0,0,22107.0,1,35.94976806640625,-119.31796264648438,4
2018,2018-06-23,2323,6,2,23,6,N,A,N,A,H,D,A,01,S,03,E,,,,,I,Y,F,D,1,0,0,0,22350.0,1,36.5219955444336,-119.28028869628906,4
2018,2018-06-25,142,6,2,1,1,N,A,N,A,H,D,D,22,W,08,E,,,,,I,Y,N,D,1,0,0,0,22107.0,1,36.54672622680664,-119.49713134765624,3
2018,2018-06-27,1910,6,2,19,3,Y,A,N,A,H,A,A,01,,09,A,,,,,C,Y,N,A,2,0,0,0,21801.0,2,36.38516998291016,-119.22490692138672,3
2018,2018-06-22,1950,6,2,19,5,N,A,N,A,H,B,A,01,N,05,B,,,,,C,Y,F,D,1,0,0,0,21650.0,2,35.82371520996094,-119.25019073486328,4
2018,2018-06-28,1323,6,2,13,4,Y,A,N,A,H,A,D,22,,12,D,,,,Y,C,N,F,A,1,0,0,0,22450.0,2,36.21097946166992,-119.51080322265624,4
2018,2018-06-24,1155,6,2,11,7,N,A,N,A,H,A,C,02,N,08,F,,,Y,,A,Y,N,D,1,0,0,1,22107.0,1,35.90688705444336,-118.67208862304688,3
2018,2018-06-21,2230,6,2,22,4,N,A,Y,A,H,C,A,07,S,08,E,,,,,I,Y,N,D,1,0,0,0,22107.0,1,36.234081268310554,-119.34124755859376,2
2018,2018-06-22,825,6,2,8,5,N,A,N,A,H,A,A,07,N,03,C,,,,Y,C,Y,N,D,2,0,0,0,22350.0,2,35.85129928588867,-119.25031280517578,2
2018,2018-07-01,1120,7,2,11,7,Y,A,N,A,H,A,D,22,,09,D,,,,,C,Y,N,A,5,0,0,0,21802.0,2,36.15280151367188,-119.06497192382812,3
2018,2018-06-28,1612,6,2,16,4,N,A,N,A,H,A,A,01,E,08,E,,,,,I,Y,N,D,1,0,0,0,22107.0,1,36.27097702026367,-119.26034545898438,4
2018,2018-06-29,1940,6,2,19,5,N,A,N,A,A,A,D,22,N,01,A,,,,,C,Y,M,D,2,0,0,0,23152.0,2,36.547828674316406,-119.30509948730467,3
2018,2018-07-01,1740,7,2,17,7,Y,A,Y,A,H,A,A,01,,12,D,,,,,C,N,N,D,1,0,0,0,21453.0,2,36.48670959472656,-119.28720092773438,4
2018,2018-06-30,945,6,2,9,6,N,A,N,A,H,A,A,07,N,08,F,,,,,A,Y,N,D,1,0,0,0,22107.0,1,36.2333984375,-119.26049041748048,3
2018,2018-07-01,1649,7,2,16,7,N,A,Y,A,H,A,A,07,N,03,C,,,,,C,Y,N,D,5,0,0,0,22350.0,2,36.24220657348633,-119.34720611572266,4
2018,2018-07-05,510,7,2,5,4,N,A,N,A,H,B,D,22,S,03,C,,,,,C,Y,N,D,2,0,0,0,22350.0,2,35.932430267333984,-119.30374908447266,4
2018,2018-07-01,2205,7,2,22,7,N,A,Y,A,H,D,A,01,N,01,E,,,,,E,Y,F,D,2,0,0,0,23152.0,2,35.801856994628906,-119.25495910644533,3
2018,2018-07-03,1050,7,2,10,2,N,A,Y,A,H,A,A,01,W,08,D,,,,,C,Y,N,A,1,0,0,0,22107.0,2,36.38165283203125,-119.02513122558594,3
2018,2018-07-03,205,7,2,2,2,N,A,N,A,H,D,A,07,S,01,E,,,,,I,Y,N,D,1,0,0,0,23152.0,1,36.26443099975586,-119.1541748046875,3
2018,2018-07-10,225,7,2,2,2,N,A,Y,A,H,C,A,01,E,01,B,,,,,C,Y,F,D,1,0,0,0,23152.0,2,36.32659149169922,-119.27790069580078,4
2018,2018-07-09,1745,7,2,17,1,N,A,N,A,H,A,A,07,E,01,F,,,,,A,Y,N,D,1,0,0,0,23152.0,1,36.238128662109375,-118.6886749267578,3
2018,2018-07-04,2230,7,2,22,3,N,A,N,A,H,D,A,07,E,01,E,,,,,I,Y,N,D,1,0,0,0,23152.0,1,36.35818862915039,-119.0876693725586,4
2018,2018-07-07,1225,7,2,12,6,N,A,N,A,H,A,D,22,E,08,C,,,,,C,N,N,A,1,0,0,0,22107.0,2,36.24016189575195,-119.36683654785156,4
2018,2018-07-02,2312,7,2,23,1,N,A,Y,A,H,D,A,01,W,03,C,,,,,C,Y,N,D,2,0,0,0,22350.0,3,36.32702255249024,-119.32616424560548,3
2018,2018-07-11,1700,7,2,17,3,N,A,Y,A,H,A,A,01,N,08,E,,,,,I,Y,N,D,1,0,0,0,22107.0,1,35.93242645263672,-119.28396606445312,4
2018,2018-07-08,320,7,2,3,7,N,A,Y,A,H,D,C,02,N,08,F,,,Y,,A,N,N,D,1,0,0,1,22107.0,1,36.071880340576165,-119.3168487548828,3
2018,2018-07-05,2110,7,2,21,4,N,A,Y,A,H,D,D,22,,01,E,,,,,I,Y,N,D,1,0,0,0,23152.0,1,36.40199661254882,-119.03648376464844,3
2018,2018-07-08,2315,7,2,23,7,N,A,N,A,H,D,-,- ,S,18,E,,,,,I,N,N,D,1,0,0,0,,1,35.799102783203125,-119.24134826660156,4
2018,2018-07-05,1830,7,2,18,4,N,A,N,A,H,A,A,01,W,01,E,,,,,I,Y,N,D,1,0,0,0,23152.0,1,36.47344970703125,-119.4470672607422,2
2018,2018-07-06,815,7,2,8,5,N,A,N,A,H,A,D,22,E,05,A,,,,,C,Y,N,D,2,0,0,0,21650.0,2,35.87892532348633,-118.82553100585938,2
2018,2018-07-06,1217,7,2,12,5,Y,A,N,A,H,A,A,01,,12,D,,,,,C,Y,N,A,6,0,0,0,22450.0,2,36.28371047973633,-119.34928894042967,3