ACCIDENT_YEAR,COLLISION_DATE,COLLISION_TIME,MONTH,SEASON,24HOURS,DAY_OF_WEEK,INTERSECTION,WEATHER_1,STATE_HWY_IND,ROAD_SURFACE,ROAD_COND_1,LIGHTING,STWD_VEHTYPE_AT_FAULT,CHP_VEHTYPE_AT_FAULT,DIRECTION,PCF_VIOL_CATEGORY,TYPE_OF_COLLISION,PEDESTRIAN_ACCIDENT,BICYCLE_ACCIDENT,MOTORCYCLE_ACCIDENT,TRUCK_ACCIDENT,MVIW,TOW_AWAY,HIT_AND_RUN,CONTROL_DEVICE,NUMBER_INJURED,COUNT_PED_INJURED,COUNT_BICYCLIST_INJURED,COUNT_MC_INJURED,PCF_VIOLATION,PARTY_COUNT,POINT_Y,POINT_X,COLLISION_SEVERITY
2018,2018-11-03,1254,11,3,12,6,Y,A,N,A,H,A,D,22,,09,D,,,,,C,Y,N,D,1,0,0,0,21800.0,2,35.92079162597656,-119.27703857421876,4
2018,2018-11-03,2231,11,3,22,6,N,A,Y,A,H,D,-,99,N,07,B,,,,,C,N,F,D,1,0,0,0,21658.0,2,,,4
2018,2018-10-27,1900,10,3,19,6,N,A,N,A,G,D,A,01,W,01,C,,,,,C,Y,N,D,1,0,0,0,23152.0,2,36.06581115722656,-119.11463928222656,4
2018,2018-10-30,620,10,3,6,2,N,A,Y,A,H,D,D,22,S,06,B,,,,Y,C,Y,N,D,1,0,0,0,21751.0,2,35.83047866821289,-119.05364990234376,3
2018,2018-11-03,1252,11,3,12,6,Y,A,N,A,H,A,A,01,,09,D,,,,,C,Y,N,A,2,0,0,0,21802.0,2,36.19612122,-119.09120941,3
2018,2018-10-31,1425,10,3,14,3,N,A,Y,A,D,A,A,01,W,03,C,,,,Y,C,Y,N,A,2,0,0,0,22350.0,3,36.05095672607422,-119.0167236328125,4
2018,2018-10-25,620,10,3,6,4,N,A,N,A,H,B,N,60,E,11,G,Y,,,,B,Y,N,D,1,1,0,0,21954.0,2,35.89189147949219,-119.27172088623048,3
2018,2018-11-05,1235,11,3,12,1,N,A,N,A,H,A,D,22,W,08,F,,,,,A,Y,N,D,2,0,0,0,22107.0,1,36.00743865966797,-119.42977142333984,3
2018,2018-10-30,800,10,3,8,2,N,A,Y,A,H,A,D,22,W,03,C,,,,,C,Y,N,D,1,0,0,0,22350.0,4,36.326908111572266,-119.28885650634766,4
2018,2018-10-30,1255,10,3,12,2,N,F,N,A,G,A,C,06,N,22,H,,,Y,,A,N,N,D,1,0,0,1,,1,,,4
2018,2018-11-04,835,11,3,8,7,N,A,N,A,H,A,A,01,S,03,C,,,,,C,Y,N,A,2,0,0,0,22350.0,3,36.22570037841797,-119.2603759765625,3
2018,2018-11-04,1619,11,3,16,7,N,A,Y,A,H,A,G,25,S,07,E,,,,Y,I,N,N,D,1,0,0,0,21658.0,2,35.94918441772461,-119.28897857666016,4
2018,2018-11-05,1717,11,3,17,1,Y,A,N,A,H,D,D,22,,09,D,,,,,C,Y,N,D,1,0,0,0,21800.0,2,35.883270263671875,-119.26940155029295,4
2018,2018-11-08,1758,11,3,17,4,Y,A,N,A,H,D,A,01,,12,D,,,,,C,Y,N,D,1,0,0,0,22450.0,2,36.55939865112305,-119.30500793457033,3
2018,2018-11-05,43,11,3,0,1,N,A,Y,A,H,D,D,22,N,08,F,,,,,A,Y,N,D,4,0,0,0,22107.0,1,35.97645950317383,-119.2952117919922,2
2018,2018-11-08,2105,11,3,21,4,N,A,N,A,H,C,A,01,S,05,A,,,,,C,Y,N,D,2,0,0,0,21650.0,2,36.558002471923835,-119.3049774169922,3
2018,2018-10-30,1830,10,3,18,2,N,A,N,A,H,C,A,08,N,03,C,,,,Y,C,N,N,D,1,0,0,0,22350.0,2,36.11423873901367,-119.07144927978516,4
2018,2018-10-24,1930,10,3,19,3,N,A,N,A,H,D,-,99,E,08,H,,Y,,,G,N,F,D,1,0,1,0,22107.0,2,36.0579490661621,-118.993896484375,3
2018,2018-11-09,1649,11,3,16,5,N,B,Y,A,H,B,A,01,S,03,C,,,,,C,Y,N,D,1,0,0,0,22350.0,3,36.10245513916016,-119.3227996826172,4
2018,2018-11-07,545,11,3,5,3,Y,A,Y,A,H,C,D,22,,12,D,,,,,C,Y,N,A,2,0,0,0,21453.0,3,35.891700744628906,-119.05349731445312,3
2018,2018-11-06,600,11,3,6,2,N,A,N,A,H,B,A,01,S,03,C,,,,,C,Y,N,D,1,0,0,0,22350.0,2,35.8911247253418,-119.26815795898438,3
2018,2018-11-09,1600,11,3,16,5,N,A,Y,A,H,A,A,01,S,03,C,,,,,C,Y,N,D,2,0,0,0,22350.0,2,35.94672775268555,-119.05370330810548,3
2018,2018-11-11,1650,11,3,16,7,Y,A,N,A,H,B,A,01,,12,D,,,,,C,Y,N,A,1,0,0,0,22450.0,2,36.28512191772461,-119.28761291503906,2
2018,2018-11-04,1718,11,3,17,7,N,A,Y,A,H,A,A,08,S,08,D,,,Y,,C,Y,N,D,1,0,0,1,22107.0,2,36.384143829345696,-119.09851837158205,1
2018,2018-11-05,1750,11,3,17,1,N,A,Y,A,H,C,A,07,E,03,C,,,,,C,Y,N,D,3,0,0,0,22350.0,3,,,4
2018,2018-11-09,1810,11,3,18,5,N,A,Y,A,D,D,D,22,E,08,E,,,,,I,Y,N,D,1,0,0,0,22107.0,1,36.32659149169922,-119.16600036621094,4
2018,2018-11-07,1500,11,3,15,3,N,A,N,A,H,A,A,01,W,08,E,,,,,I,N,N,D,1,0,0,0,22107.0,1,35.93537139892578,-119.1441650390625,4
2018,2018-11-11,2255,11,3,22,7,N,A,N,A,H,D,A,01,W,08,E,,,,,I,Y,N,D,1,0,0,0,22107.0,1,36.026611328125,-118.91748046875,3
2018,2018-11-07,1045,11,3,10,3,Y,A,N,A,H,A,A,07,,09,D,,,,,C,Y,N,A,2,0,0,0,21802.0,2,,,4
2018,2018-11-18,1810,11,3,18,7,Y,A,N,A,H,C,D,22,,12,D,,,,,C,Y,N,A,3,0,0,0,22450.0,2,36.15280151367188,-119.06497192382812,4
2018,2018-10-28,1145,10,3,11,7,N,A,N,A,H,A,-,- ,S,00,D,,,,,C,Y,N,D,2,0,0,0,,2,36.005943298339844,-119.294921875,4
2018,2018-11-09,745,11,3,7,5,N,A,N,A,H,A,A,07,N,08,E,,,,,I,Y,N,D,1,0,0,0,22107.0,1,35.96438980102539,-119.23271942138672,3
2018,2018-11-05,1007,11,3,10,1,N,A,Y,A,H,A,G,25,N,03,E,,,,Y,I,Y,N,A,1,0,0,0,22350.0,1,36.18341064453125,-119.32916259765624,3
2018,2018-10-27,615,10,3,6,6,N,A,Y,A,H,D,A,01,S,08,E,,,,,I,Y,N,D,1,0,0,0,22107.0,1,36.062026977539055,-119.31284332275392,2
2018,2018-11-06,1625,11,3,16,2,N,A,Y,A,H,A,A,01,S,04,H,,,,,H,Y,N,D,2,0,0,0,21703.0,2,36.349903106689446,-119.21710968017578,4
2018,2018-11-09,1900,11,3,19,5,N,A,N,A,H,D,A,01,E,03,C,,,,,C,Y,M,D,1,0,0,0,22350.0,2,35.8774528503418,-119.24504089355467,3
2018,2018-11-09,615,11,3,6,5,N,A,N,A,H,A,D,22,S,08,F,,,,,A,Y,N,D,1,0,0,0,22107.0,1,36.321590423583984,-119.17081451416016,4
2018,2018-11-12,1415,11,3,14,1,N,A,N,A,H,A,A,01,W,03,C,,,,,A,Y,N,D,2,0,0,0,22350.0,2,36.32713317871094,-119.23741149902344,4
2018,2018-11-12,1705,11,3,17,1,N,A,Y,A,H,C,A,01,N,01,C,,,,,C,Y,N,D,2,0,0,0,23152.0,2,36.54032897949219,-119.286865234375,3
2018,2018-11-13,1415,11,3,14,2,N,A,Y,A,H,A,A,07,W,03,C,,,,,C,N,N,A,1,0,0,0,22350.0,2,36.2108154296875,-119.13661956787108,4
2018,2018-11-13,1510,11,3,15,2,N,A,N,A,H,A,A,01,E,09,D,,,,,C,N,N,D,1,0,0,0,21804.0,2,35.83377456665039,-119.28153228759766,4
2018,2018-11-13,955,11,3,9,2,N,A,Y,A,H,A,D,22,E,05,D,,,,,C,Y,N,D,2,0,0,0,21752.0,2,,,4
2018,2018-11-14,1020,11,3,10,3,Y,A,N,A,H,A,G,25,,12,D,,,,Y,D,Y,N,A,1,0,0,0,22450.0,2,36.13825988769531,-119.232421875,3
2018,2018-11-09,1328,11,3,13,5,N,A,Y,A,H,A,A,01,S,08,E,,,,,I,Y,N,D,1,0,0,0,22107.0,1,36.5011100769043,-119.53990936279295,4
2018,2018-11-19,1230,11,3,12,1,N,A,N,A,H,A,J,43,E,03,C,,,,,C,Y,N,A,1,0,0,0,22350.0,2,36.06575012207031,-119.23211669921876,4
2018,2018-11-12,630,11,3,6,1,N,A,Y,A,H,B,A,01,S,07,B,,,,Y,C,Y,N,D,1,0,0,0,21658.0,2,35.86878204345703,-119.270751953125,4
2018,2018-11-14,1020,11,3,10,3,N,A,Y,A,H,A,A,01,S,08,E,,,,,I,Y,N,D,1,0,0,0,22107.0,1,36.45793914794922,-119.29544067382812,4
2018,2018-10-24,1510,10,3,15,3,Y,A,N,A,H,A,L,04,,12,H,,Y,,,G,N,N,A,0,0,0,0,22450.0,2,35.94969940185547,-119.00018310546876,1
2018,2018-11-11,115,11,3,1,7,Y,A,N,A,H,C,A,01,,09,D,,,,,C,Y,M,A,1,0,0,0,21802.0,2,36.06576919555664,-119.31256103515624,4
2018,2018-11-26,525,11,3,5,1,Y,E,N,B,H,D,A,01,,09,A,,,,,C,Y,N,D,2,0,0,0,21801.0,2,36.1963996887207,-119.23320770263672,2
2018,2018-11-15,1715,11,3,17,4,Y,A,N,A,H,C,A,01,,09,D,,,,,C,Y,N,A,2,0,0,0,21801.0,2,36.48844146728516,-119.44880676269533,2
2018,2018-11-14,1600,11,3,16,3,N,B,Y,A,H,B,A,07,E,03,C,,,,,C,Y,N,D,1,0,0,0,22350.0,4,36.05154800415039,-119.03795623779295,4
2018,2018-11-16,1110,11,3,11,5,Y,A,N,A,H,A,D,22,,05,D,,,,,C,Y,N,D,1,0,0,0,21752.0,2,36.42898941040039,-119.32282257080078,3
2018,2018-11-17,801,11,3,8,6,N,A,Y,A,H,A,A,01,W,03,C,,,,,C,Y,N,D,2,0,0,0,22350.0,2,36.326953887939446,-119.30597686767578,3
2018,2018-11-18,1907,11,3,19,7,N,A,Y,A,H,D,A,01,S,08,D,,,,,C,Y,N,D,4,0,0,0,22107.0,2,36.10147857666016,-119.32293701171876,3
2018,2018-11-15,2056,11,3,20,4,N,A,Y,A,H,D,A,01,S,08,E,,,,,I,Y,N,D,1,0,0,0,22107.0,1,36.28062438964844,-119.37397003173828,4
2018,2018-11-16,600,11,3,6,5,N,A,Y,A,H,B,A,01,W,08,F,,,,,I,Y,N,D,1,0,0,0,22107.0,1,36.32695770263672,-119.30606842041016,4
2018,2018-11-22,1130,11,3,11,4,N,A,N,A,H,A,A,01,W,01,C,,,,,C,Y,N,A,5,0,0,0,23152.0,2,36.06586837768555,-119.14329528808594,4
2018,2018-11-13,740,11,3,7,2,N,A,Y,A,H,A,A,01,S,08,E,,,,,I,Y,N,D,1,0,0,0,22107.0,1,35.92751693725586,-119.28209686279295,4
2018,2018-11-27,650,11,3,6,2,Y,A,N,A,H,B,A,01,,12,D,,,,,D,Y,N,A,3,0,0,0,22450.0,2,35.84865188598633,-119.16120147705078,2
2018,2018-11-18,1400,11,3,14,7,Y,A,N,A,H,A,D,22,,12,D,,,,,C,Y,N,A,5,0,0,0,22450.0,2,36.50102996826172,-119.26862335205078,3
2018,2018-11-19,1805,11,3,18,1,Y,A,N,A,H,C,A,07,,09,A,,,,,C,Y,N,D,1,0,0,0,21801.0,2,36.24031066894531,-119.2605209350586,4
2018,2018-11-14,2058,11,3,20,3,N,A,Y,A,H,D,A,01,S,08,E,,,,,I,Y,N,D,1,0,0,0,22107.0,1,35.947166442871094,-119.28852081298828,4
2018,2018-11-24,2035,11,3,20,6,N,B,Y,A,H,C,A,01,E,03,A,,,,,C,Y,N,D,1,0,0,0,22350.0,2,36.32722473144531,-119.4369659423828,3
2018,2018-11-21,1630,11,3,16,3,N,A,Y,A,H,A,A,01,W,03,C,,,,,C,N,N,A,2,0,0,0,22350.0,2,36.210914611816406,-119.2607421875,4
2018,2018-11-21,910,11,3,9,3,Y,A,N,A,H,A,A,01,,09,D,,,,,C,Y,N,A,1,0,0,0,21802.0,2,35.819339752197266,-119.26815795898438,4
2018,2018-11-21,1956,11,3,19,3,N,B,Y,B,H,D,D,22,N,08,E,,,,,I,Y,N,D,1,0,0,0,22107.0,1,,,4
2018,2018-11-21,2150,11,3,21,3,N,C,N,B,H,D,D,22,E,08,E,,,,,I,Y,N,D,1,0,0,0,22107.0,1,36.54556274414063,-119.36365509033205,3
2018,2018-11-24,1918,11,3,19,6,Y,A,N,A,H,C,A,01,,08,F,,,,,A,Y,N,A,2,0,0,0,22107.0,1,,,2
2018,2018-11-28,1245,11,3,12,3,N,C,Y,B,H,A,A,07,N,03,C,,,,,C,N,N,D,1,0,0,0,22350.0,2,36.05877685546875,-119.03921508789062,4
2018,2018-10-28,242,10,3,2,7,N,B,Y,A,H,D,A,07,E,01,E,,,,,I,N,M,D,1,0,0,0,23152.0,2,36.32548141479492,-119.08754730224608,3
2018,2018-10-28,335,10,3,3,7,N,B,N,A,H,D,A,07,N,01,A,,,,,E,N,M,D,1,0,0,0,23152.0,2,36.302898406982415,-119.1175537109375,3
2018,2018-10-28,330,10,3,3,7,N,B,N,A,H,D,A,07,E,01,B,,,,,E,N,M,D,1,0,0,0,23152.0,2,36.30051803588867,-119.09618377685548,3
2018,2018-11-24,1810,11,3,18,6,N,B,Y,B,H,D,D,22,E,05,B,,,,,C,Y,N,D,3,0,0,0,21650.0,2,36.4759178161621,-118.8456802368164,4
2018,2018-11-18,330,11,3,3,7,N,A,Y,A,H,D,A,01,E,01,E,,,,,I,Y,N,D,1,0,0,0,23152.0,1,,,4
2018,2018-11-22,445,11,3,4,4,N,B,N,A,H,C,A,01,E,12,E,,,,,I,Y,N,A,1,0,0,0,22450.0,1,36.48693084716797,-119.30419921875,3
2018,2018-11-22,1537,11,3,15,4,N,B,Y,A,H,A,D,22,E,08,E,,,,,I,Y,N,D,1,0,0,0,22107.0,1,36.39105987548828,-118.94670867919922,4
2018,2018-11-21,1725,11,3,17,3,N,B,Y,A,H,D,A,01,W,05,A,,,,,C,Y,N,D,2,0,0,0,21650.0,2,36.21073913574219,-119.20771026611328,2
2018,2018-11-24,2055,11,3,20,6,N,B,N,A,H,D,A,01,N,01,F,,,,,A,Y,N,D,1,0,0,0,23152.0,1,36.26302337646485,-119.29647827148438,3
2018,2018-11-24,1935,11,3,19,6,Y,B,N,A,H,D,A,08,,01,E,,,,,I,Y,N,A,1,0,0,0,23152.0,1,36.488004,-119.402517,3
2018,2018-11-19,456,11,3,4,1,N,A,Y,A,H,D,D,22,N,08,C,,,,,C,Y,N,A,1,0,0,0,22107.0,2,36.3914909362793,-119.44818115234376,4
2018,2018-11-20,1645,11,3,16,2,Y,A,Y,A,H,B,C,02,,03,D,,,Y,,C,Y,N,D,2,0,0,2,22350.0,2,36.056400299072266,-118.9151611328125,2
2018,2018-11-25,1235,11,3,12,7,N,A,Y,A,H,A,A,01,N,03,C,,,,,C,Y,N,D,1,0,0,0,22350.0,3,36.12506866455078,-119.32479858398438,4
2018,2018-11-25,1540,11,3,15,7,Y,A,N,A,H,A,A,08,,12,D,,,,,C,Y,N,A,3,0,0,0,22450.0,2,36.022239685058594,-119.00863647460938,4
2018,2018-11-29,830,11,3,8,4,N,B,N,B,H,A,F,26,N,08,F,,,,Y,A,Y,N,D,2,0,0,0,22107.0,1,35.85463333129883,-119.06002807617188,4
2018,2018-11-30,735,11,3,7,5,N,B,N,B,H,A,D,22,N,08,E,,,,,I,Y,N,D,1,0,0,0,22107.0,1,36.09580993652344,-118.859130859375,4
2018,2018-11-30,1300,11,3,13,5,N,A,N,A,H,A,A,07,S,08,E,,,,,I,Y,N,D,1,0,0,0,22107.0,1,35.92232894897461,-119.1438217163086,4
2018,2018-11-24,1415,11,3,14,6,N,B,N,A,H,A,D,22,S,01,E,,,,,I,N,N,A,1,0,0,0,23152.0,1,,,3
2018,2018-11-29,1400,11,3,14,4,N,C,N,B,H,A,A,01,N,08,E,,,,,I,Y,N,D,1,0,0,0,22107.0,1,36.046245574951165,-118.85728454589844,4
2018,2018-11-28,530,11,3,5,3,N,B,Y,A,H,D,A,01,S,03,C,,,,Y,C,Y,N,D,3,0,0,0,22350.0,2,36.281784057617195,-119.37451934814452,3
2018,2018-11-24,1724,11,3,17,6,N,A,Y,A,H,A,A,07,S,08,E,,,,,I,Y,N,D,3,0,0,0,22107.0,1,35.85979461669922,-119.26868438720705,2
2018,2018-11-18,440,11,3,4,7,N,A,Y,A,H,C,A,01,N,01,E,,,,,I,Y,N,A,1,0,0,0,23152.0,1,36.618022918701165,-119.02996063232422,3
2018,2018-11-22,1329,11,3,13,4,N,A,Y,A,H,A,G,25,N,07,E,,,,Y,I,Y,N,D,1,0,0,0,21658.0,2,35.89509963989258,-119.27569580078124,3
2018,2018-11-18,1120,11,3,11,7,N,A,N,A,H,A,A,07,N,03,C,,,,,C,N,N,D,5,0,0,0,22350.0,2,36.46278381347656,-119.27752685546876,3
2018,2018-11-25,1730,11,3,17,7,N,A,N,A,H,D,E,22,S,09,D,,,,,C,Y,N,D,1,0,0,0,21801.0,2,36.3197135925293,-119.22466278076172,4
2018,2018-11-25,1221,11,3,12,7,N,B,Y,A,H,A,A,07,S,04,C,,,,,C,Y,N,D,2,0,0,0,21703.0,4,36.1424674987793,-119.32833099365234,4
2018,2018-11-11,227,11,3,2,7,Y,A,N,A,H,D,A,07,,01,E,,,,,I,Y,M,D,1,0,0,0,23152.0,3,36.27547004,-119.14516996,3
2018,2018-11-27,1445,11,3,14,2,N,A,N,A,H,A,A,01,S,08,E,,,,,I,Y,N,D,1,0,0,0,22107.0,1,36.27732467651367,-119.15411376953124,2
2018,2018-11-27,715,11,3,7,2,Y,E,N,A,H,A,A,01,,05,D,,,,Y,C,Y,N,D,1,0,0,0,21752.0,2,36.37091064453125,-119.3679428100586,4
2018,2018-11-23,2150,11,3,21,5,N,C,N,B,H,D,A,01,N,08,B,,,,,E,Y,N,D,1,0,0,0,22107.0,3,36.56496047973633,-119.41293334960938,4
2018,2018-11-29,745,11,3,7,4,N,B,Y,B,H,A,A,01,S,03,E,,,,,I,Y,N,D,1,0,0,0,22350.0,1,36.32779312133789,-119.40792846679688,4
2018,2018-09-13,2154,9,3,21,4,Y,A,Y,A,H,C,A,01,,01,D,,,,,C,Y,N,A,1,0,0,0,23152.0,2,36.39938354492188,-119.16941833496094,1
2018,2018-11-15,2055,11,3,20,4,N,B,Y,A,H,D,J,48,N,22,C,,,,,C,Y,N,D,2,0,0,0,,2,36.31685256958008,-119.39636993408205,4
2018,2018-11-25,1932,11,3,19,7,N,A,N,A,H,D,-,- ,W,18,H,,,,,H,Y,N,D,2,0,0,0,,1,36.0874137878418,-119.3075714111328,4
2018,2018-11-30,545,11,3,5,5,Y,C,N,B,H,C,A,01,,12,D,,,,,C,Y,N,A,1,0,0,0,22450.0,2,35.9859619140625,-119.00000762939452,4
2018,2018-10-28,1218,10,3,12,7,N,A,Y,A,H,A,C,02,E,03,F,,,Y,,A,Y,N,D,1,0,0,1,22350.0,1,36.208938598632805,-119.3283920288086,1
2018,2018-11-30,1456,11,3,14,5,N,B,Y,A,H,A,A,01,W,08,E,,,,,I,Y,N,D,1,0,0,0,22107.0,1,,,4
2018,2018-12-01,129,12,4,1,6,N,A,Y,A,H,D,A,01,E,08,F,,,,,A,Y,N,D,1,0,0,0,22107.0,1,36.3271598815918,-119.31690216064452,3
2018,2018-12-01,2205,12,4,22,6,N,B,Y,B,H,D,F,26,N,08,E,,,,Y,I,Y,N,D,1,0,0,0,22107.0,1,35.89842987060547,-119.277099609375,4
2020,2020-05-22,1329,5,1,13,5,Y,A,Y,A,H,A,-,,,09,D,,,,,C,Y,N,A,7,0,0,0,21801.0,2,36.051074981689446,-118.9958038330078,3
2018,2018-11-30,1453,11,3,14,5,N,B,N,A,H,A,A,01,W,08,D,,,Y,,C,N,N,D,1,0,0,1,22107.0,2,36.22416305541992,-119.10309600830078,3
2018,2018-11-22,1805,11,3,18,4,N,B,N,A,H,D,A,01,E,05,B,,,,,C,Y,N,D,1,0,0,0,21650.0,2,36.080326080322266,-119.1323471069336,4
2018,2018-12-04,1525,12,4,15,2,N,A,Y,A,H,A,D,22,S,08,E,,,,,I,Y,N,D,1,0,0,0,22107.0,1,36.43279647827149,-119.47503662109376,4
2018,2018-12-02,730,12,4,7,7,Y,E,N,B,H,A,D,22,,03,D,,,,,C,Y,N,A,3,0,0,0,22350.0,2,36.02222061,-119.01759338,3
2018,2018-12-08,449,12,4,4,6,N,E,Y,A,H,D,A,01,,03,E,,,,,I,Y,N,A,1,0,0,0,22350.0,1,36.3585205078125,-119.11624145507812,4
2018,2018-12-05,1330,12,4,13,3,N,A,Y,A,H,A,A,01,E,08,E,,,,,I,Y,N,D,3,0,0,0,22107.0,1,36.158485412597656,-118.72025299072266,3
2020,2020-05-11,1253,5,1,12,1,N,A,N,A,H,A,L,04,S,09,D,,Y,,,G,N,N,A,1,0,1,0,21804.0,2,36.35343933105469,-119.28910064697266,2
2018,2018-11-27,2000,11,3,20,2,N,A,Y,A,H,D,A,07,S,08,E,,,,,I,Y,N,D,3,0,0,0,22107.0,1,35.873077392578125,-119.27071380615234,3
2020,2020-05-05,730,5,1,7,2,Y,A,N,A,H,A,D,22,,01,C,,,,,C,N,N,A,1,0,0,0,23152.0,2,36.319950103759766,-119.2607421875,4
2020,2020-05-07,1155,5,1,11,4,N,A,N,A,H,A,D,22,W,05,D,,,,,D,Y,N,D,2,0,0,0,21650.0,2,,,4
2018,2018-12-01,1215,12,4,12,6,Y,A,N,A,B,A,E,22,,12,D,,,,,C,Y,N,A,3,0,0,0,22450.0,2,36.00756072998047,-119.39337158203124,3
2020,2020-05-06,1602,5,1,16,3,Y,A,N,A,H,A,A,07,,12,D,,,,,C,Y,N,A,1,0,0,0,21453.0,2,36.312870025634766,-119.28742980957033,4
2018,2018-12-04,1005,12,4,10,2,N,A,Y,A,H,A,A,01,N,05,B,,,,,C,Y,N,D,1,0,0,0,21650.0,2,36.38064956665039,-119.296875,4
2018,2018-12-07,1305,12,4,13,5,Y,A,N,A,H,A,A,01,,09,D,,,,,C,Y,N,A,1,0,0,0,21802.0,2,36.37097005,-119.27876995,3
2018,2018-12-02,2500,12,4,25,7,N,B,N,B,H,D,C,02,N,08,F,,,Y,,A,Y,N,D,1,0,0,1,22107.0,1,36.372520446777344,-119.27877044677734,2
2018,2018-12-01,1055,12,4,10,6,N,B,N,A,H,A,A,01,E,03,C,,,,,C,Y,N,D,2,0,0,0,22350.0,2,36.54560089111328,-119.35678100585938,3
2018,2018-12-06,2035,12,4,20,4,Y,B,N,A,H,C,A,01,,01,D,,,,,C,Y,N,A,1,0,0,0,23152.0,2,35.79949188232422,-119.10906219482422,2
2018,2018-11-23,1920,11,3,19,5,N,B,N,B,H,D,A,01,E,08,F,,,,,A,Y,N,D,2,0,0,0,22107.0,1,35.853965759277344,-118.75493621826172,3
2018,2018-12-06,1645,12,4,16,4,Y,B,N,B,H,D,D,22,,12,D,,,,,C,Y,N,A,2,0,0,0,22450.0,2,36.25421006,-119.20691994,2
2018,2018-12-10,810,12,4,8,1,N,B,Y,B,H,A,A,07,S,03,C,,,,,C,Y,N,A,2,0,0,0,22350.0,2,36.32247543334961,-119.13500213623048,4
2018,2018-12-11,1546,12,4,15,2,Y,A,N,A,H,A,A,01,,09,D,,,,,C,Y,N,A,1,0,0,0,21802.0,3,,,4
2018,2018-12-13,805,12,4,8,4,Y,B,N,A,H,A,A,08,,09,D,,,,,C,Y,N,A,1,0,0,0,21802.0,2,35.98600006103516,-119.00676727294922,4
2018,2018-12-05,921,12,4,9,3,N,B,Y,A,H,A,A,07,N,03,C,,,,Y,C,Y,N,D,1,0,0,0,22350.0,2,36.00709533691406,-119.48977661132812,2
2018,2018-12-10,1055,12,4,10,1,N,A,Y,A,H,A,A,01,S,07,B,,,,,C,Y,N,D,1,0,0,0,21658.0,2,36.33924102783203,-119.41795349121094,4
2018,2018-12-15,650,12,4,6,6,N,A,N,A,H,A,A,01,S,08,F,,,,,A,Y,N,D,1,0,0,0,22107.0,1,35.9918327331543,-119.10741424560548,3
2018,2018-12-14,915,12,4,9,5,N,B,N,A,H,A,A,01,N,08,B,,,,,C,Y,N,D,3,0,0,0,22107.0,3,36.04402542114258,-119.10747528076172,3
2018,2018-12-07,1350,12,4,13,5,Y,B,Y,A,H,A,D,22,,09,A,,,,,C,Y,N,A,2,0,0,0,21801.0,2,,,3
2018,2018-11-28,1035,11,3,10,3,Y,C,N,B,H,A,D,22,,12,E,,,,,I,Y,N,A,0,0,0,0,22450.0,1,,,1
2018,2018-12-16,2015,12,4,20,7,N,A,Y,A,D,D,-,- ,E,05,B,,,,,C,Y,N,D,1,0,0,0,21650.0,2,36.05118942260742,-119.10175323486328,4
2018,2018-12-07,1905,12,4,19,5,Y,A,N,A,H,C,D,22,,09,A,,,,,C,Y,N,A,1,0,0,0,21801.0,3,36.06584167480469,-119.05299377441406,4
2018,2018-11-28,1600,11,3,16,3,Y,B,N,B,H,B,L,04,,08,H,,Y,,,G,N,N,A,1,0,1,0,22107.0,2,36.14554977416992,-119.0583038330078,3
2018,2018-12-14,1715,12,4,17,5,N,B,N,A,H,D,A,01,N,01,C,,,,Y,C,Y,N,D,1,0,0,0,23152.0,2,36.15287399291992,-119.06501007080078,4
2018,2018-12-10,1615,12,4,16,1,N,B,Y,A,H,A,A,01,N,08,B,,,,Y,C,Y,N,D,1,0,0,0,22107.0,2,36.4930419921875,-119.52381134033205,3
2018,2018-10-11,1618,10,3,16,4,N,A,Y,A,H,A,D,22,S,08,E,,,,,I,Y,N,A,1,0,0,0,22107.0,1,36.143260955810554,-119.0712890625,1
2018,2018-12-12,842,12,4,8,3,N,A,N,A,H,A,C,02,S,03,F,,,Y,Y,A,Y,N,A,1,0,0,1,22350.0,2,36.49558639526367,-119.34049987792967,2
2018,2018-11-18,2500,11,3,25,7,N,A,Y,A,H,D,N,60,W,11,G,Y,,,,B,N,F,D,0,0,0,0,21954.0,2,36.210899353027344,-119.29373168945312,1
2018,2018-12-13,710,12,4,7,4,N,A,Y,A,H,A,-,99,N,03,C,,,,,C,N,F,D,1,0,0,0,22350.0,2,36.36204528808594,-119.42900848388672,4
2018,2018-12-13,518,12,4,5,4,N,A,Y,A,H,D,D,22,S,08,F,,,,,I,Y,N,D,1,0,0,0,22107.0,1,35.95454788208008,-119.29020690917967,4