ACCIDENT_YEAR,COLLISION_DATE,COLLISION_TIME,MONTH,SEASON,24HOURS,DAY_OF_WEEK,INTERSECTION,WEATHER_1,STATE_HWY_IND,ROAD_SURFACE,ROAD_COND_1,LIGHTING,STWD_VEHTYPE_AT_FAULT,CHP_VEHTYPE_AT_FAULT,DIRECTION,PCF_VIOL_CATEGORY,TYPE_OF_COLLISION,PEDESTRIAN_ACCIDENT,BICYCLE_ACCIDENT,MOTORCYCLE_ACCIDENT,TRUCK_ACCIDENT,MVIW,TOW_AWAY,HIT_AND_RUN,CONTROL_DEVICE,NUMBER_INJURED,COUNT_PED_INJURED,COUNT_BICYCLIST_INJURED,COUNT_MC_INJURED,PCF_VIOLATION,PARTY_COUNT,POINT_Y,POINT_X,COLLISION_SEVERITY
2020,2020-03-01,1350,3,1,13,7,Y,A,N,A,H,A,D,22,,09,D,,,,,C,Y,N,D,1,0,0,0,21800.0,2,35.96424865722656,-119.03594970703124,3
2020,2020-06-04,2131,6,2,21,4,Y,A,Y,A,H,C,A,08,,12,D,,,,,C,N,N,A,1,0,0,0,21453.0,2,36.21128082275391,-119.31314849853516,4
2020,2020-02-28,1907,2,4,19,5,N,A,N,A,H,C,A,01,E,03,C,,,,,C,N,N,D,1,0,0,0,22350.0,2,36.45491027832031,-119.48453521728516,4
2020,2020-03-03,1622,3,1,16,2,Y,A,N,A,H,A,A,01,,09,D,,,,,C,Y,N,A,2,0,0,0,21802.0,2,36.24005126953125,-119.38475799560548,4
2020,2020-02-27,425,2,4,4,4,N,A,Y,A,H,D,F,26,N,08,F,,,,Y,A,Y,N,D,1,0,0,0,22107.0,1,36.304786682128906,-119.3896942138672,3
2020,2020-03-06,1252,3,1,12,5,N,A,N,A,H,A,A,01,S,03,C,,,,,C,N,N,A,1,0,0,0,22350.0,2,,,4
2020,2020-02-28,845,2,4,8,5,Y,A,N,A,H,A,G,25,,03,D,,,,Y,C,Y,N,A,2,0,0,0,22350.0,2,36.39931869506836,-119.13533020019533,3
2020,2020-02-13,2100,2,4,21,4,N,A,N,A,H,D,-,- ,E,18,E,,,,,H,N,N,D,2,0,0,0,,1,35.96237564086914,-119.01097106933594,2
2020,2020-03-03,1535,3,1,15,2,Y,A,N,A,H,A,A,01,,03,D,,,,,C,Y,N,D,1,0,0,0,22350.0,2,36.26832962036133,-119.15415954589844,4
2020,2020-03-02,2059,3,1,20,1,N,A,N,A,H,D,A,01,E,08,E,,,,,I,Y,N,D,1,0,0,0,22107.0,1,36.253765106201165,-119.15406036376952,4
2020,2020-02-15,2040,2,4,20,6,N,A,N,A,H,D,A,01,S,01,C,,,,,C,Y,N,D,2,0,0,0,23152.0,3,,,2
2020,2020-03-02,1520,3,1,15,1,Y,A,N,A,H,A,A,01,,09,D,,,,,C,Y,N,A,1,0,0,0,21802.0,2,36.503379821777344,-119.54792785644533,4
2020,2020-03-06,1505,3,1,15,5,N,A,Y,A,H,A,A,01,N,03,C,,,,,C,Y,N,D,1,0,0,0,22350.0,2,35.96674346923828,-119.2910385131836,4
2020,2020-03-07,1339,3,1,13,6,N,A,N,A,H,A,D,22,N,03,F,,,,,A,Y,N,D,1,0,0,0,22350.0,1,36.23244857788086,-119.19927215576172,3
2020,2020-03-07,1612,3,1,16,6,N,A,N,A,H,A,A,01,E,01,E,,,,,I,Y,M,D,1,0,0,0,23152.0,1,36.253360748291016,-119.11498260498048,4
2020,2020-03-04,754,3,1,7,3,N,A,Y,A,H,A,A,01,E,03,C,,,,,C,Y,N,D,1,0,0,0,22350.0,4,36.326908111572266,-119.28733825683594,4
2020,2020-03-05,930,3,1,9,4,N,A,Y,A,H,A,A,01,E,08,E,,,,,I,Y,N,A,1,0,0,0,22107.0,1,36.32759475708008,-119.47464752197266,3
2020,2020-03-07,1400,3,1,14,6,N,B,N,A,H,A,A,07,E,08,F,,,,,I,Y,N,D,2,0,0,0,22107.0,1,36.39933395385742,-119.14556121826172,3
2020,2020-02-29,1340,2,4,13,6,N,A,Y,A,H,A,A,01,S,03,C,,,,,C,Y,N,A,5,0,0,0,22350.0,4,35.962303161621094,-119.05356597900392,4
2020,2020-03-07,1845,3,1,18,6,N,B,N,A,H,C,A,01,N,06,A,,,,,C,Y,N,D,1,0,0,0,21751.0,2,,,4
2020,2020-03-04,2340,3,1,23,3,N,A,Y,A,H,D,A,01,S,08,A,,,,,C,Y,N,D,1,0,0,0,22107.0,3,36.41423416137695,-119.46277618408205,4
2019,2019-10-08,1930,10,3,19,2,N,A,N,A,H,D,N,60,E,11,G,Y,,,,B,N,F,D,1,1,0,0,21954.0,2,36.38561248779297,-119.2781982421875,2
2020,2020-03-14,1630,3,1,16,6,N,B,N,A,H,A,N,60,E,11,G,Y,,Y,,B,N,F,D,1,1,0,0,21954.0,2,36.14461135864258,-119.13339996337892,3
2020,2020-03-05,305,3,1,3,4,N,A,Y,A,H,D,A,01,N,08,E,,,,,I,Y,N,D,1,0,0,0,22107.0,1,36.16246795654297,-119.33258056640624,4
2020,2020-03-09,1058,3,1,10,1,Y,A,Y,A,H,A,A,01,,03,B,,,,,C,Y,N,A,1,0,0,0,22350.0,2,36.2108268737793,-119.23345184326172,4
2020,2020-03-10,1838,3,1,18,2,N,C,N,B,H,A,A,01,W,05,A,,,,,C,Y,N,D,4,0,0,0,21460.0,2,36.2260856628418,-119.29353332519533,2
2020,2020-03-13,1120,3,1,11,5,N,B,Y,A,H,A,A,01,E,03,E,,,,,I,Y,N,D,2,0,0,0,22350.0,1,36.14373779296875,-118.76575469970705,3
2020,2020-03-12,2030,3,1,20,4,Y,A,N,A,H,C,D,22,,09,D,,,,,C,Y,N,A,1,0,0,0,21453.0,2,36.06584167480469,-119.05299377441406,4
2020,2020-03-09,1600,3,1,16,1,Y,A,Y,A,H,A,A,07,,09,D,,,,,C,Y,N,A,2,0,0,0,21802.0,2,36.370941162109375,-119.29698181152344,3
2020,2020-03-07,45,3,1,0,6,N,A,Y,A,H,D,A,01,S,08,F,,,,,I,Y,N,D,1,0,0,0,22107.0,1,,,3
2020,2020-03-06,1215,3,1,12,5,Y,A,N,A,H,A,A,01,,09,A,,,,Y,C,Y,N,D,2,0,0,0,21802.0,3,36.0511589050293,-119.3576431274414,2
2020,2020-03-14,1615,3,1,16,6,Y,B,N,A,H,A,D,22,,09,A,,,,Y,C,Y,N,D,7,0,0,0,21801.0,2,,,2
2020,2020-03-11,1813,3,1,18,3,Y,A,Y,A,H,A,A,01,,09,D,,,,,C,Y,N,A,2,0,0,0,21801.0,2,36.255001068115234,-119.31307983398438,3
2020,2020-03-14,1758,3,1,17,6,N,A,Y,A,H,A,-,- ,N,08,D,,,,Y,C,Y,N,D,2,0,0,0,22107.0,2,35.92609024047852,-119.28192138671876,3
2020,2020-07-03,1054,7,2,10,5,Y,A,N,A,H,A,-,,,12,D,,,,,C,Y,N,D,4,0,0,0,22450.0,2,36.20690155029297,-119.10012817382812,4
2020,2020-03-10,310,3,1,3,2,Y,A,N,A,H,C,A,01,,09,D,,,,,C,Y,F,A,1,0,0,0,21802.0,2,,,3
2020,2020-03-11,745,3,1,7,3,Y,B,Y,A,H,A,A,01,,09,E,,,,,I,Y,N,A,1,0,0,0,21802.0,2,,,4
2020,2020-03-14,1120,3,1,11,6,Y,A,N,A,H,A,D,22,,09,D,,,,,C,Y,N,A,1,0,0,0,21802.0,2,36.16735076904297,-119.23287200927734,4
2019,2019-10-17,1320,10,3,13,4,Y,A,N,A,H,A,A,01,,12,D,,,,Y,C,Y,N,A,1,0,0,0,22450.0,2,36.21083068847656,-119.49295043945312,1
2019,2019-12-26,605,12,4,6,4,N,B,N,B,H,D,A,07,W,01,A,,,,,C,Y,N,D,5,0,0,0,23152.0,2,36.48715972900391,-119.33360290527344,1
2020,2020-03-14,2140,3,1,21,6,N,A,N,A,H,D,A,01,E,01,B,,,,,C,Y,F,D,2,0,0,0,23152.0,3,36.14551162719727,-119.1262664794922,3
2020,2020-03-11,2325,3,1,23,3,N,B,N,B,H,D,-,- ,N,18,D,,,,,C,Y,F,D,1,0,0,0,,2,,,3
2020,2020-03-17,1253,3,1,12,2,N,A,Y,A,H,A,A,01,W,03,C,,,,,C,Y,N,A,1,0,0,0,22350.0,2,36.210784912109375,-119.15457916259766,3
2020,2020-03-14,1313,3,1,13,6,Y,B,Y,A,H,A,A,07,,01,C,,,,,C,Y,N,A,1,0,0,0,23152.0,2,36.32612991333008,-119.1352996826172,4
2020,2020-03-13,742,3,1,7,5,Y,B,N,A,H,A,A,01,,12,D,,,,,C,Y,N,A,3,0,0,0,22450.0,2,36.312870025634766,-119.2896728515625,3
2020,2020-06-12,1656,6,2,16,5,Y,A,N,A,H,A,-,,,- ,C,,,,,C,Y,N,A,1,0,0,0,,2,36.06597900390625,-119.0351791381836,4
2020,2020-03-18,1810,3,1,18,3,N,A,Y,A,H,A,A,01,S,08,D,,,,,C,Y,N,D,1,0,0,0,22107.0,2,36.297760009765625,-119.3844757080078,4
2020,2020-06-26,2131,6,2,21,5,N,A,N,A,H,C,-,,S,01,C,,,,,C,Y,N,A,1,0,0,0,23152.0,2,36.051151275634766,-119.00820922851562,4
2020,2020-03-18,2335,3,1,23,3,Y,A,N,A,H,D,A,01,,03,E,,,,,J,Y,N,A,1,0,0,0,22350.0,1,36.253921508789055,-119.172119140625,3
2020,2020-03-17,2000,3,1,20,2,N,A,N,A,H,C,A,01,S,01,C,,,,,E,Y,N,D,1,0,0,0,23152.0,3,36.49456024169922,-119.33950042724608,3
2019,2019-10-24,435,10,3,4,4,N,A,N,A,H,D,A,01,S,01,A,,,,Y,C,Y,N,D,0,0,0,0,23152.0,2,36.27936935424805,-119.34928131103516,1
2020,2020-03-19,815,3,1,8,4,N,B,Y,B,H,A,A,01,S,08,D,,,,,C,Y,N,D,1,0,0,0,22107.0,2,36.25918960571289,-119.35944366455078,4
2020,2020-03-20,630,3,1,6,5,N,A,Y,A,H,A,A,07,,03,C,,,,,C,Y,N,D,1,0,0,0,22350.0,2,35.83366775512695,-119.37017059326172,3
2020,2020-03-20,2025,3,1,20,5,N,A,N,A,H,D,A,07,E,08,E,,,,,I,Y,N,D,1,0,0,0,22107.0,1,,,4
2020,2020-02-22,1905,2,4,19,6,Y,A,Y,A,H,D,A,01,,12,D,,,,,C,Y,N,A,3,0,0,0,22450.0,2,36.05128860473633,-119.30388641357422,1
2020,2020-03-21,255,3,1,2,6,N,B,Y,B,H,D,D,22,S,01,F,,,,,A,Y,N,D,2,0,0,0,23152.0,1,35.960182189941406,-119.2909927368164,3
2020,2020-03-21,800,3,1,8,6,N,A,Y,A,H,A,D,22,S,08,F,,,,,A,Y,N,D,2,0,0,0,22107.0,1,35.96035385131836,-119.29095458984376,3
2020,2020-03-22,1651,3,1,16,7,N,A,Y,A,H,A,-,- ,N,18,E,,,,,J,Y,N,A,1,0,0,0,,1,35.84745788574219,-119.26552581787108,3
2020,2020-03-22,1000,3,1,10,7,N,A,N,A,H,A,A,07,N,08,E,,,,,I,Y,N,D,2,0,0,0,22107.0,1,36.24802017211913,-119.3310089111328,3
2020,2020-03-19,1545,3,1,15,4,N,C,Y,B,F,A,D,22,S,03,F,,,,,A,Y,N,D,1,0,0,0,22350.0,1,36.196147918701165,-119.32866668701172,3
2020,2020-03-22,2220,3,1,22,7,N,B,Y,B,H,D,A,01,N,03,C,,,,,C,Y,N,D,1,0,0,0,22350.0,2,35.82190704345703,-119.25846099853516,3
2020,2020-03-22,1622,3,1,16,7,N,A,N,A,H,A,C,02,S,08,F,,,Y,,A,Y,N,D,1,0,0,1,22107.0,1,,,2
2020,2020-03-19,1335,3,1,13,4,N,B,N,A,H,A,A,01,S,01,E,,,,,I,Y,M,D,1,0,0,0,23152.0,1,,,3
2020,2020-03-19,1640,3,1,16,4,N,B,Y,B,H,A,D,22,E,03,E,,,,,I,Y,N,D,1,0,0,0,22350.0,1,36.32671737670898,-119.2703094482422,2
2020,2020-03-31,1822,3,1,18,2,N,A,N,A,D,A,D,22,E,01,F,,,,,A,Y,N,D,2,0,0,0,23152.0,1,36.32674026489258,-119.34797668457033,3
2019,2019-10-06,510,10,3,5,7,Y,A,Y,A,H,D,A,01,,01,A,,,,Y,C,Y,N,A,1,0,0,0,23152.0,2,35.891414642333984,-119.40538024902344,1
2020,2020-03-22,2117,3,1,21,7,N,C,N,B,H,D,D,22,S,01,C,,,,,C,Y,N,D,5,0,0,0,23152.0,2,,,3
2020,2020-03-27,1310,3,1,13,5,N,A,Y,A,D,A,A,08,N,08,F,,,,,I,Y,N,A,1,0,0,0,22107.0,1,35.8998908996582,-119.27777862548828,4
2020,2020-03-30,325,3,1,3,1,N,A,Y,A,H,D,D,22,E,01,F,,,,,A,Y,N,D,1,0,0,0,23152.0,1,36.327739715576165,-119.40353393554688,3
2020,2020-03-14,424,3,1,4,6,N,B,N,A,H,D,A,01,E,01,E,,,,,J,Y,N,A,0,0,0,0,23152.0,1,,,1
2020,2020-04-01,20,4,1,0,3,N,A,N,A,H,D,A,01,S,01,E,,,,,I,Y,N,A,2,0,0,0,23152.0,1,36.55166244506836,-119.26851654052734,3
2020,2020-01-18,149,1,4,1,6,N,E,N,A,H,D,N,60,S,11,G,Y,,,,B,N,N,D,0,0,0,0,21954.0,2,35.93498229980469,-119.28603363037108,1
2020,2020-03-27,1625,3,1,16,5,N,A,Y,A,B,A,D,22,W,03,C,,,,,C,N,N,D,1,0,0,0,22350.0,2,36.3271713256836,-119.3772430419922,4
2020,2020-03-31,550,3,1,5,2,Y,A,N,A,H,B,A,01,,12,F,,,,,A,Y,N,A,1,0,0,0,22450.0,1,36.09785842895508,-119.50955200195312,3
2020,2020-03-31,1951,3,1,19,2,N,A,N,A,H,D,C,02,N,03,E,,,Y,,I,Y,N,D,1,0,0,1,22350.0,1,,,2
2020,2020-03-31,1630,3,1,16,2,N,A,N,A,H,A,E,22,E,08,F,,,,,A,Y,N,D,2,0,0,0,22107.0,1,,,3
2020,2020-04-06,1440,4,1,14,1,N,A,N,A,H,A,A,01,W,08,E,,,,,I,Y,N,D,1,0,0,0,22107.0,1,36.06214904785156,-118.9877471923828,4
2020,2020-04-04,1340,4,1,13,6,Y,A,N,A,H,A,A,01,,12,D,,,,,C,Y,N,A,2,0,0,0,22450.0,2,36.16725158691406,-119.05435180664062,3
2020,2020-04-05,2020,4,1,20,7,N,C,Y,B,H,D,D,22,N,03,E,,,,,I,Y,N,D,1,0,0,0,22350.0,1,36.257659912109375,-119.13632202148438,4
2020,2020-04-01,2100,4,1,21,3,N,A,N,A,H,D,A,01,N,01,C,,,,,E,Y,N,D,1,0,0,0,23152.0,2,35.804840087890625,-119.28603363037108,3
2020,2020-04-05,25,4,1,0,7,N,B,Y,A,H,D,N,60,,11,G,Y,,,,B,N,N,D,1,1,0,0,21954.0,2,36.32695007324219,-119.30518341064452,2
2020,2020-04-07,18,4,1,0,2,N,B,Y,A,H,C,A,01,N,03,C,,,,Y,C,Y,N,D,1,0,0,0,22350.0,2,,,3
2020,2020-04-09,425,4,1,4,4,N,C,Y,B,H,D,A,01,N,03,E,,,,,I,Y,N,D,1,0,0,0,22350.0,1,,,3
2020,2020-03-31,1900,3,1,19,2,N,A,N,A,H,A,A,01,S,08,E,,,,,I,Y,N,A,4,0,0,0,22107.0,1,36.19585800170898,-119.10061645507812,4
2020,2020-04-04,540,4,1,5,6,N,A,Y,A,H,B,A,01,N,08,F,,,,,I,Y,N,D,1,0,0,0,22107.0,1,35.80072784423828,-119.35881042480467,2
2020,2020-04-08,2234,4,1,22,3,N,C,Y,B,H,C,A,07,S,03,C,,,,,C,Y,N,D,2,0,0,0,22350.0,2,36.079586029052734,-119.03949737548828,3
2020,2020-04-07,630,4,1,6,2,N,A,N,A,H,B,A,01,W,09,D,,,,,C,Y,N,D,1,0,0,0,21801.0,2,36.43018341064453,-119.49974060058594,2
2020,2020-04-08,1945,4,1,19,3,N,A,Y,A,H,D,D,22,S,01,C,,,,Y,C,Y,N,D,1,0,0,0,23152.0,2,36.43268966674805,-119.47496795654295,3
2020,2020-04-03,1838,4,1,18,5,Y,A,Y,A,H,A,A,01,,09,D,,,,Y,C,Y,N,A,4,0,0,0,21453.0,2,35.96242141723633,-119.05364990234376,2
2020,2020-04-10,1350,4,1,13,5,Y,A,N,A,H,A,A,08,,12,B,,,,,C,Y,N,A,2,0,0,0,22450.0,3,36.1237907409668,-119.32185363769533,4
2020,2020-04-14,1955,4,1,19,2,N,A,N,A,H,D,D,22,S,08,F,,,,,A,Y,N,D,1,0,0,0,22107.0,1,,,4
2020,2020-04-01,750,4,1,7,3,N,A,Y,A,H,A,G,25,S,08,F,,,,Y,A,Y,N,D,2,0,0,0,22107.0,1,35.81520080566406,-119.25838470458984,3
2020,2020-03-24,1713,3,1,17,2,N,B,N,A,H,A,A,01,S,03,B,,,,,C,Y,N,A,5,0,0,0,22350.0,2,36.05223083496094,-119.1430892944336,2
2020,2020-04-09,1008,4,1,10,4,N,B,N,B,H,A,J,48,W,22,C,,,,,C,N,N,D,1,0,0,0,,2,36.09468460083008,-119.20294952392578,4
2020,2020-04-12,1835,4,1,18,7,N,A,N,A,H,A,A,01,E,01,E,,,,,I,Y,N,D,1,0,0,0,23152.0,1,36.53826141357422,-119.35676574707033,2
2020,2020-04-16,1705,4,1,17,4,N,A,N,A,H,A,A,01,S,03,C,,,,,C,Y,N,A,1,0,0,0,22350.0,2,36.239990234375,-119.26051330566406,4
2020,2020-04-15,1630,4,1,16,3,Y,A,N,A,D,A,F,26,,09,D,,,,Y,C,Y,N,A,3,0,0,0,21802.0,2,36.02228927612305,-119.10746002197266,3
2020,2020-04-13,2207,4,1,22,1,N,A,N,A,D,D,A,01,E,08,E,,,,,I,Y,N,A,1,0,0,0,22107.0,1,,,4
2020,2020-04-14,1230,4,1,12,2,N,A,Y,A,H,A,A,01,N,08,E,,,,,I,Y,N,D,1,0,0,0,22107.0,1,36.4725456237793,-119.12210083007812,4
2020,2020-04-11,1500,4,1,15,6,N,A,Y,A,H,A,A,01,W,05,D,,,,,C,Y,N,D,1,0,0,0,21752.0,2,36.20347595214844,-119.42125701904295,3
2020,2020-04-20,1602,4,1,16,1,Y,A,N,A,H,A,D,22,,12,D,,,,,C,Y,N,A,2,0,0,0,22450.0,2,35.949729919433594,-119.25936889648438,3
2020,2020-04-19,1419,4,1,14,7,N,A,N,A,H,A,A,01,S,01,E,,,,,I,Y,N,D,1,0,0,0,23152.0,1,35.857791900634766,-119.25035858154295,3
2020,2020-04-21,803,4,1,8,2,Y,B,N,A,H,A,A,07,,09,D,,,,,C,Y,N,A,1,0,0,0,21802.0,2,36.55939865112305,-119.30500793457033,4
2020,2020-04-21,1733,4,1,17,2,N,A,Y,A,H,A,A,01,S,08,F,,,,,A,Y,N,D,1,0,0,0,22107.0,1,,,2
2020,2020-04-23,1435,4,1,14,4,N,A,N,A,E,A,-,- ,W,08,B,,,,Y,C,N,N,D,1,0,0,0,22107.0,2,36.254902,-119.316587,4
2020,2020-04-17,1635,4,1,16,5,N,A,N,A,H,A,F,26,N,08,F,,,,Y,A,N,N,D,1,0,0,0,22107.0,1,36.49550628662109,-119.4307098388672,3
2020,2020-04-23,1730,4,1,17,4,N,A,N,A,H,A,A,07,S,08,E,,,,,I,Y,N,D,3,0,0,0,22107.0,1,36.138710021972656,-118.95559692382812,3
2020,2020-04-22,750,4,1,7,3,N,A,N,A,H,A,A,07,W,01,D,,,,,C,Y,N,D,1,0,0,0,23152.0,2,35.89118957519531,-119.4249267578125,3
2020,2020-04-24,2101,4,1,21,5,Y,A,Y,A,H,D,A,01,,03,C,,,,,C,Y,N,D,1,0,0,0,22350.0,2,,,4
2020,2020-04-24,2300,4,1,23,5,N,A,N,A,H,D,A,01,E,01,E,,,,,I,Y,N,D,1,0,0,0,23152.0,1,,,3
2020,2020-03-08,2035,3,1,20,7,N,A,N,A,H,C,N,60,S,11,G,Y,,,,B,N,F,D,0,0,0,0,21954.0,2,36.54146957397461,-119.2958755493164,1
2020,2020-04-18,520,4,1,5,6,N,C,Y,B,H,B,G,25,N,08,E,,,,Y,I,Y,N,D,1,0,0,0,22107.0,1,35.92829895019531,-119.28225708007812,3
2020,2020-04-23,2027,4,1,20,4,N,A,N,A,H,D,D,22,W,08,G,Y,,,,B,N,F,D,1,1,0,0,22107.0,2,36.05846405029297,-119.00137329101562,2
2020,2020-04-20,117,4,1,1,1,N,A,Y,A,H,D,A,01,N,01,F,,,,,A,Y,N,D,1,0,0,0,23152.0,1,36.05323028564453,-119.03816986083984,3
2020,2020-04-27,1502,4,1,15,1,Y,A,N,A,H,A,A,07,,09,D,,,,,C,Y,N,A,2,0,0,0,21802.0,2,36.15279006958008,-119.06289672851562,4
2020,2020-04-20,720,4,1,7,1,N,A,N,A,H,A,G,25,S,21,C,,,,Y,C,N,N,A,2,0,0,0,22106.0,2,,,4
2020,2020-04-23,2225,4,1,22,4,N,A,Y,A,H,D,A,01,N,08,C,,,,,C,Y,M,D,1,0,0,0,22107.0,2,36.46933364868164,-119.49952697753906,3
2020,2020-04-22,1305,4,1,13,3,Y,A,N,A,H,A,A,08,,09,D,,,,,C,Y,N,A,1,0,0,0,21802.0,2,35.993309020996094,-119.07137298583984,3
2020,2020-04-29,1530,4,1,15,3,N,B,N,A,H,A,D,22,W,03,E,,,,,I,Y,N,D,1,0,0,0,22350.0,1,,,4
2020,2020-04-29,1200,4,1,12,3,Y,A,N,A,H,A,A,07,,09,D,,,,,C,Y,N,A,2,0,0,0,21802.0,2,36.50286865234375,-119.46682739257812,4
2020,2020-04-19,1650,4,1,16,7,N,A,Y,A,H,A,A,07,S,08,E,,,,,I,Y,N,D,3,0,0,0,22107.0,1,35.87324905395508,-119.27046966552734,3
2020,2020-04-23,1448,4,1,14,4,N,A,Y,A,H,A,A,07,N,07,B,,,,,C,N,N,D,1,0,0,0,21658.0,2,36.244495391845696,-119.34889221191406,4
2020,2020-04-15,1620,4,1,16,3,Y,A,N,A,H,A,A,01,,12,D,,,,,C,Y,N,A,1,0,0,0,22450.0,2,36.32806015014648,-119.20915222167967,4
2020,2020-04-29,540,4,1,5,3,N,A,N,A,H,A,G,25,S,09,D,,,,Y,C,Y,N,A,1,0,0,0,21453.0,2,,,3
2020,2020-04-29,2045,4,1,20,3,N,A,Y,A,H,D,A,07,N,01,F,,,,,A,Y,N,D,2,0,0,0,23152.0,1,35.792320251464844,-119.25233459472656,2
2020,2020-04-28,1449,4,1,14,2,N,A,Y,A,H,A,D,22,S,03,C,,,,,C,N,N,A,1,0,0,0,22350.0,2,,,4
2020,2020-04-15,745,4,1,7,3,N,A,N,A,H,A,C,02,E,08,E,,,Y,,I,Y,N,D,0,0,0,0,22107.0,1,36.28538513183594,-119.27672576904295,1
2020,2020-04-25,1952,4,1,19,6,N,A,N,A,H,B,A,07,W,01,E,,,,,I,Y,N,D,1,0,0,0,23152.0,2,35.88323974609375,-119.27824401855467,4
2020,2020-04-24,2200,4,1,22,5,N,A,N,A,H,D,D,22,S,01,E,,,,,I,Y,N,D,1,0,0,0,23152.0,1,,,2
2020,2020-04-25,1805,4,1,18,6,N,A,N,A,H,A,F,27,W,09,E,,,,Y,I,Y,N,D,1,0,0,0,21804.0,2,35.93513870239258,-119.0361099243164,4
2020,2020-04-26,1746,4,1,17,7,N,A,Y,A,H,A,D,22,W,01,E,,,,,I,Y,N,D,2,0,0,0,23152.0,1,,,3
2020,2020-04-30,1428,4,1,14,4,Y,A,N,A,H,A,A,01,,12,D,,,,,C,Y,N,A,3,0,0,0,22450.0,2,36.39933013916016,-119.15273284912108,2
2020,2020-05-01,1107,5,1,11,5,N,A,Y,A,D,A,D,22,S,03,C,,,,,C,Y,N,D,1,0,0,0,22350.0,2,36.23971557617188,-119.34511566162108,4
2020,2020-04-24,1855,4,1,18,5,Y,A,N,A,H,A,A,01,,09,D,,,,,C,Y,N,A,2,0,0,0,21802.0,2,36.16006088256836,-119.06310272216795,4
2020,2020-05-01,1635,5,1,16,5,N,A,N,A,H,A,A,01,S,06,B,,,,,C,Y,N,D,1,0,0,0,21751.0,2,36.17831802368164,-119.3086395263672,4
2020,2020-05-02,1820,5,1,18,6,N,A,Y,A,H,A,D,22,N,08,E,,,,,I,N,N,D,1,0,0,0,22107.0,1,36.053199768066406,-119.04067230224608,4
2020,2020-05-02,1039,5,1,10,6,N,A,N,A,H,A,D,22,S,05,D,,,,,C,Y,N,A,1,0,0,0,21460.0,2,36.22127151489258,-119.11846923828124,3
2020,2020-04-06,2220,4,1,22,1,N,B,N,A,H,D,L,04,W,05,H,,Y,,,G,N,N,D,0,0,0,0,21202.0,2,36.13829040527344,-119.1272430419922,1
2020,2020-04-28,945,4,1,9,2,N,A,Y,A,H,A,C,06,N,08,A,,,Y,,I,Y,N,D,1,0,0,1,22107.0,1,36.381874084472656,-119.2968292236328,3
2020,2020-04-27,805,4,1,8,1,Y,A,N,A,H,A,D,22,,12,D,,,,Y,C,Y,N,A,1,0,0,0,22450.0,3,36.12361907958984,-119.42899322509766,4
2020,2020-05-03,1705,5,1,17,7,N,A,N,A,H,A,A,01,N,08,H,,,,,H,Y,N,D,1,0,0,0,22107.0,1,35.807964324951165,-119.25025177001952,4
2020,2020-05-04,1812,5,1,18,1,Y,A,N,A,H,A,D,22,,12,D,,,,,C,Y,N,A,1,0,0,0,21453.0,2,36.35165023803711,-119.42401885986328,4
2020,2020-05-06,1646,5,1,16,3,Y,A,N,A,H,A,A,01,,09,D,,,,,C,Y,N,A,1,0,0,0,21802.0,2,36.42898941040039,-119.32282257080078,4
2020,2020-04-23,1440,4,1,14,4,Y,A,N,A,H,A,F,26,,12,D,,,,Y,C,Y,N,A,3,0,0,0,22450.0,3,36.12356948852539,-119.05390167236328,4
2020,2020-05-02,1115,5,1,11,6,N,A,N,A,E,A,C,06,N,05,A,,,Y,,C,N,N,D,2,0,0,2,21650.0,2,,,4
2020,2020-05-04,1625,5,1,16,1,Y,A,N,A,H,A,A,07,,03,C,,,,,C,N,N,D,1,0,0,0,22350.0,2,35.98600006103516,-119.01791381835938,4
2020,2020-05-05,1212,5,1,12,2,Y,A,N,A,H,A,A,01,,09,D,,,,,C,Y,N,A,2,0,0,0,21802.0,2,36.167179107666016,-119.0903778076172,4
2020,2020-04-30,1155,4,1,11,4,N,A,N,A,H,A,A,01,E,03,C,,,,,C,N,N,A,1,0,0,0,22350.0,2,,,4
2020,2020-05-06,2110,5,1,21,3,Y,A,Y,A,H,D,A,01,,05,D,,,,Y,C,Y,N,D,1,0,0,0,21752.0,2,36.05120849609375,-119.19647979736328,4
2020,2020-06-26,1731,6,2,17,5,Y,A,N,A,H,A,A,01,,09,D,,,,,C,Y,N,D,3,0,0,0,21800.0,2,36.20220947265625,-119.35633850097656,4
2020,2020-05-03,125,5,1,1,7,N,A,Y,A,H,D,A,01,N,08,F,,,,,A,Y,N,D,4,0,0,0,22107.0,1,36.46370697021485,-119.4953842163086,2
2020,2020-05-07,855,5,1,8,4,N,A,N,A,H,A,A,08,E,03,C,,,,,C,N,N,A,1,0,0,0,22350.0,2,36.05946350097656,-118.99958038330078,4
2020,2020-05-08,1625,5,1,16,5,N,A,Y,A,H,A,A,07,S,03,C,,,,,C,Y,N,A,1,0,0,0,22350.0,2,36.48583984375,-119.28753662109376,4