ACCIDENT_YEAR,COLLISION_DATE,COLLISION_TIME,MONTH,SEASON,24HOURS,DAY_OF_WEEK,INTERSECTION,WEATHER_1,STATE_HWY_IND,ROAD_SURFACE,ROAD_COND_1,LIGHTING,STWD_VEHTYPE_AT_FAULT,CHP_VEHTYPE_AT_FAULT,DIRECTION,PCF_VIOL_CATEGORY,TYPE_OF_COLLISION,PEDESTRIAN_ACCIDENT,BICYCLE_ACCIDENT,MOTORCYCLE_ACCIDENT,TRUCK_ACCIDENT,MVIW,TOW_AWAY,HIT_AND_RUN,CONTROL_DEVICE,NUMBER_INJURED,COUNT_PED_INJURED,COUNT_BICYCLIST_INJURED,COUNT_MC_INJURED,PCF_VIOLATION,PARTY_COUNT,POINT_Y,POINT_X,COLLISION_SEVERITY
2020,2020-07-04,1640,7,2,16,6,N,A,N,A,H,A,C,02,E,08,F,,,Y,,A,Y,N,D,1,0,0,1,22107.0,1,,,2
2020,2020-07-03,630,7,2,6,5,N,A,Y,A,H,A,A,07,E,08,E,,,,,I,Y,N,D,1,0,0,0,22107.0,1,36.3272705078125,-119.31800079345705,4
2020,2020-06-24,1130,6,2,11,3,Y,A,N,A,H,A,D,22,,12,D,,,,,C,Y,N,A,1,0,0,0,22450.0,2,36.22164916992188,-119.07379150390624,4
2020,2020-07-09,320,7,2,3,4,N,A,Y,A,H,D,A,01,W,08,E,,,,,I,Y,N,D,1,0,0,0,22107.0,1,36.40994644165039,-119.14757537841795,3
2020,2020-07-08,1830,7,2,18,3,Y,A,N,A,H,A,A,01,,12,D,,,,,C,Y,N,A,2,0,0,0,22450.0,2,,,4
2020,2020-06-27,158,6,2,1,6,N,A,Y,A,H,D,A,01,N,08,B,,,,Y,C,Y,N,D,1,0,0,0,22107.0,2,35.80224609375,-119.2553482055664,4
2020,2020-07-05,1749,7,2,17,7,N,A,Y,A,H,A,C,02,S,01,C,,,Y,,C,Y,N,D,1,0,0,1,23152.0,2,36.20509719848633,-119.32845306396484,3
2020,2020-07-04,105,7,2,1,6,N,A,N,A,H,D,A,01,W,01,E,,,,,I,Y,N,D,0,0,0,0,23152.0,1,,,1
2020,2020-07-08,955,7,2,9,3,N,A,N,A,H,A,A,01,S,08,E,,,,,I,Y,N,D,1,0,0,0,22107.0,1,36.108448028564446,-119.0711669921875,3
2020,2020-07-13,555,7,2,5,1,Y,A,N,A,H,A,A,01,,09,D,,,,,C,N,N,A,1,0,0,0,21802.0,2,36.34904098510742,-119.4573974609375,4
2020,2020-07-09,2115,7,2,21,4,N,A,Y,A,H,D,A,08,N,08,F,,,,,A,Y,N,D,1,0,0,0,22107.0,1,36.073387145996094,-119.0395050048828,3
2020,2020-07-03,1515,7,2,15,5,N,A,Y,A,H,A,A,01,N,03,C,,,,,C,N,N,D,1,0,0,0,22350.0,2,35.83944320678711,-119.26235961914062,4
2020,2020-07-15,545,7,2,5,3,N,A,Y,A,H,B,A,07,S,03,C,,,,,C,Y,N,A,1,0,0,0,22350.0,2,36.507450103759766,-119.54801177978516,4
2020,2020-07-11,1025,7,2,10,6,N,A,N,A,H,A,A,01,S,08,E,,,,,I,Y,N,D,2,0,0,0,22107.0,1,36.106353759765625,-119.14301300048828,2
2020,2020-07-16,30,7,2,0,4,N,A,Y,A,H,D,D,22,W,08,G,Y,,,,B,N,F,D,1,1,0,0,22107.0,2,36.04417037963867,-118.95238494873048,4
2020,2020-07-12,1810,7,2,18,7,N,A,N,A,H,A,D,22,S,08,B,,Y,,,G,N,M,D,1,0,1,0,22107.0,2,36.09562301635742,-119.00877380371094,4
2020,2020-07-13,1150,7,2,11,1,Y,A,Y,A,H,A,A,07,,09,A,,,,,C,N,N,D,2,0,0,0,21801.0,2,36.18435287475586,-119.09229278564452,4
2020,2020-07-05,2000,7,2,20,7,N,A,N,A,H,A,D,22,E,01,E,,,,,I,Y,N,D,4,0,0,0,23152.0,1,35.99338150024414,-119.12541961669922,3
2020,2020-07-16,505,7,2,5,4,N,A,N,A,H,D,D,22,W,08,E,,,,,I,Y,N,D,1,0,0,0,22107.0,1,35.834083557128906,-119.20102691650392,4
2020,2020-07-16,2045,7,2,20,4,N,A,Y,A,H,D,D,22,S,08,F,,,,,A,Y,N,A,1,0,0,0,22107.0,1,36.324520111083984,-119.40268707275392,4
2020,2020-07-10,100,7,2,1,5,N,A,Y,A,H,D,A,07,N,01,E,,,,,J,Y,N,D,1,0,0,0,23152.0,1,36.59516143798828,-119.2871322631836,4
2020,2020-07-17,1456,7,2,14,5,N,A,N,A,H,A,A,07,S,08,E,,,,,I,Y,N,D,1,0,0,0,22107.0,1,36.508346557617195,-119.38579559326172,4
2020,2020-07-21,430,7,2,4,2,N,A,N,A,H,C,-,,N,05,A,,,,,E,Y,M,D,1,0,0,0,21650.0,2,36.05198287963867,-118.99262237548828,4
2020,2020-07-17,1122,7,2,11,5,Y,A,N,A,H,A,-,,,12,D,,,,,C,Y,N,A,5,0,0,0,21453.0,4,36.065799713134766,-119.07086944580078,3
2020,2020-07-21,1040,7,2,10,2,Y,A,N,A,H,A,D,22,,09,D,,,,Y,C,Y,N,A,1,0,0,0,21802.0,2,35.8774299621582,-119.19711303710938,4
2020,2020-07-04,1958,7,2,19,6,N,A,Y,A,H,A,A,07,N,08,A,,,,,C,Y,N,D,2,0,0,0,22107.0,2,36.156227111816406,-119.07750701904295,1
2020,2020-07-13,2215,7,2,22,1,N,A,Y,A,H,D,A,01,W,03,A,,,,,C,Y,N,A,1,0,0,0,22350.0,2,36.15039443969727,-119.49320220947266,3
2020,2020-07-15,1748,7,2,17,3,N,A,Y,A,H,A,A,07,E,03,C,,,,,C,Y,N,D,3,0,0,0,22350.0,2,36.327415466308594,-119.4562530517578,2
2020,2020-07-15,1425,7,2,14,3,N,A,N,A,H,A,M,46,E,08,D,,,,,C,Y,N,D,1,0,0,0,22107.0,2,36.45866394042969,-119.43299865722656,2
2020,2020-07-17,2350,7,2,23,5,N,A,N,A,H,D,D,22,E,01,E,,,,,I,Y,N,D,1,0,0,0,23152.0,1,36.21087646484375,-119.23970794677734,3
2020,2020-07-22,2135,7,2,21,3,Y,A,Y,A,H,D,A,01,,09,D,,,,,C,N,N,A,1,0,0,0,21802.0,2,36.39936065673828,-119.16946411132812,3
2020,2020-07-21,1405,7,2,14,2,N,A,N,A,H,A,A,01,S,09,B,,,,,C,Y,N,D,3,0,0,0,21804.0,2,,,3
2020,2020-07-14,333,7,2,3,2,N,A,Y,A,H,C,A,01,S,08,B,,,,Y,C,Y,N,D,1,0,0,0,22107.0,2,36.34789276123047,-119.42520904541016,2
2020,2020-07-23,1820,7,2,18,4,N,A,N,A,H,A,A,01,N,08,E,,,,,I,Y,N,D,1,0,0,0,22107.0,1,,,3
2020,2020-07-23,1345,7,2,13,4,N,A,N,A,H,A,I,11,E,07,B,,,,,C,N,N,D,1,0,0,0,21658.0,2,,,4
2020,2020-07-16,1150,7,2,11,4,N,A,Y,A,H,A,D,22,W,08,E,,,,,I,Y,N,D,1,0,0,0,22107.0,1,36.327178955078125,-119.37203979492188,4
2020,2020-07-15,1327,7,2,13,3,Y,A,N,A,H,A,A,01,,09,A,,,,,C,Y,N,A,5,0,0,0,21802.0,2,,,3
2020,2020-07-18,925,7,2,9,6,Y,A,N,A,H,A,D,22,,09,D,,,,,C,Y,N,A,3,0,0,0,21802.0,2,36.25468063354492,-119.49250793457033,2
2020,2020-07-21,1554,7,2,15,2,N,A,Y,A,H,A,A,01,W,03,E,,,,,I,Y,N,D,2,0,0,0,22350.0,1,36.40975570678711,-118.9455337524414,3
2020,2020-07-11,914,7,2,9,6,Y,A,N,A,H,A,D,22,,09,D,,Y,,,G,N,N,A,1,0,1,0,21802.0,2,36.32912826538086,-119.24742126464844,3
2020,2020-07-17,1600,7,2,16,5,Y,A,N,A,H,A,D,22,,12,D,,,,,C,Y,N,A,1,0,0,0,21453.0,2,36.331050872802734,-119.29344940185548,4
2020,2020-07-18,1210,7,2,12,6,Y,A,N,A,H,A,A,07,,09,D,,,,,C,Y,N,A,3,0,0,0,21801.0,2,36.30717086791992,-119.33161163330078,3
2020,2020-07-19,1352,7,2,13,7,Y,A,N,A,H,A,A,01,,12,D,,,,,C,Y,N,A,1,0,0,0,21453.0,2,36.32646179199219,-119.30106353759766,3
2020,2020-07-27,1208,7,2,12,1,Y,A,N,A,H,A,A,01,,12,D,,,,,C,Y,N,A,1,0,0,0,21453.0,2,,,4
2020,2020-07-27,440,7,2,4,1,Y,A,N,A,H,D,A,01,,12,D,,,,,C,Y,N,A,1,0,0,0,22450.0,2,36.03678131103516,-119.10746002197266,4
2020,2020-07-20,520,7,2,5,1,Y,A,N,A,H,B,A,01,,09,D,,,,,C,Y,N,D,3,0,0,0,21801.0,2,35.89191055297852,-119.25041961669922,4
2020,2020-07-16,2346,7,2,23,4,N,A,N,A,H,D,A,07,S,03,C,,,,,C,N,F,A,1,0,0,0,22350.0,2,,,4
2020,2020-07-22,1235,7,2,12,3,N,A,Y,A,H,A,D,22,W,09,D,,,,,C,Y,N,D,1,0,0,0,21801.0,3,36.0512809753418,-119.30917358398438,3
2020,2020-07-23,1825,7,2,18,4,Y,A,N,A,H,A,A,01,,12,A,,,,,C,Y,N,A,2,0,0,0,22450.0,2,36.3856201171875,-119.27881622314452,4
2020,2020-07-18,1155,7,2,11,6,N,A,Y,A,H,A,A,01,W,03,C,,,,,C,Y,N,D,1,0,0,0,22350.0,4,36.379932403564446,-119.02635955810548,4
2020,2020-07-22,528,7,2,5,3,Y,A,N,A,H,A,A,01,,09,A,,,,,C,Y,N,A,1,0,0,0,21802.0,3,36.022560119628906,-119.14351654052734,4
2020,2020-07-22,10,7,2,0,3,N,A,Y,A,H,D,A,07,W,01,E,,,,,I,Y,N,D,1,0,0,0,23152.0,1,36.39801025390625,-119.17224884033205,3
2020,2020-07-24,2006,7,2,20,5,N,A,N,A,H,C,A,01,W,09,D,,,,,C,Y,N,D,3,0,0,0,21801.0,2,36.53028106689453,-119.29213714599608,4
2020,2020-07-24,1355,7,2,13,5,N,A,Y,A,H,A,A,01,E,04,C,,,,,C,Y,N,D,2,0,0,0,21703.0,3,36.32691192626953,-119.28624725341795,4
2020,2020-07-10,1455,7,2,14,5,N,A,Y,A,H,A,A,01,E,08,E,,,,,I,Y,N,D,0,0,0,0,22107.0,1,36.10056686401367,-118.83457946777344,1
2020,2020-07-24,1625,7,2,16,5,N,A,Y,A,H,A,D,22,S,03,C,,,,Y,C,Y,N,D,2,0,0,0,22350.0,2,36.22886657714844,-119.3371353149414,4
2020,2020-07-25,1646,7,2,16,6,Y,A,N,A,H,A,A,01,,09,D,,,,,C,Y,N,A,1,0,0,0,21802.0,2,,,3
2020,2020-07-25,1110,7,2,11,6,N,A,Y,A,H,A,A,07,N,08,F,,,,,A,Y,N,D,1,0,0,0,22107.0,1,36.089111328125,-119.3209991455078,3
2020,2020-07-25,1435,7,2,14,6,Y,A,Y,A,H,A,A,07,,09,D,,,,,C,Y,N,D,2,0,0,0,21801.0,2,36.38559722900391,-119.19782257080078,4
2020,2020-06-29,1259,6,2,12,1,Y,A,Y,A,H,A,C,02,,17,C,,,Y,,C,Y,N,A,1,0,0,0,22109.0,2,36.32715606689453,-119.38571166992188,4
2020,2020-06-25,2211,6,2,22,4,N,A,N,A,H,C,A,01,N,01,D,,Y,,,G,N,N,A,1,0,1,0,23152.0,2,36.32737350463867,-119.29656982421876,4
2020,2020-05-15,1341,5,1,13,5,Y,A,N,A,H,A,A,07,,09,D,,,,,C,Y,N,A,1,0,0,0,21802.0,2,36.291400909423835,-119.32234191894533,4
2020,2020-06-20,1118,6,2,11,6,Y,A,N,A,H,A,D,22,,03,D,,,,,C,Y,N,D,1,0,0,0,22350.0,2,36.31647109985352,-119.29206085205078,4
2020,2020-07-05,2132,7,2,21,7,Y,A,N,A,H,C,D,22,,09,A,,,Y,,C,Y,N,A,1,0,0,1,21801.0,2,36.31264114379882,-119.26956176757812,3
2020,2020-07-24,1440,7,2,14,5,N,A,N,A,H,A,A,01,N,08,E,,,,,I,Y,N,D,5,0,0,0,22107.0,1,,,3
2020,2020-07-21,1204,7,2,12,2,Y,A,N,A,H,A,A,01,,09,D,,,,,C,Y,N,A,1,0,0,0,21802.0,2,36.45302963256836,-119.48893737792967,4
2020,2020-07-25,1055,7,2,10,6,N,A,Y,A,H,A,A,01,S,03,C,,,,,C,Y,N,D,1,0,0,0,22350.0,2,35.96731185913086,-119.29116058349608,4
2020,2020-07-26,2150,7,2,21,7,N,A,N,A,H,C,A,01,S,05,B,,,,,C,Y,M,D,1,0,0,0,21460.0,2,36.18180084228516,-119.0100326538086,3
2020,2020-07-26,535,7,2,5,7,N,A,N,A,A,B,A,01,E,08,F,,,,,A,Y,N,D,1,0,0,0,22107.0,1,36.065555572509766,-119.38983917236328,3
2020,2020-06-20,1646,6,2,16,6,N,A,N,A,H,A,A,01,S,09,D,,,Y,,C,Y,N,D,0,0,0,0,21801.0,2,36.554214477539055,-119.34950256347656,1
2020,2020-07-26,1345,7,2,13,7,Y,A,N,A,H,A,A,07,,09,D,,,,,C,Y,N,A,2,0,0,0,21802.0,2,36.37092208862305,-119.29698181152344,4
2020,2020-07-22,123,7,2,1,3,N,A,Y,A,H,D,A,07,S,08,F,,,,,A,Y,N,D,1,0,0,0,22107.0,1,36.25675582885742,-119.35763549804688,2
2020,2020-07-23,1300,7,2,13,4,N,A,N,A,G,A,A,01,N,01,E,,,,,I,Y,N,D,1,0,0,0,23152.0,1,35.89311218261719,-119.0715560913086,3
2020,2020-07-25,2157,7,2,21,6,N,A,N,A,H,D,A,01,W,08,B,,Y,,,G,N,F,D,1,0,1,0,22107.0,2,,,3
2020,2020-08-02,1050,8,2,10,7,Y,A,N,A,H,A,A,07,,09,D,,,,,C,N,N,D,1,0,0,0,21804.0,2,36.054969787597656,-118.98607635498048,4
2020,2020-07-25,630,7,2,6,6,N,A,N,A,H,A,A,01,W,08,D,,,,,C,Y,N,D,2,0,0,0,22107.0,2,,,4
2020,2020-07-28,445,7,2,4,2,N,A,N,A,H,D,A,07,S,08,E,,,,,I,Y,N,D,1,0,0,0,22107.0,1,36.55490112304688,-119.43048095703124,4
2020,2020-07-26,2216,7,2,22,7,Y,A,N,A,H,C,A,07,,01,E,,,,,I,Y,M,A,1,0,0,0,23152.0,1,36.32662963867188,-119.33177185058594,3
2020,2020-07-26,425,7,2,4,7,N,A,N,A,H,D,A,01,N,08,F,,,,,I,Y,N,D,1,0,0,0,22107.0,1,,,2
2020,2020-07-28,430,7,2,4,2,N,A,N,A,H,D,A,01,E,01,C,,,,,C,Y,N,D,2,0,0,0,23152.0,2,,,3
2020,2020-07-23,829,7,2,8,4,Y,A,Y,A,H,A,A,01,,12,D,,,,,D,Y,N,A,2,0,0,0,22450.0,2,36.05120849609375,-119.10755920410156,2
2020,2020-07-29,610,7,2,6,3,N,A,Y,A,H,B,D,22,N,03,C,,,,Y,C,Y,N,D,1,0,0,0,22350.0,3,36.185489654541016,-119.32847595214844,3
2020,2020-07-14,1007,7,2,10,2,N,A,Y,A,H,A,-,,E,03,C,,,,,C,Y,N,A,1,0,0,0,22350.0,2,36.05158996582031,-119.0260772705078,4
2020,2020-07-15,1017,7,2,10,3,Y,A,Y,A,H,A,-,,,09,D,,,,,C,Y,N,D,5,0,0,0,21801.0,2,36.10434341430664,-119.0429458618164,4
2020,2020-07-14,531,7,2,5,2,Y,A,Y,A,H,A,-,,,09,D,,,,,C,Y,N,A,2,0,0,0,21801.0,2,36.104270935058594,-119.04315948486328,3
2020,2020-07-29,2121,7,2,21,3,N,A,N,A,H,C,A,01,E,03,D,,,,Y,C,Y,N,D,0,0,0,0,22350.0,2,,,1
2020,2020-07-26,1330,7,2,13,7,N,A,N,A,H,A,C,02,S,08,E,,,Y,,I,Y,N,D,1,0,0,1,22107.0,1,,,2
2020,2020-07-30,2155,7,2,21,4,N,A,Y,A,H,D,A,01,E,03,E,,,,,I,Y,N,D,1,0,0,0,22350.0,1,36.18180847167969,-119.05726623535156,4
2020,2020-03-02,715,3,1,7,1,Y,A,N,A,H,A,D,22,,12,D,,,,,D,Y,N,A,2,0,0,0,22450.0,2,36.5737190246582,-119.3051528930664,1
2020,2020-05-11,120,5,1,1,1,N,A,N,A,H,D,A,01,W,01,E,,,,,I,Y,N,A,0,0,0,0,23152.0,1,36.25358581542969,-119.13763427734376,1
2020,2020-07-28,1720,7,2,17,2,N,A,N,A,H,A,A,07,E,08,E,,,,,I,Y,N,D,2,0,0,0,22107.0,1,36.28489303588867,-119.060546875,3
2020,2020-07-31,655,7,2,6,5,N,A,N,A,H,A,A,01,E,03,D,,,,,C,Y,N,D,2,0,0,0,22350.0,2,36.123550415039055,-119.4254150390625,4
2020,2020-08-02,735,8,2,7,7,N,A,N,A,H,A,A,01,N,08,E,,,,,I,Y,N,D,1,0,0,0,22107.0,1,,,4
2020,2020-07-31,703,7,2,7,5,N,A,N,A,H,A,A,01,E,08,E,,,,,I,Y,N,D,1,0,0,0,22107.0,1,36.15280151367188,-119.07192230224608,4
2020,2020-08-04,1045,8,2,10,2,N,A,Y,A,H,A,A,01,N,07,B,,,,,C,Y,N,D,1,0,0,0,21658.0,2,35.841426849365234,-119.26397705078124,3
2020,2020-07-30,1950,7,2,19,4,N,A,Y,A,H,B,A,01,E,01,E,,,,,I,Y,N,D,2,0,0,0,23152.0,1,36.149208068847656,-118.75349426269533,2
2020,2020-07-28,435,7,2,4,2,N,A,N,A,H,D,-,- ,E,18,E,,,,,J,N,N,D,1,0,0,0,,1,,,4
2020,2020-07-31,120,7,2,1,5,N,A,Y,A,H,D,A,01,N,01,C,,,,,C,Y,N,D,1,0,0,0,23152.0,2,36.14548873901367,-119.32923126220705,4
2020,2020-08-02,500,8,2,5,7,N,A,Y,A,H,C,A,01,W,01,C,,,,,C,Y,N,D,3,0,0,0,23152.0,2,36.327266693115234,-119.39035034179688,2
2020,2020-07-25,2350,7,2,23,6,N,A,N,A,H,D,A,01,S,01,E,,,,,I,Y,N,D,1,0,0,0,23152.0,1,35.9342155456543,-119.28585815429688,2
2020,2020-06-10,200,6,2,2,3,N,A,Y,A,H,D,A,01,W,08,E,,,,,I,Y,F,D,3,0,0,0,22107.0,1,36.32735443115234,-119.40166473388672,1
2020,2020-08-05,1639,8,2,16,3,N,A,N,A,H,A,F,27,E,08,F,,,,Y,A,Y,N,D,1,0,0,0,22107.0,1,36.00768280029297,-119.24343872070312,4
2020,2020-08-02,2130,8,2,21,7,Y,A,N,A,H,D,A,01,,09,D,,,,,C,Y,M,A,6,0,0,0,21802.0,3,36.55973052978516,-119.34056854248048,4
2020,2020-07-31,1905,7,2,19,5,Y,A,N,A,H,A,A,07,,12,D,,,,,C,Y,N,A,2,0,0,0,22450.0,2,35.942378997802734,-119.03611755371094,2
2020,2020-07-31,2133,7,2,21,5,Y,A,Y,A,H,D,A,01,,12,D,,,,,C,Y,N,A,2,0,0,0,22450.0,2,,,4
2020,2020-08-06,2059,8,2,20,4,N,A,N,A,H,D,N,60,E,11,G,Y,,,,B,N,N,D,3,3,0,0,21956.0,4,36.29680633544922,-119.11038208007812,4
2020,2020-08-07,625,8,2,6,5,N,A,N,A,H,A,A,01,N,08,E,,,,,I,Y,N,D,1,0,0,0,22107.0,1,35.956790924072266,-119.0180892944336,4
2020,2020-08-03,755,8,2,7,1,N,A,Y,A,H,A,A,01,E,08,E,Y,,,,I,Y,N,D,1,1,0,0,22107.0,3,36.326526641845696,-119.2772979736328,2
2020,2020-08-07,1752,8,2,17,5,N,A,Y,A,H,A,A,01,W,01,E,,,,,I,Y,N,D,1,0,0,0,23152.0,1,36.32717514038086,-119.35458374023438,3
2020,2020-08-03,2050,8,2,20,1,N,A,N,A,H,B,A,07,W,01,E,,,,,I,Y,N,D,1,0,0,0,23152.0,1,36.00053405761719,-118.98988342285156,2
2020,2020-07-31,2200,7,2,22,5,Y,A,Y,A,H,C,A,01,,09,D,,,,,C,Y,N,A,1,0,0,0,21802.0,2,36.27531051635742,-119.13622283935548,4
2020,2020-08-10,2335,8,2,23,1,N,A,N,A,H,D,A,01,S,08,E,,,,,I,Y,N,D,1,0,0,0,22107.0,1,,,4
2020,2020-07-24,1935,7,2,19,5,Y,A,N,A,H,A,A,01,,01,D,,,,,C,Y,N,A,1,0,0,0,23152.0,2,36.48844146728516,-119.44880676269533,3
2020,2020-08-04,1030,8,2,10,2,N,A,Y,A,H,A,A,01,N,08,E,,,,,I,Y,N,D,1,0,0,0,22107.0,1,35.973289489746094,-119.29296875,3
2020,2020-08-04,1120,8,2,11,2,N,A,Y,A,H,A,D,22,W,03,C,,,,,C,Y,N,D,1,0,0,0,22350.0,2,36.0512809753418,-119.3091278076172,4
2020,2020-08-03,500,8,2,5,1,N,A,N,A,H,D,D,22,E,03,B,,,,,C,Y,N,D,1,0,0,0,22350.0,2,36.48830032348633,-119.43722534179688,3
2020,2020-08-06,445,8,2,4,4,N,A,N,A,H,D,D,22,N,08,F,,,,,A,Y,N,D,1,0,0,0,22107.0,1,,,4
2020,2020-08-08,1940,8,2,19,6,N,A,N,A,H,A,A,01,N,01,E,,,,,I,Y,N,D,1,0,0,0,23152.0,1,36.185596466064446,-119.02799224853516,4
2020,2020-07-07,1315,7,2,13,2,Y,A,N,A,H,A,D,22,,12,D,,,,,C,,N,A,2,0,0,0,21453.0,2,36.06597900390625,-119.0351791381836,4
2020,2020-07-07,1348,7,2,13,2,N,A,N,A,H,A,D,22,W,03,C,,,,,C,Y,N,A,1,0,0,0,22350.0,2,36.0660285949707,-119.03825378417967,4
2020,2020-07-04,1658,7,2,16,6,N,A,N,A,A,A,A,01,E,03,E,,,,,I,Y,N,D,3,0,0,0,22350.0,1,36.043899536132805,-118.97897338867188,3
2020,2020-07-04,1832,7,2,18,6,Y,A,N,A,H,A,D,22,,10,G,Y,,,,B,N,N,A,1,1,0,0,21950.0,2,36.08042144775391,-119.0439682006836,4
2020,2020-08-14,820,8,2,8,5,N,A,Y,A,H,A,D,22,S,03,C,,,,,C,N,N,A,1,0,0,0,22350.0,2,36.14543914794922,-119.07212066650392,4
2020,2020-08-15,1600,8,2,16,6,N,A,N,A,H,A,D,22,N,08,E,,,,,I,Y,N,D,1,0,0,0,22107.0,1,,,4
2020,2020-08-08,505,8,2,5,6,N,A,N,A,H,D,A,01,W,08,E,,,,,I,Y,N,D,1,0,0,0,22107.0,1,36.06571960449219,-119.26451110839844,4
2020,2020-08-10,1519,8,2,15,1,Y,A,Y,A,H,A,A,01,,09,D,,,,,C,Y,N,A,1,0,0,0,21802.0,2,,,4
2020,2020-08-05,55,8,2,0,3,N,A,N,A,H,D,A,01,S,08,E,,,,,I,Y,N,D,1,0,0,0,22107.0,1,,,2
2020,2020-08-09,545,8,2,5,7,N,A,N,A,H,B,D,22,E,08,E,,,,,I,Y,N,D,3,0,0,0,22107.0,1,,,3
2020,2020-08-09,1057,8,2,10,7,N,A,N,A,H,A,A,01,S,08,E,,,,,I,Y,N,A,1,0,0,0,22107.0,1,,,3
2020,2020-08-10,2026,8,2,20,1,N,A,Y,A,H,D,A,01,N,03,C,,,,,C,Y,N,D,1,0,0,0,22350.0,4,36.49490737915039,-119.52711486816406,4
2020,2020-08-15,300,8,2,3,6,N,A,N,A,H,D,A,01,E,08,E,,,,,I,Y,N,D,1,0,0,0,22107.0,1,36.21096420288086,-119.50904083251952,3
2020,2020-08-08,550,8,2,5,6,Y,A,N,A,H,B,D,22,,09,D,,,,,C,Y,N,A,2,0,0,0,21801.0,2,35.89194107055664,-119.2326202392578,3
2020,2020-08-09,355,8,2,3,7,Y,A,N,A,H,D,A,01,,12,F,,,,,A,Y,N,A,1,0,0,0,22450.0,1,,,4
2020,2020-08-17,1018,8,2,10,1,N,A,Y,A,D,A,A,01,S,03,C,,,,Y,C,Y,N,A,2,0,0,0,22350.0,2,36.449810028076165,-119.29556274414062,2
2020,2020-08-11,600,8,2,6,2,N,A,N,A,H,A,M,46,W,08,D,,,,,C,Y,N,D,3,0,0,0,22107.0,2,35.877464294433594,-119.22544860839844,3
2020,2020-08-03,1900,8,2,19,1,N,A,N,A,H,B,A,01,W,03,C,,Y,,,G,N,N,D,1,0,1,0,22350.0,2,36.25376892089844,-119.15575408935548,3
2020,2020-08-05,700,8,2,7,3,N,A,Y,A,H,A,D,22,W,01,C,,,,,C,Y,N,A,1,0,0,0,23152.0,3,36.21083068847656,-119.23378753662108,4
2020,2020-08-18,728,8,2,7,2,Y,B,N,A,H,A,A,01,,09,D,,,,,C,Y,N,A,1,0,0,0,21802.0,2,36.385501861572266,-119.32315826416016,3
2020,2020-08-15,1720,8,2,17,6,N,A,Y,A,H,A,D,22,W,01,E,,,,,I,Y,N,A,1,0,0,0,23152.0,1,36.326854705810554,-119.21392059326172,3
2020,2020-08-22,430,8,2,4,6,N,A,Y,A,H,D,A,01,W,08,E,,,,,I,Y,N,D,1,0,0,0,22107.0,1,36.47219467163086,-119.15017700195312,3
2020,2020-08-16,2215,8,2,22,7,N,A,N,A,H,D,A,01,S,01,E,,,,,I,Y,N,D,1,0,0,0,23152.0,1,36.258953094482415,-119.36703491210938,3
2020,2020-08-16,2155,8,2,21,7,N,A,N,A,H,D,M,46,S,09,D,,,,,C,Y,N,D,1,0,0,0,21804.0,2,36.112083435058594,-119.23230743408205,4
2020,2020-08-19,155,8,2,1,3,N,A,Y,A,H,D,A,07,N,08,F,,,,,A,Y,N,D,1,0,0,0,22107.0,1,35.90142059326172,-119.41263580322266,2
2020,2020-08-22,1409,8,2,14,6,Y,B,Y,A,H,A,A,01,,01,D,,,,,C,Y,N,A,1,0,0,0,23152.0,2,,,3
2020,2020-08-25,835,8,2,8,2,Y,A,N,A,H,A,A,01,,09,D,,,,,C,Y,N,A,1,0,0,0,21802.0,2,36.385059356689446,-119.2180633544922,3
2020,2020-07-13,1,7,2,0,1,N,A,N,A,H,D,A,01,S,08,E,,,,Y,I,Y,N,D,0,0,0,0,22107.0,2,,,1
2020,2020-08-20,1440,8,2,14,4,N,A,Y,A,H,A,A,01,N,03,C,,,,,C,Y,N,D,2,0,0,0,22350.0,2,36.42816925048828,-118.91355895996094,3
2020,2020-08-20,550,8,2,5,4,N,A,Y,A,H,B,A,01,E,09,D,,,,,C,Y,N,A,1,0,0,0,21801.0,2,36.21100997924805,-119.2599639892578,4
2020,2020-07-29,2135,7,2,21,3,N,A,N,A,H,D,M,46,W,14,C,,,Y,,C,Y,N,D,0,0,0,0,25803.0,2,36.21077346801758,-119.4843978881836,1
2020,2020-08-18,1050,8,2,10,2,Y,A,N,A,H,A,D,22,,09,A,,,,,A,Y,N,A,1,0,0,0,21801.0,2,36.145599365234375,-119.35811614990234,4
2020,2020-08-27,2125,8,2,21,4,Y,A,N,A,H,D,D,22,,12,D,,,,,C,Y,N,A,2,0,0,0,22450.0,2,,,4
2020,2020-08-22,630,8,2,6,6,N,A,Y,A,H,B,A,07,N,01,E,,,,,I,Y,N,D,1,0,0,0,23152.0,1,35.97710037231445,-119.2953872680664,2
2020,2020-08-21,1505,8,2,15,5,Y,A,Y,A,H,A,A,01,,12,D,,,,Y,C,Y,N,A,1,0,0,0,22450.0,3,,,3