ACCIDENT_YEAR,COLLISION_DATE,COLLISION_TIME,MONTH,SEASON,24HOURS,DAY_OF_WEEK,INTERSECTION,WEATHER_1,STATE_HWY_IND,ROAD_SURFACE,ROAD_COND_1,LIGHTING,STWD_VEHTYPE_AT_FAULT,CHP_VEHTYPE_AT_FAULT,DIRECTION,PCF_VIOL_CATEGORY,TYPE_OF_COLLISION,PEDESTRIAN_ACCIDENT,BICYCLE_ACCIDENT,MOTORCYCLE_ACCIDENT,TRUCK_ACCIDENT,MVIW,TOW_AWAY,HIT_AND_RUN,CONTROL_DEVICE,NUMBER_INJURED,COUNT_PED_INJURED,COUNT_BICYCLIST_INJURED,COUNT_MC_INJURED,PCF_VIOLATION,PARTY_COUNT,POINT_Y,POINT_X,COLLISION_SEVERITY
2020,2020-09-23,1150,9,3,11,3,Y,A,N,A,H,A,A,01,,09,D,,,,,C,Y,N,A,1,0,0,0,21802.0,2,,,4
2020,2020-10-08,1205,10,3,12,4,N,A,Y,A,H,A,A,01,E,08,C,,,,,C,Y,N,D,2,0,0,0,22107.0,3,36.326942443847656,-119.30357360839844,4
2020,2020-06-26,2112,6,2,21,5,N,A,N,A,H,D,A,01,W,01,A,,,,,C,Y,N,D,3,0,0,0,23152.0,3,,,1
2020,2020-10-09,1130,10,3,11,5,N,A,N,A,H,A,A,01,N,08,E,,,,,I,Y,N,D,1,0,0,0,22107.0,1,36.17465591430664,-119.2597885131836,3
2020,2020-10-09,2114,10,3,21,5,N,A,Y,A,H,D,A,01,E,01,D,Y,,,,I,Y,N,D,2,1,0,0,23153.0,3,36.32691955566406,-119.30020141601562,3
2020,2020-10-03,1555,10,3,15,6,N,A,Y,A,H,A,D,22,E,03,C,,,,,C,Y,F,A,4,0,0,0,22350.0,2,36.32585525512695,-119.11695098876952,4
2020,2020-10-07,645,10,3,6,3,N,A,N,A,H,A,D,22,W,08,E,,,,,J,Y,N,D,1,0,0,0,22107.0,1,36.12362289428711,-119.04195404052734,4
2020,2020-10-13,35,10,3,0,2,N,A,N,A,H,D,A,01,E,01,E,,,,,I,Y,N,D,1,0,0,0,23152.0,1,36.21078872680664,-119.4157485961914,4
2020,2020-10-13,530,10,3,5,2,N,A,N,A,H,D,A,01,E,09,B,,,,,C,Y,N,D,2,0,0,0,21804.0,2,35.9498405456543,-119.13314819335938,4
2020,2020-10-02,1555,10,3,15,5,Y,A,N,A,H,A,-,- ,,00,D,,,,,C,N,N,A,1,0,0,0,,2,36.5318603515625,-119.44863891601562,4
2020,2020-09-14,1520,9,3,15,1,Y,A,N,A,H,A,A,01,,09,D,,,,,C,Y,N,A,2,0,0,0,21802.0,2,35.87746810913086,-119.21475219726562,1
2020,2020-10-06,1933,10,3,19,2,N,A,Y,A,H,D,A,07,N,08,E,,,,,I,Y,M,D,2,0,0,0,22107.0,1,36.02094268798828,-119.30529022216795,2
2020,2020-10-13,1915,10,3,19,2,N,A,N,A,H,D,A,07,N,03,C,,,,,C,Y,N,D,2,0,0,0,22350.0,2,36.26100540161133,-119.15419769287108,2
2020,2020-10-10,1300,10,3,13,6,N,A,N,A,H,A,A,08,E,03,C,,,,,C,Y,N,D,3,0,0,0,22350.0,2,36.546337,-119.463589,3
2020,2020-10-13,630,10,3,6,2,N,A,N,A,H,B,A,07,W,05,A,,,,,C,Y,N,D,3,0,0,0,21460.0,2,,,2
2020,2020-10-12,740,10,3,7,1,N,A,N,A,H,A,A,01,W,08,F,,,,,A,Y,N,D,1,0,0,0,22107.0,1,36.15277099609375,-119.17079162597656,3
2020,2020-10-01,810,10,3,8,4,N,A,Y,A,H,A,F,26,E,08,B,,,,Y,C,Y,N,D,2,0,0,0,22107.0,2,36.35231018066406,-119.04547882080078,3
2020,2020-10-14,650,10,3,6,3,Y,A,N,A,H,A,D,22,,09,D,,,,,C,Y,N,A,2,0,0,0,21802.0,2,,,3
2020,2020-10-12,1325,10,3,13,1,N,A,N,A,H,A,A,01,N,08,F,,,,,A,Y,N,D,1,0,0,0,22107.0,1,36.13079833984375,-119.07176208496094,3
2020,2020-10-12,2052,10,3,20,1,N,A,Y,A,H,D,A,01,N,01,C,,,,,C,Y,N,D,2,0,0,0,23152.0,2,36.39247894287109,-119.44883728027344,4
2020,2020-10-06,1725,10,3,17,2,N,B,N,A,H,A,A,01,S,03,C,,,,,C,N,F,D,1,0,0,0,22350.0,2,,,4
2020,2020-10-12,1807,10,3,18,1,N,A,Y,A,H,A,-,- ,N,18,H,,,,,A,Y,N,D,1,0,0,0,,1,36.36156845092773,-119.42918395996094,4
2020,2020-10-07,1500,10,3,15,3,Y,A,Y,A,H,A,A,01,,09,D,,,,,C,N,N,A,1,0,0,0,21802.0,2,36.051246643066406,-119.14305114746094,4
2020,2020-10-16,1418,10,3,14,5,Y,A,N,A,H,A,A,07,,09,D,,,,,C,Y,N,A,3,0,0,0,21802.0,2,36.15277862548828,-119.15239715576172,4
2020,2020-10-17,1920,10,3,19,6,N,A,Y,A,H,C,D,22,S,03,C,,,,,C,N,N,A,1,0,0,0,22350.0,2,36.08013916015625,-119.03880310058594,4
2020,2020-10-11,230,10,3,2,7,N,A,N,A,H,E,A,01,E,08,F,,,,,A,Y,N,A,2,0,0,0,22107.0,1,,,4
2020,2020-10-09,1650,10,3,16,5,N,A,Y,A,H,A,D,22,S,03,C,,,,,C,N,N,D,1,0,0,0,22350.0,2,36.2952995300293,-119.38331604003906,4
2020,2020-10-10,1205,10,3,12,6,N,A,N,A,H,A,E,22,E,09,A,,,,,C,Y,N,A,4,0,0,0,21802.0,2,,,4
2020,2020-10-10,1245,10,3,12,6,N,A,Y,A,H,A,A,07,S,05,A,,,Y,,C,Y,N,D,1,0,0,1,21460.0,2,36.61360931396485,-119.05463409423828,4
2020,2020-10-15,1110,10,3,11,4,N,A,Y,A,H,A,C,02,N,08,F,,,Y,,A,N,N,D,1,0,0,1,22107.0,1,,,3
2020,2020-10-16,1715,10,3,17,5,N,A,N,A,H,A,D,22,N,03,C,,,,,C,Y,N,D,1,0,0,0,22350.0,2,36.51193237304688,-119.44869995117188,4
2020,2020-10-17,740,10,3,7,6,Y,A,N,A,H,A,D,22,,12,D,,,,,C,Y,N,A,2,0,0,0,21453.0,2,36.06578826904297,-119.10749816894533,3
2020,2020-06-12,1822,6,2,18,5,N,A,Y,A,H,A,-,,,03,D,,,,,C,Y,M,D,1,0,0,0,22350.0,2,36.415542602539055,-119.09886932373048,4
2020,2020-10-15,2010,10,3,20,4,N,A,Y,A,H,D,A,07,E,03,C,,,,Y,C,Y,N,D,4,0,0,0,22350.0,2,36.21084976196289,-119.2213134765625,4
2020,2020-02-01,1246,2,4,12,6,Y,A,Y,A,H,A,-,,,09,B,,,,,C,N,N,D,2,0,0,0,21804.0,2,36.41612243652344,-119.0988540649414,4
2020,2020-05-18,1407,5,1,14,1,N,B,Y,A,H,A,-,,N,09,D,,,,,C,,N,D,1,0,0,0,21804.0,2,36.41597366333008,-119.09894561767578,4
2020,2020-10-15,1400,10,3,14,4,N,A,N,A,H,A,A,01,E,08,F,,,,,A,N,N,D,1,0,0,0,22107.0,1,,,4
2020,2020-10-13,1150,10,3,11,2,Y,A,N,A,H,A,A,01,,09,D,,,,Y,C,Y,N,A,1,0,0,0,21802.0,2,36.06575012207031,-119.23233795166016,4
2020,2020-10-19,1514,10,3,15,1,Y,A,Y,A,H,A,D,22,,12,D,,,,,C,Y,N,A,2,0,0,0,21453.0,3,36.14554214477539,-119.07217407226562,2
2020,2020-10-14,605,10,3,6,3,Y,A,N,A,H,D,A,01,,09,D,,,,,C,Y,N,D,2,0,0,0,21802.0,3,36.06575012207031,-119.23233795166016,4
2020,2020-10-13,1625,10,3,16,2,N,A,Y,A,H,A,A,07,S,08,B,,,,Y,C,Y,N,D,3,0,0,0,22107.0,3,36.41389083862305,-119.46255493164062,3
2020,2020-10-20,1600,10,3,16,2,N,A,Y,A,G,A,D,22,E,03,C,,,,,C,Y,N,D,2,0,0,0,22350.0,2,,,4
2020,2020-09-24,448,9,3,4,4,N,A,Y,A,H,C,N,60,S,11,G,Y,,,,B,Y,N,D,0,0,0,0,21954.0,2,35.961612701416016,-119.29046630859376,1
2020,2020-10-17,2043,10,3,20,6,N,B,N,A,H,D,-,- ,E,18,B,,,,,E,N,N,D,1,0,0,0,,2,,,4
2020,2020-08-28,610,8,2,6,5,N,A,N,A,H,B,A,01,N,01,E,,,,,I,Y,N,D,0,0,0,0,23152.0,2,,,1
2020,2020-10-08,1215,10,3,12,4,N,A,Y,A,H,A,A,07,E,03,C,,,,,C,Y,N,D,1,0,0,0,22350.0,3,,,4
2020,2020-10-23,1545,10,3,15,5,N,B,N,A,H,A,D,22,N,01,D,,,,,C,N,N,D,1,0,0,0,23152.0,2,36.49277114868164,-119.3374481201172,4
2020,2020-10-15,1455,10,3,14,4,N,A,Y,A,H,A,A,07,S,03,C,,,,,C,Y,N,D,3,0,0,0,22350.0,2,36.41584777832031,-119.29608154296876,2
2020,2020-10-17,1630,10,3,16,6,Y,A,N,A,H,A,A,01,,09,D,,,,,C,Y,N,A,2,0,0,0,21802.0,2,36.06570816040039,-119.19673919677734,4
2020,2020-10-19,1211,10,3,12,1,N,A,N,A,H,A,E,22,W,12,E,,,,,J,Y,F,A,1,0,0,0,22450.0,2,36.544330596923835,-119.25091552734376,3
2020,2020-10-19,630,10,3,6,1,Y,A,N,A,H,B,A,01,,09,D,,,,,C,Y,N,A,1,0,0,0,21802.0,2,35.88467025756836,-119.25038909912108,4
2020,2020-10-20,1115,10,3,11,2,N,A,Y,A,H,A,G,25,N,07,B,,,,Y,C,Y,N,D,1,0,0,0,21658.0,2,36.067344665527344,-119.31475067138672,4
2020,2020-10-20,1220,10,3,12,2,N,A,N,A,H,A,F,26,W,08,C,,,,Y,C,Y,N,A,2,0,0,0,22107.0,2,36.487499237060554,-119.36237335205078,3
2020,2020-10-22,1606,10,3,16,4,N,A,N,A,H,A,A,01,S,08,E,,,,,E,N,N,D,1,0,0,0,22107.0,2,,,4
2020,2020-10-22,1836,10,3,18,4,N,A,Y,A,H,D,N,60,S,11,G,Y,,,,B,N,N,D,1,1,0,0,21954.0,2,36.11161804199219,-119.32361602783205,4
2020,2020-10-23,1400,10,3,14,5,N,A,Y,A,H,A,D,22,S,03,C,,,,,C,Y,N,D,1,0,0,0,22350.0,2,36.261917114257805,-119.36124420166016,4
2020,2020-10-26,1420,10,3,14,1,N,A,Y,A,H,A,A,01,E,03,C,,,,,C,N,N,D,1,0,0,0,22350.0,2,36.210933685302734,-119.2552490234375,4
2020,2020-10-26,1645,10,3,16,1,N,A,Y,A,H,A,B,08,S,03,C,,,,,C,N,F,D,1,0,0,0,22350.0,4,36.3243408203125,-119.1349639892578,4
2020,2020-10-23,1345,10,3,13,5,N,B,N,A,H,A,A,01,S,08,E,,,,,I,Y,N,D,1,0,0,0,22107.0,1,,,3
2020,2020-10-24,2050,10,3,20,6,N,A,Y,A,H,D,D,22,N,01,C,,,,,C,Y,N,D,2,0,0,0,23152.0,2,36.552749633789055,-119.28699493408205,4
2020,2020-10-24,650,10,3,6,6,N,A,Y,A,H,B,A,01,S,03,C,,,,,C,Y,N,D,1,0,0,0,22350.0,2,35.970806121826165,-119.46330261230467,4
2020,2020-10-17,1800,10,3,18,6,N,A,N,A,H,B,N,60,S,11,G,Y,,,,B,N,N,D,1,1,0,0,21954.0,2,35.96100234985352,-119.04432678222656,3
2020,2020-10-20,1710,10,3,17,2,N,A,Y,A,H,A,D,22,E,03,C,,,,,C,Y,N,D,2,0,0,0,22350.0,3,36.3271484375,-119.38488006591795,2
2020,2020-10-15,820,10,3,8,4,Y,A,N,A,H,A,C,06,,12,D,,,Y,,C,N,M,A,1,0,0,1,22450.0,2,36.48871994018555,-119.49388885498048,3
2020,2020-10-13,1455,10,3,14,2,N,A,Y,A,H,A,A,01,W,08,E,,,,,I,Y,N,D,1,0,0,0,22107.0,1,36.05118560791016,-119.09546661376952,4
2020,2020-07-02,1709,7,2,17,4,N,A,N,A,H,A,A,01,W,05,B,,,,,C,Y,N,D,2,0,0,0,21651.0,3,,,4
2020,2020-07-01,1444,7,2,14,3,N,A,N,A,H,A,A,01,E,03,C,,,,,C,Y,N,A,2,0,0,0,22350.0,3,36.32642364501953,-119.29327392578124,3
2020,2020-06-26,1353,6,2,13,5,Y,A,N,A,H,A,C,02,,03,F,,,Y,,A,N,N,A,1,0,0,1,22350.0,1,36.33102035522461,-119.30220794677734,3
2020,2020-06-23,1606,6,2,16,2,Y,A,N,A,H,A,A,01,,12,D,,,,,C,Y,N,A,2,0,0,0,21453.0,2,36.33464813232422,-119.30879974365234,3
2020,2020-06-18,2116,6,2,21,4,Y,A,N,A,H,C,A,01,,12,A,,,,,C,Y,N,A,2,0,0,0,21453.0,2,36.31275939941406,-119.3496322631836,4
2020,2020-06-21,1308,6,2,13,7,Y,A,N,A,H,A,A,01,,03,A,,,,,I,Y,F,A,2,0,0,0,22350.0,1,36.331050872802734,-119.34169006347656,4
2020,2020-06-16,1150,6,2,11,2,Y,A,N,A,H,A,A,01,,12,D,,,,,C,Y,N,A,1,0,0,0,21453.0,2,36.32683181762695,-119.32575225830078,4
2020,2020-10-22,1002,10,3,10,4,Y,A,N,A,H,A,A,01,,09,D,,,,,C,Y,N,A,1,0,0,0,21802.0,2,36.15279006958008,-119.06289672851562,4
2020,2020-10-18,430,10,3,4,7,N,A,N,A,H,D,A,01,W,08,E,,,,,I,Y,N,D,5,0,0,0,22107.0,2,36.2547721862793,-119.24796295166016,3
2020,2020-10-03,1540,10,3,15,6,Y,A,Y,A,H,A,A,01,,03,C,,,,Y,C,Y,N,D,1,0,0,0,22350.0,2,35.99324035644531,-119.04608917236328,4
2020,2020-10-20,1040,10,3,10,2,N,A,Y,A,H,A,A,01,N,03,D,,,,Y,C,Y,N,D,2,0,0,0,22350.0,2,35.97419738769531,-119.29312133789062,2
2020,2020-10-22,805,10,3,8,4,N,A,Y,A,H,A,A,01,S,08,B,,,,,C,Y,N,D,2,0,0,0,22107.0,2,35.92632293701172,-119.28194427490234,2
2020,2020-10-23,2325,10,3,23,5,N,A,Y,A,H,D,A,01,N,08,E,,,,,I,Y,N,D,1,0,0,0,22107.0,1,35.79237747192383,-119.25238037109376,4
2020,2020-10-21,2030,10,3,20,3,N,A,N,A,H,D,N,60,S,11,G,Y,,,,B,N,N,D,1,1,0,0,21954.0,2,35.882328033447266,-119.27963256835938,2
2020,2020-10-23,835,10,3,8,5,N,A,N,A,H,A,A,07,E,01,E,,,,,I,Y,N,D,1,0,0,0,23152.0,1,,,3
2020,2020-10-25,1200,10,3,12,7,Y,A,Y,A,H,A,D,22,,09,D,,,,,C,Y,N,A,4,0,0,0,21802.0,4,36.25358963012695,-119.13639068603516,3
2020,2020-10-22,1650,10,3,16,4,N,A,N,A,H,A,L,04,N,05,D,,Y,,,G,N,M,A,2,0,2,0,21650.0,3,36.52799987792969,-119.29572296142578,3
2020,2020-10-28,2050,10,3,20,3,N,A,Y,A,H,D,A,01,W,08,E,,,,,I,Y,N,D,1,0,0,0,22107.0,1,36.21073532104492,-119.20565032958984,4
2020,2020-10-30,1915,10,3,19,5,Y,A,N,A,H,C,A,01,,12,D,,,,,C,Y,N,A,2,0,0,0,22450.0,2,36.503711700439446,-119.18724822998048,4
2020,2020-11-01,805,11,3,8,7,Y,A,N,A,H,A,A,01,,12,E,,,,,I,Y,N,A,1,0,0,0,22450.0,1,36.02228927612305,-118.99521636962892,3
2020,2020-11-01,1132,11,3,11,7,Y,A,Y,A,H,A,A,01,,08,E,,,,,I,N,N,D,1,0,0,0,22107.0,1,36.349117279052734,-119.22057342529295,4
2020,2020-10-23,1430,10,3,14,5,N,A,Y,A,H,A,E,22,S,03,C,,,,,C,Y,N,D,5,0,0,0,22350.0,3,36.23343276977539,-119.34053802490234,4
2020,2020-10-27,1815,10,3,18,2,N,A,N,A,H,D,A,01,E,08,B,,,,,C,Y,N,D,4,0,0,0,22107.0,2,,,4
2020,2020-10-30,2100,10,3,21,5,N,A,Y,A,H,D,C,02,W,01,E,,,Y,,A,Y,N,D,1,0,0,1,23152.0,1,36.47591018676758,-118.84579467773438,2
2020,2020-10-31,1350,10,3,13,6,N,A,Y,A,H,A,A,01,S,06,E,,,,,I,Y,N,D,1,0,0,0,21755.0,2,36.09326934814453,-119.32211303710938,2
2020,2020-10-12,48,10,3,0,1,N,A,N,A,H,C,A,07,W,01,E,,,,,I,Y,N,D,0,0,0,0,23152.0,1,,,1
2020,2020-10-23,2140,10,3,21,5,Y,A,Y,A,H,C,A,01,,09,B,,,,,C,N,N,A,1,0,0,0,21453.0,2,36.2694091796875,-119.31324005126952,4
2020,2020-10-30,2045,10,3,20,5,N,A,N,A,H,D,A,01,S,01,E,,,,,I,Y,N,D,1,0,0,0,23152.0,1,36.13970565795898,-119.0000457763672,2
2020,2020-11-03,815,11,3,8,2,Y,A,N,A,H,A,A,01,,03,C,,,,,C,Y,N,D,1,0,0,0,22350.0,3,36.10927963256836,-119.07121276855467,2
2020,2020-10-28,1205,10,3,12,3,N,A,Y,A,H,A,D,22,E,08,E,,,,,I,N,N,D,1,0,0,0,22107.0,1,36.326614379882805,-119.17935943603516,4
2020,2020-11-02,650,11,3,6,1,N,A,Y,A,H,A,A,01,N,03,C,,,,,C,Y,N,D,2,0,0,0,22350.0,2,36.34735870361328,-119.08963775634766,4
2020,2020-10-28,555,10,3,5,3,Y,A,N,A,H,D,D,22,,09,D,,,,,D,N,N,A,1,0,0,0,21802.0,2,,,4
2020,2020-10-28,654,10,3,6,3,N,A,N,A,H,D,A,01,W,09,D,,,,,C,Y,N,D,4,0,0,0,21801.0,3,,,4
2020,2020-11-01,1550,11,3,15,7,N,A,N,A,H,A,A,01,N,05,B,,,,,C,Y,N,D,1,0,0,0,21650.0,2,,,4
2020,2020-11-03,1700,11,3,17,2,N,A,N,A,H,B,A,01,W,03,C,,,,,C,Y,N,D,1,0,0,0,22350.0,3,,,4
2020,2020-11-06,1742,11,3,17,5,Y,A,N,A,H,D,A,01,,12,D,,,,,C,Y,N,A,1,0,0,0,21453.0,2,36.05844879150391,-118.99958801269533,4
2020,2020-11-04,1725,11,3,17,3,N,A,Y,A,H,D,A,07,S,08,E,,,,,I,Y,N,D,1,0,0,0,22107.0,1,36.345306396484375,-119.42303466796876,3
2020,2020-11-07,1933,11,3,19,6,N,A,Y,A,H,D,-,- ,S,08,B,,,,,C,Y,N,D,1,0,0,0,22107.0,2,36.09740447998047,-119.32257843017578,2
2020,2020-11-07,615,11,3,6,6,N,B,N,B,H,B,A,01,E,03,E,,,,,I,Y,N,D,1,0,0,0,22350.0,1,36.2256965637207,-119.25259399414062,3
2020,2020-11-08,1645,11,3,16,7,N,B,Y,B,H,B,A,01,N,10,D,Y,,,,B,N,N,A,1,1,0,0,21950.0,2,36.53939056396485,-119.286865234375,4
2020,2020-10-13,2102,10,3,21,2,N,B,Y,A,H,C,A,01,S,01,D,,,,Y,C,Y,N,D,0,0,0,0,23152.0,2,36.2219352722168,-119.33238220214844,1
2020,2020-11-07,1655,11,3,16,6,Y,A,N,A,H,B,A,01,,09,D,,,,,C,Y,N,D,1,0,0,0,21801.0,2,36.219688415527344,-119.13638305664062,4
2020,2020-11-09,820,11,3,8,1,N,A,N,A,H,A,F,26,E,08,E,,,,Y,I,Y,N,D,1,0,0,0,22107.0,1,35.8919792175293,-119.21467590332033,4
2020,2020-10-28,1055,10,3,10,3,N,A,Y,A,H,A,A,07,E,03,C,,,,,C,Y,N,D,2,0,0,0,22350.0,2,36.21076965332031,-119.19862365722656,4
2020,2020-11-07,1455,11,3,14,6,N,B,N,B,H,A,A,01,N,01,E,,,,,I,Y,N,A,1,0,0,0,23152.0,1,,,2
2020,2020-10-22,2237,10,3,22,4,N,A,Y,A,H,D,A,01,S,03,D,,,,,C,Y,N,D,2,0,0,0,22350.0,2,36.44189834594727,-119.48139190673828,3
2020,2020-11-07,955,11,3,9,6,Y,B,N,B,H,A,D,22,,09,D,,,,,C,Y,N,A,1,0,0,0,21802.0,2,36.022220611572266,-119.03555297851562,4
2020,2020-11-07,510,11,3,5,6,N,B,Y,A,H,D,G,25,N,03,C,,,,Y,C,N,N,D,1,0,0,0,22350.0,2,36.27141189575195,-119.36756134033205,4
2020,2020-11-10,952,11,3,9,2,N,A,Y,A,H,A,D,22,N,09,B,,,,,C,Y,N,D,1,0,0,0,21804.0,2,,,4
2020,2020-11-04,1535,11,3,15,3,N,A,N,A,H,A,A,01,S,03,C,,,,Y,C,Y,N,D,1,0,0,0,22350.0,2,,,4
2019,2019-03-18,1830,3,1,18,1,N,A,Y,A,H,A,F,26,E,21,C,,,,Y,C,Y,N,D,2,0,0,0,22106.0,2,36.41374969482422,-119.1170654296875,4
2020,2020-10-16,2238,10,3,22,5,Y,A,N,A,H,C,L,04,,12,D,,Y,Y,,G,N,F,A,0,0,0,0,21453.0,2,36.06584167480469,-119.05299377441406,1
2020,2020-11-06,18,11,3,0,5,N,A,N,B,H,D,A,01,S,08,E,,,,,I,Y,N,D,1,0,0,0,22107.0,1,36.13655853271485,-119.13427734375,2
2020,2020-11-11,1550,11,3,15,3,Y,A,N,A,H,A,A,01,,09,D,,,,,C,Y,N,A,1,0,0,0,21802.0,2,36.02228927612305,-119.10746002197266,4
2020,2020-11-06,441,11,3,4,5,N,A,Y,A,H,D,-,- ,S,18,D,,,,,C,Y,N,D,1,0,0,0,,2,35.970611572265625,-119.29215240478516,3
2020,2020-11-12,530,11,3,5,4,Y,A,N,A,H,B,D,22,,12,D,,,,,C,Y,N,A,1,0,0,0,22450.0,2,35.891849517822266,-119.1436767578125,4
2020,2020-11-14,1030,11,3,10,6,N,A,Y,A,H,A,A,07,N,03,C,,,,,C,N,N,A,1,0,0,0,22350.0,2,36.066139221191406,-119.04006958007812,4
2020,2020-11-13,1545,11,3,15,5,N,A,N,A,H,A,A,07,N,03,C,,,,,C,Y,N,D,1,0,0,0,22350.0,3,,,4
2020,2020-11-12,1625,11,3,16,4,Y,A,Y,A,H,B,D,22,,09,D,,,,,C,N,N,A,1,0,0,0,21802.0,2,,,3
2020,2020-11-11,440,11,3,4,3,N,A,N,A,H,D,A,01,N,08,E,,,,,I,Y,N,D,1,0,0,0,22107.0,1,36.14596176147461,-119.00019073486328,4
2020,2020-11-09,1738,11,3,17,1,N,B,N,A,H,D,A,07,W,09,D,,,,,C,Y,N,D,1,0,0,0,21804.0,2,36.058292388916016,-118.99525451660156,4
2020,2020-11-14,1452,11,3,14,6,N,A,Y,A,H,A,C,02,W,03,D,,,Y,,C,Y,N,D,2,0,0,2,22350.0,2,36.41465759277344,-118.92520904541016,2
2020,2020-11-15,1533,11,3,15,7,N,A,N,A,H,A,D,22,W,03,D,,Y,,,G,N,N,D,1,0,1,0,22350.0,2,36.525821685791016,-119.28726959228516,3
2020,2020-11-09,1430,11,3,14,1,N,A,Y,A,H,A,C,02,S,08,F,,,Y,,A,Y,N,D,1,0,0,1,22107.0,1,36.483619689941406,-119.50938415527344,4
2020,2020-11-17,1610,11,3,16,2,N,A,N,A,H,A,A,01,W,08,E,,,,,I,Y,N,D,2,0,0,0,22107.0,1,36.2540397644043,-119.18643188476562,2
2020,2020-11-16,923,11,3,9,1,N,A,N,A,H,A,A,07,W,03,C,,,,Y,C,Y,N,D,1,0,0,0,22350.0,2,36.298046112060554,-119.3923568725586,4
2020,2020-11-09,1730,11,3,17,1,Y,A,N,A,H,D,A,07,,09,D,,,,,C,Y,N,A,4,0,0,0,21802.0,2,36.17457962036133,-119.02773284912108,2
2020,2020-11-11,1535,11,3,15,3,N,B,Y,A,H,A,A,07,N,08,B,,,,,C,Y,N,D,1,0,0,0,22107.0,2,35.849891662597656,-119.2660903930664,4
2020,2020-11-13,1745,11,3,17,5,N,B,Y,A,H,D,A,07,E,01,B,,,,,C,Y,N,D,4,0,0,0,23152.0,3,36.32638549804688,-119.27553558349608,2
2020,2020-11-15,1600,11,3,16,7,N,A,Y,A,H,A,D,22,N,03,C,,,,,C,N,N,A,2,0,0,0,22350.0,2,36.21094512939453,-119.2334213256836,4
2020,2020-11-13,645,11,3,6,5,N,A,N,A,H,A,A,07,S,08,F,,,,,I,Y,N,D,1,0,0,0,22107.0,1,36.37120056152344,-119.0477294921875,4
2020,2020-11-14,623,11,3,6,6,Y,A,Y,A,H,A,A,01,,03,D,,,,,C,Y,N,D,1,0,0,0,22350.0,2,36.20347595214844,-119.42112731933594,4
2020,2020-11-14,1625,11,3,16,6,Y,A,Y,A,H,A,A,01,,09,A,,,,,C,Y,N,D,1,0,0,0,21801.0,2,,,2
2020,2020-11-17,2240,11,3,22,2,Y,B,N,A,H,D,A,01,,05,B,,,,,C,Y,N,A,1,0,0,0,21752.0,2,36.1527214050293,-119.29532623291016,4
2020,2020-11-16,1900,11,3,19,1,Y,A,N,A,H,C,A,01,,12,D,,,,,C,Y,N,A,2,0,0,0,21453.0,2,,,4
2020,2020-07-14,650,7,2,6,2,Y,A,N,A,H,A,A,01,,12,D,,,,,C,Y,N,A,1,0,0,0,21453.0,3,,,4
2020,2020-07-11,753,7,2,7,6,N,A,N,A,H,A,A,01,W,05,E,,,,,I,Y,N,A,1,0,0,0,21650.0,1,,,3
2020,2020-07-09,1536,7,2,15,4,Y,A,N,A,H,A,A,01,,03,D,,,,,C,N,N,A,2,0,0,0,22350.0,2,36.29502868652344,-119.33792114257812,3
2020,2020-07-09,528,7,2,5,4,N,A,N,A,H,B,A,01,N,01,E,,,,,I,Y,N,A,1,0,0,0,23152.0,1,36.296512603759766,-119.3404541015625,3
2020,2020-07-07,1533,7,2,15,2,Y,A,N,A,H,A,A,01,,17,D,,,,,C,Y,N,A,1,0,0,0,21461.0,2,36.33449172973633,-119.34986114501952,4
2020,2020-07-07,1214,7,2,12,2,Y,A,N,A,H,A,L,04,,05,D,,Y,,,G,N,N,A,1,0,1,0,21650.0,2,36.35097885131836,-119.28321075439452,3
2020,2020-07-05,1743,7,2,17,7,Y,A,N,A,H,A,A,07,,17,A,,,,,C,Y,N,A,1,0,0,0,21451.0,2,36.32649993896485,-119.30545806884766,3
2020,2020-07-04,103,7,2,1,6,N,A,N,A,H,C,A,01,N,03,F,,,,,I,Y,N,D,1,0,0,0,22348.0,1,36.363380432128906,-119.39467620849608,2
2020,2020-07-25,1341,7,2,13,6,Y,A,N,A,H,A,A,01,,12,D,,,,,C,N,M,D,1,0,0,0,22450.0,2,36.320068359375,-119.29331970214844,4
2020,2020-07-18,343,7,2,3,6,Y,A,N,A,H,C,A,01,,05,E,,,,,I,Y,N,D,1,0,0,0,21650.0,1,36.29814910888672,-119.28936004638672,3
2020,2020-07-17,1931,7,2,19,5,N,A,N,A,H,A,A,01,E,08,E,,,,,I,Y,N,D,1,0,0,0,22107.0,1,36.3344612121582,-119.34888458251952,3
2020,2020-07-16,659,7,2,6,4,N,A,N,A,H,A,A,01,S,03,C,,,,,C,Y,N,A,3,0,0,0,22350.0,2,36.315696716308594,-119.29204559326172,4
2020,2020-11-10,1723,11,3,17,2,Y,A,N,A,H,C,A,01,,09,D,,,,,C,Y,N,A,1,0,0,0,21802.0,2,36.26163864135742,-119.4211883544922,2